meal_type,day_of_week,menu_popularity_score,holiday_flag,exam_period_flag,total_registered_students,current_bookings,last_7_day_avg_attendance,actual_attendance
lunch,6,4.23,0,0,225,172,169.1,166
dinner,3,4.45,0,0,150,144,144.2,124
dinner,1,5.27,0,1,200,188,204.9,190
lunch,4,6.4,0,0,250,233,227.5,221
breakfast,5,6.14,1,0,150,55,49.3,53
breakfast,2,1.35,0,0,200,159,134.5,152
breakfast,2,7.76,0,0,200,169,174.6,173
dinner,2,9.54,0,0,225,222,225.0,210
lunch,6,4.14,0,0,200,164,142.4,149
dinner,5,2.62,0,0,225,159,177.0,164
breakfast,0,5.86,0,0,225,186,163.1,184
dinner,5,7.34,0,0,200,162,149.3,160
dinner,0,7.11,0,1,200,176,191.7,190
breakfast,2,6.51,0,0,175,128,128.9,143
breakfast,3,2.32,0,0,200,149,160.6,141
breakfast,3,8.53,0,0,200,164,151.6,165
breakfast,0,4.83,0,0,175,122,127.3,143
lunch,2,2.99,0,0,200,184,176.5,181
lunch,5,1.78,0,0,200,152,155.4,151
breakfast,3,4.75,0,0,150,124,104.9,116
lunch,0,6.56,0,0,250,231,240.2,245
breakfast,5,6.99,0,0,225,158,135.9,161
breakfast,2,9.66,0,0,150,127,113.3,124
lunch,1,2.38,0,0,250,214,203.4,228
lunch,2,9.87,0,0,250,226,234.4,233
dinner,6,6.89,0,0,150,103,111.2,120
breakfast,2,5.09,1,0,175,93,80.0,87
lunch,5,8.99,0,0,225,196,185.3,177
lunch,5,7.25,0,0,250,207,200.0,205
breakfast,4,4.14,0,0,225,169,159.9,162
lunch,4,8.96,0,0,175,153,148.1,162
breakfast,5,7.0,0,0,150,93,107.0,94
breakfast,5,7.29,0,0,200,138,135.5,132
dinner,1,9.07,0,0,150,134,128.6,138
dinner,1,5.04,0,0,175,172,150.8,161
dinner,2,6.91,0,0,200,179,192.1,184
breakfast,6,7.7,0,0,200,135,136.7,133
breakfast,3,5.09,0,0,200,168,159.9,151
dinner,6,1.75,0,0,250,179,183.7,172
lunch,1,7.94,0,0,175,164,165.9,166
breakfast,2,1.43,0,0,200,151,139.7,144
lunch,6,7.46,0,0,200,148,151.3,155
breakfast,0,9.2,0,0,200,180,165.0,169
dinner,4,4.12,0,1,225,212,187.7,210
breakfast,6,1.92,0,0,225,145,139.7,128
lunch,3,3.1,0,0,200,164,184.3,170
breakfast,2,6.06,0,0,225,170,193.7,178
lunch,6,9.48,0,0,150,114,118.5,122
lunch,5,5.61,0,0,175,151,146.5,147
breakfast,0,2.01,0,0,200,163,155.4,152
dinner,4,6.65,0,0,250,208,229.2,219
dinner,0,7.6,0,0,200,199,191.3,190
dinner,2,4.54,0,0,200,172,171.0,178
dinner,1,7.49,0,0,200,180,176.5,184
lunch,4,3.92,0,1,175,145,149.5,166
dinner,0,8.1,0,0,200,198,187.8,187
breakfast,1,4.07,1,0,150,70,78.1,79
breakfast,3,3.3,0,1,200,150,156.1,160
breakfast,2,8.91,0,0,225,201,188.0,192
breakfast,2,5.94,1,0,200,89,102.7,105
lunch,4,3.57,0,0,250,214,226.0,212
breakfast,0,9.42,0,0,175,148,148.4,146
dinner,3,7.22,0,0,175,151,162.9,164
lunch,5,2.99,0,0,200,156,164.9,157
breakfast,4,6.53,0,0,250,183,198.9,183
lunch,5,8.83,0,0,200,180,171.5,176
breakfast,4,7.27,0,0,250,178,199.9,188
dinner,0,3.2,0,0,200,172,191.2,173
breakfast,3,6.84,0,0,225,190,176.6,187
dinner,0,6.57,0,1,250,229,242.0,234
dinner,2,8.39,0,0,200,199,198.1,193
breakfast,5,2.6,0,1,200,131,129.8,129
breakfast,1,7.3,0,0,200,157,178.9,170
dinner,6,1.25,0,0,225,145,151.1,155
dinner,2,7.27,0,0,175,172,152.3,163
dinner,2,9.64,0,0,225,216,216.3,218
dinner,5,2.57,0,0,225,157,148.8,159
breakfast,4,3.8,0,0,200,131,131.3,149
lunch,2,6.25,0,0,150,147,151.4,140
breakfast,6,7.59,0,0,225,156,138.6,152
dinner,3,4.1,0,1,175,167,145.4,155
lunch,2,6.98,0,0,250,234,231.1,237
lunch,3,9.09,0,0,150,150,149.6,139
breakfast,0,7.54,0,0,225,179,174.2,181
breakfast,4,7.4,1,0,200,86,89.6,87
breakfast,3,4.44,0,1,225,188,168.6,185
dinner,2,9.2,0,0,200,193,180.4,182
lunch,4,3.5,1,0,200,117,120.2,105
dinner,6,2.85,0,0,150,117,114.0,98
lunch,4,4.28,0,0,250,215,223.1,209
breakfast,3,6.85,0,1,150,123,131.7,123
dinner,3,8.76,0,1,250,250,240.3,230
dinner,1,2.19,0,0,200,164,161.7,174
lunch,1,8.32,0,1,175,151,150.0,161
dinner,4,8.32,0,0,200,180,176.8,175
lunch,5,6.28,1,0,200,89,100.9,100
lunch,5,7.85,1,0,225,114,125.7,114
lunch,1,2.64,0,0,150,145,133.9,140
breakfast,2,2.53,0,0,250,202,202.1,185
breakfast,0,8.77,0,0,200,162,180.0,171
breakfast,4,5.48,0,0,200,151,156.3,139
lunch,0,3.21,0,0,200,177,173.7,182
breakfast,1,7.2,0,0,175,149,150.5,139
lunch,3,9.03,0,0,175,170,164.2,158
dinner,6,6.69,0,0,150,100,105.8,116
breakfast,4,4.13,0,0,225,166,148.6,163
lunch,1,5.35,0,0,175,152,148.4,173
dinner,2,7.77,0,0,225,225,200.4,208
breakfast,6,1.61,0,0,175,98,104.8,99
breakfast,4,2.95,0,0,175,124,132.8,118
breakfast,4,5.16,0,0,175,128,121.8,128
breakfast,5,6.44,1,0,225,72,80.9,87
dinner,3,4.05,0,0,175,143,150.9,148
dinner,4,3.69,1,0,150,77,73.0,76
lunch,3,1.37,0,0,150,138,135.2,130
dinner,1,1.29,0,0,200,189,174.1,182
dinner,2,3.51,0,0,250,218,237.2,221
breakfast,6,5.77,0,0,250,171,166.5,163
dinner,6,6.01,0,0,175,125,124.4,133
lunch,2,5.45,0,0,150,126,132.0,142
dinner,4,4.69,0,0,225,192,189.6,191
dinner,4,3.27,0,0,200,153,151.1,161
breakfast,1,4.61,0,0,225,186,168.4,185
breakfast,5,2.25,0,0,175,95,111.7,109
breakfast,5,2.04,0,0,200,134,111.1,123
lunch,5,3.7,0,0,150,130,114.8,111
dinner,3,9.96,0,0,225,223,204.2,203
dinner,5,3.94,0,1,175,127,129.7,143
breakfast,2,9.43,0,0,175,156,157.9,139
lunch,6,4.53,0,0,200,145,158.8,148
lunch,6,4.95,1,0,175,95,76.5,84
breakfast,3,8.17,0,0,150,132,126.5,113
breakfast,1,1.84,0,0,150,112,101.3,115
lunch,2,2.64,0,0,250,237,210.5,221
dinner,6,9.76,0,0,200,165,145.2,159
breakfast,2,5.55,0,1,200,155,163.1,159
lunch,6,1.4,1,0,250,109,106.8,104
dinner,0,1.43,0,0,225,187,178.3,200
lunch,1,9.17,0,1,200,200,176.3,188
dinner,1,8.86,0,0,200,185,182.1,199
dinner,0,5.13,0,0,225,197,206.3,198
breakfast,3,2.47,1,0,175,78,73.5,88
lunch,6,8.47,0,0,200,174,162.0,166
breakfast,6,3.92,0,0,150,106,87.4,100
breakfast,6,4.77,0,0,175,116,101.5,117
breakfast,5,7.14,0,0,175,131,124.0,120
lunch,5,4.18,0,0,225,179,167.4,168
lunch,5,6.66,1,0,225,115,121.3,115
breakfast,5,8.97,1,0,200,89,74.3,69
breakfast,5,8.18,0,1,200,156,145.3,152
dinner,0,4.43,0,0,200,179,160.3,190
breakfast,1,3.59,0,0,225,169,180.9,180
breakfast,3,3.57,0,0,200,165,157.9,149
lunch,2,4.14,0,0,200,168,196.6,188
dinner,5,5.44,0,1,175,142,150.8,148
breakfast,0,4.75,0,0,200,157,148.0,158
dinner,6,2.2,0,0,150,112,106.1,109
dinner,3,2.47,0,0,200,160,172.7,169
breakfast,3,4.09,0,0,225,175,154.2,174
dinner,3,6.06,0,0,175,162,142.2,162
lunch,0,6.33,0,0,175,155,156.0,164
lunch,2,5.38,0,0,250,245,239.7,231
lunch,5,7.65,0,0,225,191,172.4,184
lunch,3,7.64,0,0,200,200,200.4,191
breakfast,0,4.85,0,0,175,130,138.2,137
dinner,6,2.12,0,0,200,140,139.2,144
breakfast,1,5.77,0,0,200,173,161.1,163
breakfast,6,4.43,0,0,225,136,132.5,142
breakfast,0,2.24,1,0,175,78,84.9,82
lunch,0,9.84,0,0,225,224,194.9,212
dinner,0,4.33,0,0,250,216,236.7,224
breakfast,3,6.63,0,0,200,155,161.5,157
lunch,0,5.41,0,0,150,141,143.1,136
breakfast,1,2.29,0,0,225,171,182.2,173
lunch,3,1.5,0,1,225,215,188.7,196
breakfast,6,6.63,0,0,175,126,115.2,115
dinner,1,3.22,0,1,200,191,196.7,199
lunch,4,3.19,0,0,225,206,207.8,190
dinner,6,9.61,0,0,175,132,144.1,146
breakfast,0,5.16,0,1,175,149,157.3,147
lunch,5,1.26,0,0,175,116,136.5,124
breakfast,5,4.06,0,0,250,160,167.8,153
dinner,3,6.26,0,0,175,169,170.1,162
dinner,5,3.96,1,0,175,76,78.9,77
breakfast,6,1.24,0,0,150,84,88.9,96
lunch,3,5.0,0,0,250,228,207.2,228
dinner,6,1.95,0,0,175,138,118.0,117
lunch,0,6.57,0,0,225,208,224.9,211
lunch,2,6.58,0,0,150,150,152.7,133
breakfast,2,1.34,0,0,225,160,150.7,156
breakfast,1,3.62,0,1,225,181,188.5,188
dinner,0,4.72,0,0,150,139,138.6,134
dinner,5,5.95,0,0,175,145,133.7,138
lunch,0,3.66,0,0,175,158,147.3,158
lunch,4,3.59,0,1,200,190,161.7,192
lunch,2,9.85,0,0,225,214,228.0,214
dinner,5,1.38,0,0,150,118,100.2,114
dinner,6,9.9,0,0,200,159,151.3,162
dinner,6,1.43,0,0,175,112,124.1,126
dinner,2,3.6,0,0,200,192,171.9,182
lunch,0,5.44,0,0,150,140,135.1,144
breakfast,5,2.29,0,0,175,117,96.8,106
breakfast,1,2.21,1,0,175,96,89.5,89
dinner,6,3.31,0,0,200,157,135.8,138
lunch,0,9.76,1,0,175,112,108.2,129
breakfast,1,4.42,0,0,225,181,182.9,175
breakfast,5,6.09,0,0,225,155,153.5,146
lunch,2,7.34,0,0,225,208,188.5,206
breakfast,4,7.68,0,0,250,199,180.2,192
breakfast,3,7.19,1,0,250,128,115.8,128
lunch,2,4.03,0,0,175,171,166.0,164
dinner,1,2.01,0,0,200,164,163.2,179
lunch,0,3.54,0,0,200,167,168.7,192
breakfast,6,2.89,0,0,200,126,129.3,119
dinner,5,2.23,0,0,250,177,187.8,185
breakfast,2,1.22,1,0,200,80,84.3,96
breakfast,6,9.42,0,0,225,158,157.7,159
dinner,6,9.29,0,0,200,168,155.7,158
lunch,4,1.45,0,1,250,207,203.9,216
dinner,5,2.56,0,0,225,162,162.3,167
lunch,1,2.26,0,0,200,194,189.3,181
lunch,5,3.53,0,0,175,125,123.6,139
breakfast,5,2.84,0,0,225,152,136.8,133
lunch,0,9.51,0,0,250,223,214.2,237
breakfast,3,1.76,0,0,225,174,174.1,161
breakfast,6,2.91,0,0,225,132,142.0,136
dinner,1,1.73,0,0,200,180,180.6,183
lunch,0,9.82,0,1,200,179,202.2,200
dinner,6,9.27,0,0,250,197,192.0,201
lunch,3,7.45,0,1,175,175,150.5,172
dinner,0,4.83,0,0,200,188,194.6,177
lunch,3,2.71,0,0,200,185,174.9,166
lunch,3,2.99,0,0,200,167,174.5,185
lunch,3,4.99,0,1,200,182,169.6,192
breakfast,0,7.91,0,1,200,188,173.0,173
dinner,5,3.38,0,0,175,138,132.2,128
breakfast,3,3.8,0,0,175,127,129.6,135
breakfast,5,6.4,0,1,225,166,171.0,151
lunch,6,3.14,1,0,250,109,114.2,105
breakfast,6,6.26,0,0,175,116,99.4,109
dinner,1,4.48,0,0,150,150,136.4,140
dinner,4,1.31,0,0,225,169,197.4,185
dinner,5,4.62,0,0,200,139,140.8,156
lunch,6,9.28,0,0,175,131,143.5,142
breakfast,4,3.64,0,0,200,152,134.6,148
dinner,3,3.91,0,1,200,182,178.5,181
lunch,4,1.59,0,0,175,152,129.5,144
dinner,4,6.54,0,0,250,212,222.9,214
dinner,3,8.64,0,0,200,190,194.2,190
dinner,5,4.18,0,1,200,175,167.6,159
breakfast,3,3.16,0,0,200,158,162.2,154
lunch,1,9.61,0,0,225,225,223.1,215
dinner,2,7.71,0,0,225,213,195.4,211
breakfast,0,6.1,0,0,200,146,148.2,156
breakfast,3,3.75,1,0,175,95,83.7,82
lunch,3,2.99,0,0,175,167,161.5,155
dinner,4,7.44,0,0,150,142,120.3,137
dinner,1,5.7,0,0,200,200,164.8,178
lunch,6,5.69,0,0,225,183,168.0,175
breakfast,6,1.66,0,0,200,126,119.2,115
lunch,4,5.61,0,0,250,235,232.8,218
dinner,5,8.4,0,0,225,173,166.2,189
breakfast,3,9.52,0,0,200,162,173.1,163
lunch,3,1.96,1,0,175,102,103.7,91
dinner,4,6.68,0,0,200,170,160.7,179
dinner,3,6.12,0,0,200,194,191.9,187
dinner,5,9.01,0,0,200,158,173.9,165
dinner,2,7.76,0,0,200,181,175.4,178
lunch,0,9.69,0,0,175,154,151.0,166
breakfast,0,9.64,1,0,150,81,87.0,76
dinner,0,3.03,0,0,225,202,176.0,207
dinner,2,7.53,0,0,225,215,225.7,209
dinner,3,5.77,0,0,250,216,209.6,229
dinner,4,2.93,0,0,250,204,201.3,209
lunch,6,2.75,0,0,175,124,122.4,134
lunch,1,1.73,0,0,200,180,165.8,189
dinner,3,8.16,0,0,225,215,200.6,210
lunch,2,3.92,0,0,250,233,226.2,223
dinner,5,8.71,0,0,150,118,109.6,130
dinner,2,6.47,0,0,200,192,192.7,183
dinner,6,7.06,0,1,175,132,149.8,147
lunch,0,3.63,0,0,225,209,213.1,203
lunch,3,5.12,0,0,225,216,210.6,207
breakfast,6,4.71,1,0,225,66,70.9,65
lunch,0,3.12,0,0,200,179,189.5,180
breakfast,1,8.49,0,0,200,159,178.6,172
lunch,5,6.6,0,0,175,134,132.1,137
lunch,0,1.34,0,0,200,188,172.8,183
breakfast,1,8.38,0,0,250,198,195.2,220
lunch,2,1.95,0,0,150,130,124.8,134
breakfast,0,4.63,0,0,200,169,145.7,159
breakfast,0,6.14,0,0,225,176,188.2,182
dinner,4,1.07,0,1,200,169,160.0,170
lunch,5,6.88,0,0,250,208,200.8,199
breakfast,5,6.94,0,0,200,129,134.8,130
lunch,6,6.87,0,1,225,196,194.5,183
dinner,2,2.47,0,0,225,189,174.5,194
breakfast,4,3.3,1,0,150,74,60.5,67
lunch,6,3.23,0,1,200,164,149.2,157
breakfast,1,9.64,0,0,175,147,158.1,154
breakfast,6,1.61,0,0,200,110,103.8,119
lunch,1,4.86,0,0,200,185,174.1,190
lunch,2,8.84,0,0,250,232,223.5,238
lunch,5,7.93,0,0,175,147,129.0,138
dinner,1,8.4,0,0,175,175,159.2,166
dinner,2,9.75,0,0,175,175,170.8,163
lunch,6,4.49,0,0,225,163,157.7,177
breakfast,1,3.79,0,0,250,209,204.1,200
dinner,3,1.28,0,0,200,180,168.6,175
breakfast,0,2.35,0,1,150,112,114.8,120
lunch,6,6.06,1,0,175,89,80.1,80
breakfast,5,2.42,0,0,175,117,97.6,107
breakfast,6,7.63,0,0,200,143,122.8,124
dinner,3,1.34,0,0,175,147,152.9,144
dinner,2,3.34,0,0,225,213,210.5,193
dinner,2,7.26,0,1,175,174,154.9,165
lunch,6,3.3,0,0,250,199,186.6,191
breakfast,3,7.56,1,0,200,110,90.5,101
breakfast,6,9.96,0,0,225,161,138.8,149
breakfast,0,8.17,0,0,250,193,222.1,210
lunch,0,4.08,0,0,250,233,242.6,220
dinner,4,9.11,0,0,225,200,182.8,198
lunch,1,1.46,0,0,175,143,165.0,159
breakfast,4,7.53,0,1,150,135,110.8,129
dinner,0,1.21,0,1,225,215,214.4,204
dinner,3,2.57,0,0,225,200,207.2,186
lunch,1,9.89,0,0,175,175,151.2,167
lunch,3,4.25,1,0,250,166,138.2,161
lunch,4,8.38,0,0,200,178,196.0,189
breakfast,2,4.38,0,0,175,121,127.9,133
lunch,3,8.56,0,0,175,172,161.8,164
dinner,4,9.69,0,1,150,136,133.6,145
breakfast,4,4.92,0,0,175,121,132.9,132
breakfast,4,6.03,0,0,225,166,155.9,161
breakfast,2,6.66,0,0,175,139,138.0,141
breakfast,2,9.41,0,0,200,162,176.4,175
dinner,6,3.31,0,0,225,149,175.2,163
dinner,2,6.5,0,0,225,198,197.7,206
lunch,1,3.92,0,0,200,183,168.8,196
breakfast,2,2.95,0,0,200,157,159.4,153
lunch,2,1.76,0,0,250,221,200.3,226
lunch,2,6.59,0,0,175,163,172.0,170
breakfast,3,8.94,1,0,175,91,93.6,93
lunch,2,4.16,1,0,225,148,138.4,135
lunch,1,5.97,0,0,150,150,151.6,133
lunch,4,6.78,0,0,175,157,148.3,153
lunch,3,4.73,0,0,200,191,164.5,181
breakfast,0,9.13,0,0,200,163,179.7,172
lunch,2,4.26,0,0,225,211,200.4,210
lunch,6,2.13,0,0,150,105,106.3,105
lunch,6,2.3,0,0,200,143,132.0,145
dinner,4,9.02,0,0,225,215,209.9,200
lunch,4,9.89,0,0,200,173,191.5,181
breakfast,3,3.6,0,0,200,165,138.2,151
breakfast,6,2.29,0,0,175,117,96.4,109
lunch,0,5.34,1,0,200,132,111.3,119
breakfast,5,7.39,0,0,175,132,124.8,124
lunch,6,6.51,0,0,200,144,145.8,158
dinner,6,9.56,0,1,200,171,181.1,171
lunch,1,8.36,0,0,200,200,188.9,189
lunch,5,8.82,0,0,225,186,181.4,188
lunch,4,5.88,0,1,150,150,124.3,141
lunch,5,3.95,0,0,200,146,139.3,155
lunch,6,7.32,0,0,200,163,145.0,156
dinner,4,4.95,0,0,200,169,154.1,174
lunch,5,3.59,0,0,150,108,107.1,104
dinner,4,2.37,0,0,175,157,131.2,148
dinner,4,5.75,0,0,225,189,197.5,198
breakfast,3,6.35,0,0,200,169,149.4,162
breakfast,0,6.12,0,0,200,155,163.8,162
breakfast,4,2.05,0,0,250,190,159.6,177
breakfast,1,6.13,0,0,150,118,113.4,127
breakfast,6,2.52,0,1,250,173,168.1,164
dinner,6,6.97,0,0,150,119,116.8,114
breakfast,1,4.86,0,0,200,174,144.8,158
breakfast,2,8.64,0,0,200,178,177.9,166
dinner,4,8.0,0,0,200,176,184.8,186
breakfast,4,7.52,0,0,150,109,113.9,119
dinner,4,7.31,1,0,200,117,111.0,119
breakfast,5,6.04,0,0,175,109,103.4,100
breakfast,4,1.55,0,1,175,125,124.7,123
dinner,4,6.9,0,0,175,166,145.5,156
lunch,1,5.2,0,0,200,186,170.2,196
dinner,0,5.23,0,0,200,167,188.7,180
dinner,0,4.41,0,0,150,147,130.0,135
dinner,2,9.36,1,0,175,117,121.7,113
breakfast,1,3.25,0,0,150,122,107.6,112
breakfast,4,3.85,0,0,200,157,136.8,143
dinner,0,9.67,0,0,200,200,177.8,191
dinner,3,8.29,0,0,200,182,196.9,196
dinner,3,1.13,0,0,250,204,209.1,212
lunch,3,9.15,0,0,200,188,172.6,190
lunch,4,3.04,0,0,225,184,182.7,199
dinner,4,7.35,0,1,200,200,199.8,190
lunch,2,5.98,0,1,200,178,188.2,193
dinner,6,5.83,0,1,200,148,142.9,164
dinner,2,7.46,0,0,175,158,146.2,162
lunch,2,2.86,0,0,200,173,166.9,180
dinner,5,2.43,0,1,250,196,197.8,199
dinner,3,6.87,0,1,175,158,154.2,164
breakfast,4,3.62,0,0,200,141,151.2,143
dinner,3,9.77,0,0,200,196,191.1,189
lunch,2,5.06,0,0,200,195,174.9,180
dinner,4,2.0,0,1,225,204,187.9,203
breakfast,1,7.17,0,0,175,137,139.4,144
dinner,0,3.76,0,1,200,186,178.2,186
lunch,0,2.34,0,0,200,169,180.1,181
breakfast,2,4.81,0,0,200,151,144.5,165
dinner,6,9.68,0,0,200,164,151.1,158
breakfast,3,4.7,0,0,200,167,139.0,155
breakfast,1,4.13,0,0,225,174,171.0,164
dinner,4,5.0,0,0,175,163,133.9,159
dinner,6,1.11,0,0,175,123,108.7,120
lunch,3,2.2,1,0,200,123,118.1,103
lunch,2,8.65,0,0,200,194,173.4,195
lunch,3,9.8,0,0,150,147,126.0,135
breakfast,2,2.42,0,0,175,139,118.0,125
breakfast,5,5.82,0,0,225,161,136.1,142
dinner,0,9.7,0,1,175,164,170.0,163
dinner,6,2.41,0,0,250,186,157.9,187
dinner,0,2.68,0,0,250,232,225.6,213
dinner,3,9.34,0,0,200,183,189.9,194
breakfast,1,7.35,0,0,225,188,184.8,184
lunch,4,2.37,0,1,200,172,190.1,176
breakfast,2,4.54,0,0,175,127,143.3,135
lunch,4,1.51,0,0,200,157,160.9,166
lunch,0,4.89,0,0,225,221,183.3,210
dinner,1,8.0,0,0,225,215,217.7,204
lunch,1,5.99,0,0,225,221,189.5,224
breakfast,4,6.83,0,1,250,205,189.0,202
breakfast,0,3.94,0,0,175,137,133.1,130
dinner,4,2.45,0,0,225,174,167.4,193
lunch,3,1.12,1,0,200,119,115.8,113
breakfast,1,8.39,0,0,225,194,180.4,190
breakfast,1,6.73,0,0,175,159,138.1,149
dinner,3,3.06,0,0,225,204,198.9,187
breakfast,0,4.77,0,0,200,168,150.7,160
dinner,1,8.21,0,0,200,195,175.7,191
dinner,6,5.85,0,1,150,116,110.8,118
breakfast,5,3.7,0,0,250,168,161.9,156
breakfast,5,3.4,1,0,200,71,68.0,62
dinner,5,2.96,0,0,200,155,137.0,149
lunch,2,8.41,0,0,175,161,156.7,167
lunch,6,6.24,1,0,200,91,102.8,90
dinner,2,7.38,0,0,250,240,252.0,230
dinner,0,8.74,0,0,175,175,165.5,156
dinner,3,9.88,0,0,250,240,244.4,231
dinner,4,3.25,0,1,200,169,182.2,173
lunch,6,2.63,0,1,250,208,188.9,185
breakfast,0,5.16,0,0,200,165,140.6,160
dinner,4,1.32,0,0,200,163,167.6,166
lunch,0,8.13,0,0,200,199,172.4,200
lunch,2,8.95,0,1,175,171,155.7,168
dinner,5,7.17,1,0,200,106,93.4,95
breakfast,3,3.41,1,0,200,84,87.4,92
lunch,2,2.11,0,0,150,127,130.4,136
breakfast,3,4.44,0,0,250,201,189.2,195
lunch,6,8.5,0,1,225,189,188.5,188
breakfast,4,4.13,0,1,250,190,177.0,201
breakfast,0,1.31,0,0,225,153,168.6,170
breakfast,1,3.47,0,0,200,169,164.0,163
lunch,1,9.91,0,0,175,156,161.4,172
dinner,3,7.09,0,0,200,173,193.8,189
lunch,5,9.11,0,1,225,213,193.8,203
dinner,5,7.97,0,1,225,189,190.8,194
lunch,3,5.86,0,0,200,200,166.3,187
breakfast,2,2.34,0,0,200,139,137.3,150
dinner,1,4.14,0,0,200,176,189.1,184
breakfast,2,6.25,0,0,200,152,149.7,157
dinner,4,8.84,0,0,150,125,121.3,139
breakfast,1,3.42,1,0,200,100,97.4,95
dinner,4,2.09,0,0,225,184,166.3,182
breakfast,0,6.03,0,0,225,180,183.0,180
dinner,2,2.59,0,0,200,161,179.1,177
lunch,3,6.49,0,0,250,228,227.1,235
dinner,1,3.37,0,0,225,218,207.5,208
breakfast,2,3.08,0,0,225,160,178.9,178
lunch,3,4.59,0,0,200,192,168.3,179
dinner,0,6.34,1,0,200,113,126.2,124
lunch,1,5.91,0,0,175,168,169.1,165
lunch,4,3.2,0,0,200,168,157.1,171
dinner,0,9.02,0,0,200,198,194.8,191
lunch,5,1.99,0,0,175,137,134.1,126
lunch,3,1.36,0,0,250,204,199.6,222
lunch,1,6.42,0,0,175,170,156.6,167
dinner,1,2.11,0,0,175,150,166.6,153
breakfast,6,5.54,0,0,200,132,113.6,129
breakfast,6,9.57,0,0,200,121,125.9,134
dinner,0,7.29,0,0,175,150,163.3,164
dinner,1,6.56,0,0,175,159,178.2,162
lunch,3,6.17,0,0,175,148,151.8,167
lunch,0,2.62,0,0,200,179,187.8,179
breakfast,4,4.89,0,1,175,149,131.6,139
breakfast,0,4.08,0,0,200,154,147.3,158
lunch,0,9.58,0,0,150,150,153.2,146
lunch,4,3.18,0,0,150,140,133.6,133
lunch,5,5.24,0,0,225,189,165.5,182
breakfast,6,9.44,0,1,200,155,133.9,147
dinner,3,8.1,0,1,200,176,170.4,191
dinner,5,9.68,0,0,150,119,120.1,119
dinner,5,6.47,0,0,175,139,129.7,141
lunch,5,4.0,0,0,225,182,167.3,167
breakfast,6,8.44,0,0,200,128,129.5,138
dinner,2,3.62,0,0,250,237,240.4,219
dinner,6,2.48,0,1,200,150,134.7,160
breakfast,5,7.36,0,0,200,128,130.3,137
dinner,2,6.75,0,0,225,219,186.6,210
dinner,4,8.91,0,0,250,235,229.3,226
dinner,6,9.66,0,1,200,158,152.2,177
dinner,3,8.71,1,0,175,119,115.7,108
lunch,5,1.54,0,0,200,155,157.0,152
lunch,1,6.98,0,1,200,182,204.1,193
dinner,4,8.06,0,1,250,234,213.4,236
dinner,2,9.84,1,0,200,141,143.1,133
breakfast,6,4.37,0,0,150,101,89.5,100
breakfast,3,2.53,0,0,200,158,151.0,145
lunch,0,8.68,0,0,150,150,125.0,134
dinner,3,3.86,0,0,200,187,168.9,177
dinner,3,6.38,0,0,200,183,174.0,182
breakfast,5,4.51,0,1,175,111,118.7,121
lunch,5,4.62,0,1,250,201,188.6,205
lunch,6,7.59,0,0,200,165,162.9,160
dinner,6,4.25,0,0,225,154,165.9,159
dinner,2,7.24,1,0,200,134,117.2,138
dinner,6,1.13,0,0,225,161,170.1,153
lunch,2,3.92,0,0,200,191,161.2,186
lunch,5,3.87,0,0,250,193,183.8,194
breakfast,5,7.74,0,0,200,144,126.8,136
breakfast,1,3.83,0,1,175,143,146.8,145
dinner,1,6.7,0,0,150,147,150.2,146
dinner,4,7.2,0,1,250,228,236.7,232
dinner,5,6.93,0,0,200,150,140.5,157
dinner,0,6.43,0,0,175,149,170.5,157
lunch,1,4.72,0,0,225,215,197.8,219
dinner,2,4.36,0,0,175,145,141.6,156
dinner,3,6.08,0,0,225,218,198.1,202
dinner,6,1.57,1,0,200,78,85.8,81
breakfast,6,8.88,0,0,175,111,104.7,128
lunch,4,8.43,0,0,150,143,138.7,130
breakfast,1,4.12,0,1,200,175,160.0,176
dinner,3,6.1,0,0,250,232,229.0,236
lunch,3,9.39,0,0,200,200,177.3,189
breakfast,1,3.44,0,0,225,175,191.1,166
dinner,0,7.68,0,0,200,181,169.7,186
lunch,0,1.74,1,0,200,122,107.6,116
lunch,4,5.71,0,0,225,202,176.9,190
breakfast,0,8.96,0,1,200,177,183.9,168
dinner,4,5.97,0,0,175,154,136.6,158
lunch,2,6.55,0,0,175,169,155.3,169
dinner,1,9.17,0,0,200,191,175.0,184
lunch,3,7.44,0,0,200,185,179.7,190
dinner,4,7.26,0,0,200,172,182.9,170
lunch,6,6.28,0,0,200,165,168.0,150
lunch,0,6.7,0,0,200,191,200.6,187
dinner,6,8.23,0,0,200,147,164.6,153
lunch,4,9.81,0,0,200,198,180.2,185
breakfast,5,8.16,0,0,225,153,160.2,154
breakfast,4,7.37,0,0,250,178,198.8,188
dinner,0,2.22,0,0,200,173,162.7,178
lunch,5,8.35,0,0,175,156,135.2,150
dinner,5,7.62,0,0,175,151,137.2,132
breakfast,0,7.93,0,0,175,131,154.5,153
breakfast,5,3.08,0,0,200,134,112.7,123
breakfast,1,9.13,0,0,200,167,184.3,171
lunch,3,1.88,0,0,200,189,160.5,175
lunch,6,3.28,0,0,200,158,145.6,151
lunch,1,6.97,0,0,150,132,133.6,143
lunch,1,7.06,0,0,200,197,183.2,192
dinner,0,3.82,0,0,175,145,167.2,147
lunch,0,7.31,0,0,175,157,167.1,175
lunch,6,4.49,0,0,225,161,160.7,177
dinner,3,1.0,0,0,175,154,149.8,142
lunch,4,2.46,0,0,200,172,164.0,167
lunch,1,8.94,1,0,200,137,148.5,127
dinner,5,3.0,0,0,200,151,141.6,141
dinner,3,2.02,0,0,150,134,128.6,128
breakfast,1,7.14,0,0,150,123,131.2,127
dinner,4,4.97,0,0,200,163,183.3,175
lunch,5,8.17,0,0,250,205,215.2,200
breakfast,1,8.75,0,0,250,218,227.3,223
lunch,2,8.61,0,0,250,240,230.5,240
dinner,6,3.82,1,0,200,97,89.9,81
lunch,3,5.55,0,1,175,153,149.2,167
breakfast,6,6.85,0,0,150,96,96.9,95
lunch,0,3.9,0,0,200,188,161.5,177
breakfast,1,1.37,0,0,175,148,124.9,131
breakfast,5,5.46,0,0,200,131,132.7,131
breakfast,5,1.12,0,0,200,129,109.7,112
breakfast,3,9.56,0,0,175,145,134.3,145
breakfast,3,8.17,0,0,200,161,145.5,165
breakfast,6,2.73,0,0,200,119,123.5,125
lunch,5,3.59,0,0,200,162,149.3,156
breakfast,5,9.85,0,1,200,142,159.7,149
lunch,5,4.36,0,1,175,134,138.1,145
dinner,1,8.05,0,0,225,206,206.0,215
lunch,5,5.02,0,0,250,197,192.9,198
lunch,0,8.78,0,0,200,200,199.9,190
breakfast,5,7.33,0,0,200,121,126.7,135
breakfast,0,1.21,1,0,200,94,78.3,85
breakfast,1,3.65,0,0,250,205,199.1,198
breakfast,3,6.02,0,0,175,129,144.2,136
breakfast,0,9.34,0,1,225,196,198.3,194
breakfast,1,1.92,0,0,200,165,145.4,158
breakfast,5,6.41,0,0,225,163,150.9,151
breakfast,1,3.72,0,0,250,198,213.5,195
lunch,5,9.0,0,0,200,155,166.1,166
breakfast,6,7.89,0,0,175,102,109.4,116
lunch,1,4.33,0,0,225,212,196.0,215
lunch,3,2.5,0,0,225,201,215.9,198
dinner,0,1.1,0,1,200,169,191.1,182
breakfast,6,6.59,0,0,225,146,136.6,153
dinner,3,4.66,0,0,225,208,187.4,184
lunch,2,3.83,0,0,250,239,237.3,223
breakfast,5,9.87,0,0,200,130,152.1,143
dinner,0,5.2,0,0,200,173,177.1,187
dinner,3,7.75,0,0,200,198,172.1,181
breakfast,0,2.6,0,0,150,111,105.6,109
breakfast,2,1.12,0,1,200,151,164.2,158
dinner,4,4.76,0,0,225,184,192.2,184
dinner,5,6.99,0,0,175,123,138.9,137
breakfast,5,5.56,0,0,200,145,120.4,130
breakfast,1,9.01,0,0,200,159,154.9,170
lunch,5,4.91,0,0,200,162,138.5,152
lunch,5,3.8,0,0,200,146,164.8,152
lunch,3,9.24,0,0,200,185,180.7,181
lunch,6,4.66,0,0,225,164,177.4,166
lunch,5,3.43,0,0,150,107,121.5,113
dinner,5,1.88,1,0,200,90,86.0,89
breakfast,2,8.14,0,0,150,138,119.6,125
breakfast,6,8.43,0,0,175,112,103.9,120
dinner,2,1.3,0,0,225,185,183.8,196
dinner,0,4.23,0,0,175,169,148.3,164
lunch,0,7.75,0,1,175,161,164.9,162
lunch,5,9.52,0,0,200,170,173.5,170
breakfast,5,4.4,0,0,225,153,147.2,145
lunch,1,8.85,0,0,200,196,200.3,190
lunch,0,4.54,0,0,225,196,185.0,205
breakfast,3,2.62,0,0,150,102,112.1,108
breakfast,5,1.03,0,0,200,111,110.1,118
lunch,3,3.97,0,0,200,175,194.5,174
breakfast,5,4.41,0,0,225,136,138.5,138
breakfast,3,9.51,0,0,225,175,187.9,187
breakfast,4,2.85,0,0,200,135,134.9,142
breakfast,3,4.44,0,0,200,144,142.3,153
breakfast,6,1.23,0,0,200,117,118.0,109
dinner,0,7.87,0,0,200,191,200.8,181
lunch,5,9.24,0,0,200,166,149.8,165
dinner,0,3.14,0,0,175,140,162.0,165
dinner,6,4.86,0,0,200,139,141.3,144
lunch,6,2.1,0,0,175,134,115.7,131
breakfast,3,5.11,0,0,225,166,179.0,173
lunch,2,2.2,0,0,250,209,200.8,218
lunch,2,5.71,0,0,200,188,191.8,187
dinner,6,7.61,0,0,150,122,113.2,113
lunch,2,5.98,0,0,150,146,128.7,142
breakfast,5,3.21,0,0,200,126,113.9,126
breakfast,1,4.18,0,0,200,151,164.7,150
lunch,4,6.75,0,1,175,164,173.6,169
lunch,3,6.31,0,1,225,204,216.6,208
lunch,1,2.23,0,0,200,189,187.4,184
lunch,2,8.6,0,0,175,163,174.2,166
dinner,3,5.28,0,0,150,142,130.4,141
lunch,1,2.46,0,0,200,195,167.2,183
breakfast,0,2.11,0,0,175,138,126.1,133
breakfast,2,9.69,0,0,200,179,181.8,162
breakfast,1,3.53,0,0,200,160,153.2,164
breakfast,5,9.18,0,0,250,180,186.3,177
breakfast,0,4.7,0,1,200,158,170.4,164
breakfast,2,4.47,1,0,200,82,98.6,102
breakfast,4,7.31,0,0,225,177,157.9,175
breakfast,6,1.09,0,0,200,119,110.6,115
dinner,2,4.04,0,0,200,177,183.7,170
breakfast,5,3.72,0,0,175,120,112.2,112
lunch,4,8.81,0,0,200,195,194.7,184
lunch,4,5.76,0,1,200,172,172.4,196
dinner,4,4.28,0,0,200,170,175.0,172
breakfast,3,3.39,0,0,175,124,118.1,127
lunch,3,6.31,0,0,200,197,175.8,192
dinner,6,2.37,0,0,225,161,162.0,156
dinner,4,3.22,1,0,250,138,144.2,134
dinner,6,3.64,0,0,175,124,138.0,128
breakfast,0,6.47,0,0,200,150,155.8,157
breakfast,4,4.36,0,0,150,110,112.6,100
lunch,1,5.55,0,0,175,171,166.0,169
dinner,4,6.85,0,0,200,187,179.8,177
lunch,3,9.61,0,0,200,198,195.0,188
lunch,3,7.88,0,0,175,163,164.3,160
breakfast,1,4.65,0,0,150,118,125.1,126
dinner,1,7.73,0,1,225,219,212.3,209
breakfast,2,9.55,0,0,200,181,151.2,164
breakfast,0,5.49,0,0,200,159,171.4,155
lunch,0,4.69,0,0,200,182,174.0,186
lunch,0,1.7,0,1,200,190,201.7,187
breakfast,5,9.03,0,0,225,159,147.3,168
breakfast,3,3.22,0,0,200,162,158.6,157
lunch,0,1.58,0,0,200,170,180.2,169
breakfast,2,5.83,0,0,200,171,151.3,160
lunch,2,8.61,0,0,150,127,151.6,147
breakfast,0,4.66,1,0,200,109,96.7,98
lunch,1,8.05,0,1,250,223,247.9,231
lunch,2,8.53,0,1,200,182,197.5,193
breakfast,6,5.09,0,0,200,123,112.0,126
lunch,1,6.32,1,0,200,123,124.2,131
breakfast,6,5.81,0,0,200,130,123.8,127
breakfast,3,9.45,0,0,250,211,221.9,208
dinner,5,7.53,0,0,175,154,124.9,135
breakfast,2,9.33,0,0,225,200,173.3,181
dinner,1,2.98,0,0,200,190,181.9,192
breakfast,6,3.79,0,1,175,102,117.2,113
dinner,0,1.64,0,0,200,167,157.9,172
dinner,6,5.5,1,0,200,80,97.3,93
lunch,6,8.87,0,0,150,129,111.7,124
lunch,3,3.94,0,0,200,187,165.9,179
lunch,4,2.15,0,0,175,162,149.1,148
lunch,4,1.62,0,0,200,152,161.0,170
dinner,0,5.03,0,1,200,187,168.2,187
dinner,3,2.48,0,1,200,179,194.7,179
dinner,3,4.11,0,0,225,194,179.0,197
breakfast,3,8.38,0,0,225,171,167.7,194
dinner,3,4.46,0,0,225,200,212.9,204
dinner,4,6.49,0,0,200,189,163.6,171
breakfast,1,5.52,0,0,200,152,170.1,164
breakfast,3,7.47,0,1,200,183,156.3,171
dinner,1,2.41,0,0,225,205,179.7,206
lunch,6,9.28,1,0,175,94,84.4,101
dinner,6,6.79,0,0,200,159,158.4,152
breakfast,3,3.44,0,0,225,184,173.1,169
dinner,2,2.11,0,0,225,193,184.7,196
breakfast,5,2.35,0,0,175,100,108.7,106
breakfast,2,8.04,0,1,175,163,155.0,149
breakfast,6,6.29,0,0,175,104,111.2,118
dinner,5,4.43,0,0,250,204,202.7,185
lunch,2,4.0,0,0,175,168,166.2,158
lunch,3,8.7,1,0,250,156,173.2,175
lunch,1,8.87,0,0,250,230,228.7,231
dinner,5,6.23,0,0,225,174,179.0,174
lunch,4,5.72,0,0,225,188,182.4,199
dinner,0,8.35,0,0,250,237,222.6,234
lunch,5,7.74,0,0,175,142,141.2,142
lunch,5,4.6,0,1,175,140,152.3,135
lunch,4,1.74,0,0,225,196,179.1,190
breakfast,3,7.92,0,0,175,143,137.5,145
dinner,2,2.52,0,0,150,132,141.4,129
lunch,2,1.15,0,0,175,158,144.3,157
breakfast,6,8.59,0,0,200,135,134.5,132
dinner,1,6.2,0,0,200,188,169.2,196
lunch,3,9.02,0,1,150,136,136.7,131
lunch,4,5.36,0,0,200,178,166.5,175
dinner,3,9.34,1,0,200,120,114.7,137
lunch,3,4.19,0,0,250,228,226.3,230
breakfast,2,7.52,0,0,175,136,135.3,138
dinner,4,3.71,0,1,175,162,145.1,152
lunch,0,1.01,0,0,200,168,186.3,171
lunch,5,4.42,0,0,250,205,180.6,200
breakfast,2,7.64,0,0,200,174,157.6,173
dinner,4,2.35,0,0,150,116,132.7,121
lunch,1,5.54,0,0,175,162,148.7,171
lunch,5,2.91,0,0,200,154,162.3,155
dinner,5,1.67,1,0,200,72,82.4,87
dinner,2,6.56,0,0,225,195,215.9,205
breakfast,6,9.57,0,0,200,147,129.4,135
breakfast,1,3.8,0,0,200,167,153.1,163
breakfast,2,6.23,0,0,200,155,154.8,157
dinner,3,9.58,0,0,200,198,203.2,194
breakfast,6,6.85,0,0,200,135,128.7,127
lunch,4,7.06,0,0,175,172,145.9,156
dinner,1,2.61,0,0,225,199,202.5,202
dinner,5,5.43,0,0,200,157,164.0,148
lunch,2,4.3,0,0,225,202,191.0,205
dinner,5,5.24,0,0,175,133,127.9,139
breakfast,1,8.21,0,1,200,183,178.0,175
dinner,5,5.15,0,0,150,103,123.9,119
breakfast,2,1.57,0,0,175,138,127.5,127
lunch,6,9.15,0,0,225,172,183.4,192
dinner,2,5.9,0,0,200,178,166.9,200
breakfast,0,9.32,0,0,200,174,173.3,160
breakfast,5,6.15,0,0,250,176,152.5,160
dinner,0,1.63,1,0,200,99,106.9,117
dinner,6,5.98,0,0,200,154,155.3,152
lunch,0,6.18,0,1,175,175,169.7,162
dinner,5,2.93,0,0,150,106,104.8,107
lunch,1,5.24,0,0,200,179,199.5,188
breakfast,3,5.13,0,0,225,176,181.8,173
lunch,6,6.61,0,0,200,143,157.5,155
breakfast,2,3.34,0,1,175,130,131.0,139
dinner,4,6.24,0,0,200,183,184.6,164
lunch,6,3.17,0,0,175,139,128.1,130
lunch,0,5.02,0,0,250,223,221.6,235
lunch,1,2.1,0,1,200,200,202.4,190
dinner,5,1.34,0,1,250,199,208.4,198
breakfast,1,3.89,0,0,150,105,121.8,120
lunch,1,3.47,0,0,150,125,144.3,138
lunch,5,4.66,0,0,200,149,145.9,157
lunch,4,9.66,0,0,225,210,195.7,208
breakfast,5,5.7,0,0,200,118,130.2,127
dinner,4,5.98,0,0,225,203,211.0,186
dinner,5,9.47,0,1,175,165,156.4,154
lunch,0,9.29,0,0,200,196,195.5,188
dinner,4,8.96,0,0,200,194,168.6,173
dinner,0,1.88,0,0,200,164,167.7,176
dinner,6,6.71,0,1,200,167,155.6,151
breakfast,4,8.27,1,0,200,101,89.3,95
lunch,4,8.52,0,1,200,187,195.0,194
lunch,5,6.2,0,0,175,128,126.0,144
lunch,4,1.16,1,0,175,94,84.9,84
dinner,0,9.76,0,0,200,200,182.9,189
dinner,6,5.25,0,0,200,158,141.1,150
dinner,5,4.54,0,0,200,145,161.2,150
lunch,2,4.55,0,1,200,200,174.8,198
breakfast,6,4.82,0,0,200,112,116.2,132
dinner,6,3.18,0,0,200,156,132.8,145
dinner,0,3.95,0,0,175,142,165.1,162
breakfast,6,9.87,0,0,200,122,126.1,134
dinner,2,4.31,0,0,225,203,192.0,204
dinner,1,5.74,0,0,225,220,213.9,209
lunch,5,8.63,0,0,250,218,186.3,216
lunch,1,5.75,0,0,150,139,148.2,146
lunch,5,3.92,0,0,175,124,137.9,138
breakfast,6,5.71,0,0,225,146,133.3,147
lunch,5,2.03,0,0,200,160,143.8,144
dinner,0,2.17,0,0,175,162,153.6,150
breakfast,2,7.25,1,0,200,97,110.1,101
lunch,5,9.26,0,1,200,171,179.0,183
lunch,2,7.53,0,0,250,227,220.6,236
lunch,5,1.67,0,0,225,173,164.1,167
dinner,2,4.63,0,0,150,136,130.9,132
lunch,1,1.02,0,0,150,141,133.2,134
lunch,0,5.6,0,0,200,192,184.0,180
dinner,5,2.74,0,0,150,120,105.8,116
lunch,3,8.81,0,0,150,150,149.7,144
breakfast,2,1.94,0,0,250,179,177.9,188
lunch,2,1.01,0,1,225,209,206.1,207
breakfast,3,5.06,0,0,200,159,145.4,152
breakfast,0,2.4,0,0,225,159,164.4,172
lunch,2,7.64,0,0,175,172,168.7,160
lunch,0,9.28,0,1,225,224,219.7,209
dinner,2,1.38,0,1,200,185,190.5,184
lunch,6,4.56,0,0,225,163,176.7,170
lunch,4,9.97,0,0,175,173,159.6,150
lunch,6,7.59,0,0,225,190,159.7,182
breakfast,2,9.58,0,0,225,199,187.1,189
lunch,4,2.48,0,0,200,158,150.6,162
breakfast,5,2.99,1,0,200,57,69.8,64
dinner,0,2.39,0,0,250,212,209.3,223
breakfast,2,3.72,0,0,175,141,132.4,139
lunch,1,7.52,0,0,150,150,128.6,142
breakfast,1,2.48,0,0,175,140,146.8,135
dinner,3,5.72,0,0,200,169,177.1,181
lunch,1,3.42,0,1,225,200,200.1,214
lunch,4,8.46,0,0,225,203,190.2,210
breakfast,1,1.06,0,0,200,145,153.5,155
dinner,1,3.01,0,0,250,220,218.6,232
breakfast,1,6.45,0,0,200,160,155.7,174
dinner,2,1.87,0,0,250,218,192.3,231
breakfast,3,5.2,0,0,250,208,173.0,195
breakfast,0,4.93,0,0,200,152,159.9,155
breakfast,3,8.67,0,0,175,150,140.6,145
lunch,4,6.63,0,1,150,134,149.1,143
lunch,2,6.76,0,1,200,188,195.8,190
breakfast,5,9.57,0,1,225,155,168.1,167
dinner,2,9.84,0,1,175,154,164.7,171
lunch,6,6.88,0,0,200,157,162.6,164
lunch,1,5.7,0,0,200,192,195.4,193
lunch,1,6.47,0,1,200,185,179.9,192
lunch,4,4.44,0,0,200,185,156.8,173
lunch,5,9.89,0,0,200,172,174.8,173
breakfast,6,7.35,0,0,200,133,121.1,133
breakfast,2,3.62,0,0,225,167,180.7,178
dinner,5,1.52,0,0,225,172,163.6,164
dinner,0,1.4,0,0,200,179,164.6,172
lunch,3,2.84,0,0,175,168,163.9,157
breakfast,2,3.1,0,0,200,160,155.8,160
lunch,5,4.74,0,1,200,181,165.2,162
lunch,0,2.93,0,0,175,147,148.5,160
breakfast,0,6.68,0,0,225,176,196.1,179
breakfast,6,2.9,0,0,175,106,110.0,105
dinner,6,2.69,0,0,175,130,114.3,119
lunch,3,5.24,0,0,200,181,191.6,195
breakfast,0,9.0,0,1,175,143,140.1,154
breakfast,4,5.21,0,0,150,123,103.2,107
breakfast,0,4.72,0,0,200,171,168.2,165
dinner,5,6.2,0,0,200,154,164.4,154
breakfast,6,3.31,0,0,200,113,121.1,122
breakfast,4,4.18,0,0,150,114,111.2,106
dinner,6,2.92,0,0,175,125,113.1,117
breakfast,6,6.15,1,0,200,55,64.4,69
lunch,6,7.28,0,0,225,180,169.1,181
breakfast,0,7.06,0,0,225,182,162.2,191
breakfast,1,3.29,0,0,200,142,160.3,160
breakfast,0,8.02,0,0,200,154,155.3,165
dinner,6,3.3,0,0,250,174,183.2,179
dinner,4,2.35,0,1,150,124,116.0,134
dinner,0,4.15,0,0,150,144,118.0,142
lunch,6,6.38,0,0,200,167,143.5,152
lunch,6,2.28,0,0,200,133,150.0,136
breakfast,0,6.83,0,0,150,110,121.1,129
breakfast,0,8.77,0,0,200,181,153.7,162
dinner,4,3.64,0,0,175,135,144.7,139
breakfast,0,5.05,0,0,200,154,158.6,158
breakfast,3,3.05,0,0,175,135,140.9,128
breakfast,5,4.25,0,0,250,171,165.2,151
breakfast,3,1.2,1,0,150,73,59.0,66
breakfast,4,9.58,0,0,225,164,166.3,178
lunch,1,4.74,0,0,200,189,181.6,192
lunch,3,8.1,0,0,225,199,191.9,218
dinner,6,2.28,0,0,225,166,159.6,162
dinner,5,8.31,0,0,175,135,149.7,145
lunch,2,8.74,0,1,150,150,133.7,135
breakfast,5,7.44,0,0,200,129,145.4,124
lunch,3,9.13,0,0,175,167,154.4,162
lunch,2,2.5,0,0,250,221,219.3,224
breakfast,4,5.29,0,0,150,102,105.3,111
lunch,5,6.58,1,0,200,94,95.1,103
lunch,1,6.37,0,0,150,140,135.7,148
lunch,2,8.75,0,0,200,192,168.4,192
lunch,2,2.94,0,1,200,184,187.4,191
breakfast,5,2.58,0,0,200,124,127.5,120
dinner,3,3.28,1,0,225,115,136.9,135
dinner,2,9.02,0,0,225,206,201.3,215
breakfast,4,9.47,0,0,175,135,136.6,134
dinner,5,6.13,0,0,225,189,186.3,170
lunch,4,5.51,0,0,175,155,161.2,160
dinner,5,6.45,0,0,175,137,133.3,140
dinner,4,6.55,0,0,175,139,139.7,159
lunch,3,2.53,0,0,225,193,198.3,195
breakfast,5,7.18,0,0,200,149,145.5,123
breakfast,6,5.07,0,0,200,123,130.0,127
lunch,1,5.66,0,0,200,182,199.4,182
lunch,3,1.27,0,0,200,182,160.6,178
breakfast,4,7.88,0,0,200,149,163.4,154
breakfast,5,8.52,0,0,175,122,106.8,129
dinner,3,6.57,0,0,200,187,192.6,183
dinner,4,7.74,0,0,200,173,165.2,171
lunch,0,5.7,0,0,200,182,187.8,190
breakfast,0,6.57,1,0,150,76,71.3,76
breakfast,2,4.55,0,0,200,147,141.5,155
breakfast,1,8.13,0,0,200,175,157.1,171
dinner,0,5.21,0,0,200,167,177.4,183
breakfast,6,7.12,0,1,225,165,168.1,155
lunch,4,6.59,0,1,200,200,181.0,198
breakfast,3,7.32,1,0,200,100,90.0,109
lunch,5,8.07,0,0,175,146,127.4,144
lunch,3,5.61,0,0,225,220,191.8,207
dinner,2,8.32,0,0,225,225,189.7,207
breakfast,3,5.48,0,1,175,144,139.3,149
breakfast,0,9.61,0,0,200,166,161.7,163
breakfast,3,7.77,0,0,250,211,218.1,202
dinner,0,2.54,0,0,200,162,165.7,179
dinner,0,8.47,0,0,250,241,236.9,250
lunch,1,5.96,0,0,150,148,148.2,142
lunch,2,9.86,0,0,200,198,186.7,195
lunch,6,7.47,0,0,175,151,141.7,133
breakfast,6,1.76,1,0,175,45,53.7,47
dinner,4,4.55,0,1,225,206,191.8,200
lunch,6,5.66,0,0,200,167,138.7,154
lunch,0,8.55,1,0,150,106,96.6,93
lunch,5,7.56,0,0,200,178,162.1,162
breakfast,2,4.32,0,0,250,185,194.2,187
breakfast,4,6.88,0,1,150,122,124.4,127
dinner,6,6.19,0,0,175,139,140.9,131
breakfast,6,2.13,0,0,200,104,116.6,115
lunch,5,3.11,0,0,225,181,156.3,167
breakfast,3,4.07,0,0,175,138,128.7,132
lunch,2,2.76,0,0,200,169,164.0,182
breakfast,5,2.35,0,0,200,108,112.7,119
lunch,6,1.52,0,0,200,142,127.6,146
dinner,2,8.86,0,0,175,151,176.9,169
breakfast,2,3.6,0,0,250,189,198.6,192
lunch,6,3.61,0,0,225,162,152.1,163
lunch,3,2.86,0,0,250,229,237.3,226
lunch,3,5.28,0,0,200,197,193.9,187
dinner,6,5.63,0,0,150,123,120.0,118
dinner,2,2.87,0,0,175,168,138.5,156
breakfast,5,6.48,0,0,200,130,119.2,129
breakfast,1,7.51,0,0,250,204,187.6,210
breakfast,0,4.36,0,0,250,195,209.3,195
lunch,3,6.27,0,0,225,200,212.5,203
breakfast,6,5.52,0,0,175,116,101.6,101
lunch,1,2.76,0,1,200,196,202.5,193
lunch,3,7.57,0,0,200,200,184.0,189
lunch,2,8.21,0,0,225,205,220.9,210
dinner,6,6.84,0,0,200,161,155.1,158
breakfast,1,3.92,0,0,200,150,160.6,165
breakfast,6,9.34,0,0,150,111,98.7,98
dinner,5,5.1,0,0,225,182,165.9,182
lunch,5,3.39,0,0,200,151,140.5,147
dinner,4,4.67,0,0,200,180,152.9,173
lunch,0,7.23,0,0,250,238,252.5,235
breakfast,0,8.61,0,1,200,172,187.8,182
dinner,3,4.21,0,0,200,189,179.5,179
dinner,0,3.09,0,1,200,182,179.1,184
dinner,6,6.64,0,0,150,105,101.8,123
breakfast,6,9.29,0,0,175,118,115.4,117
lunch,4,2.65,0,1,150,124,136.6,136
lunch,5,8.23,0,0,175,145,136.3,136
breakfast,1,5.29,0,1,150,137,122.4,120
dinner,1,8.2,0,0,200,185,185.1,185
breakfast,5,5.55,0,0,175,108,111.6,113
dinner,2,4.4,1,0,250,163,154.3,158
lunch,5,7.27,0,0,250,196,199.9,204
breakfast,1,9.11,0,0,200,179,179.4,176
lunch,3,3.88,0,0,225,192,198.2,200
dinner,4,5.15,0,1,200,176,161.3,190
dinner,5,3.06,0,0,225,179,152.6,171
dinner,2,2.65,0,0,200,170,180.2,176
lunch,3,8.0,0,0,200,175,184.4,195
dinner,5,2.81,1,0,225,96,96.3,99
dinner,3,8.14,0,0,200,191,201.1,187
breakfast,5,4.86,0,0,200,136,128.3,132
lunch,3,9.96,1,0,200,137,122.0,137
breakfast,6,2.78,0,0,250,157,145.0,143
dinner,0,1.84,0,0,200,163,172.7,174
dinner,3,1.68,0,0,200,172,152.6,177
breakfast,6,8.52,0,1,200,134,137.2,145
dinner,0,4.94,0,1,250,243,254.4,238
dinner,1,1.03,0,0,200,181,181.3,180
breakfast,0,8.87,0,0,200,161,159.4,170
lunch,3,8.89,0,0,200,181,177.2,185
dinner,4,8.26,0,0,175,161,147.1,150
breakfast,4,3.23,1,0,200,96,86.8,91
dinner,1,4.35,0,0,225,207,198.8,205
breakfast,3,7.7,0,0,200,147,169.9,159
dinner,0,5.4,0,0,200,191,193.2,181
dinner,4,2.38,0,1,200,166,170.2,182
dinner,5,3.19,0,0,225,177,179.6,168
lunch,2,9.75,0,0,200,186,178.6,190
dinner,3,2.36,0,0,175,162,140.7,148
dinner,6,7.53,0,0,175,145,122.6,131
breakfast,6,5.3,1,0,200,73,61.3,57
dinner,5,7.74,0,0,225,179,186.2,180
breakfast,5,6.95,0,0,250,154,161.4,163
lunch,3,4.95,0,1,175,175,151.0,164
breakfast,2,4.19,0,1,225,188,167.7,184
breakfast,4,7.79,0,0,200,142,150.6,156
breakfast,2,3.91,0,0,200,164,153.1,141
dinner,1,8.09,0,1,250,234,246.2,245
lunch,0,7.12,0,0,200,197,194.4,191
dinner,0,6.2,1,0,175,102,99.6,111
breakfast,5,4.32,0,1,225,143,145.0,150
breakfast,4,2.85,1,0,150,55,63.2,61
lunch,2,7.39,0,0,225,220,195.1,215
dinner,5,1.82,0,0,200,154,151.9,149
breakfast,3,9.73,0,0,175,131,147.7,149
lunch,5,9.81,0,0,175,157,146.1,149
dinner,3,2.17,0,0,175,163,152.3,149
lunch,3,1.94,0,0,225,190,178.2,191
breakfast,1,4.71,0,0,175,126,139.5,140
breakfast,1,9.67,0,0,200,187,167.9,182
dinner,3,4.6,0,0,175,169,153.3,149
breakfast,4,4.27,0,0,225,164,155.4,156
dinner,1,7.33,0,1,250,245,230.8,247
lunch,1,2.61,0,0,200,183,194.4,184
dinner,0,4.27,0,0,250,224,213.5,217
dinner,5,3.62,0,1,200,149,142.2,160
dinner,0,6.41,0,0,175,165,150.9,161
lunch,4,2.46,0,0,175,156,143.7,156
dinner,1,5.94,0,1,200,185,187.5,197
lunch,6,8.72,0,0,175,153,137.1,144
lunch,1,5.63,0,0,225,216,222.7,216
lunch,2,7.15,0,1,225,221,226.4,212
dinner,4,1.68,0,1,200,179,170.1,183
dinner,6,5.04,0,0,225,176,150.4,168
dinner,5,1.85,0,1,150,104,112.8,114
lunch,5,6.4,0,0,175,151,129.2,148
lunch,6,3.53,0,0,200,156,140.5,151
dinner,5,3.59,0,1,200,172,167.5,159
breakfast,6,1.69,0,0,200,124,116.5,115
breakfast,4,3.79,0,0,150,96,112.9,106
lunch,6,5.56,0,0,200,160,167.0,162
breakfast,6,6.26,0,0,225,145,143.4,145
breakfast,2,1.6,0,0,200,145,158.3,149
breakfast,2,6.86,0,1,200,184,174.9,163
breakfast,0,5.4,0,0,175,130,125.2,138
breakfast,4,5.83,0,0,175,116,126.2,131
dinner,4,8.5,1,0,200,128,121.4,122
lunch,2,4.08,0,0,175,155,163.4,158
lunch,3,2.57,0,0,225,199,210.4,202
dinner,3,5.97,0,0,175,162,160.2,162
breakfast,0,9.51,0,0,200,175,150.9,165
dinner,3,5.66,0,0,200,180,164.4,190
dinner,3,8.49,0,0,175,157,155.1,159
breakfast,3,7.81,0,0,250,200,190.6,194
lunch,1,5.66,0,0,225,215,196.9,216
dinner,0,6.83,0,0,200,199,186.6,187
dinner,2,4.66,0,0,200,191,174.8,184
lunch,3,5.78,0,0,225,219,212.6,207
lunch,5,5.57,0,0,200,166,152.2,165
breakfast,6,7.38,0,0,200,132,122.5,135
dinner,1,4.69,0,0,225,197,205.9,224
breakfast,3,1.9,0,0,225,178,150.2,165
dinner,6,8.1,0,0,200,157,169.2,155
lunch,6,7.16,0,0,150,110,120.3,115
lunch,1,9.55,0,0,175,175,150.1,161
lunch,0,4.86,0,1,200,195,190.9,191
breakfast,5,1.7,0,0,225,126,122.6,131
breakfast,5,2.09,1,0,200,69,61.8,56
breakfast,5,7.96,0,0,200,147,128.5,138
breakfast,3,1.61,0,0,150,120,112.2,117
dinner,1,9.17,0,0,200,185,185.7,181
lunch,5,3.53,0,0,200,154,159.7,156
breakfast,6,9.09,0,0,200,149,125.0,133
dinner,6,7.96,1,0,225,123,110.2,100
dinner,4,8.84,0,0,225,214,206.6,200
dinner,4,2.93,1,0,225,126,117.1,125
dinner,1,6.36,0,0,200,199,198.8,193
breakfast,3,1.84,0,0,250,182,168.2,176
lunch,3,2.82,1,0,200,104,121.7,118
dinner,0,3.79,1,0,225,129,120.6,139
dinner,0,7.67,0,0,200,184,171.3,196
breakfast,5,1.22,0,0,225,130,125.2,135
dinner,2,9.13,0,0,175,175,168.0,164
breakfast,6,1.64,1,0,225,75,65.5,68
breakfast,0,4.39,0,0,175,133,131.8,139
lunch,3,1.73,0,0,150,128,124.5,129
lunch,6,7.92,0,1,200,180,171.4,171
lunch,2,2.27,0,1,200,192,171.8,188
breakfast,0,8.96,0,0,200,168,168.0,170
dinner,1,5.77,0,0,200,198,165.0,185
breakfast,4,9.54,0,0,175,139,126.3,134
breakfast,0,3.61,0,1,200,165,167.5,154
dinner,0,5.09,0,0,250,236,239.4,229
dinner,1,7.25,0,0,225,203,190.7,208
dinner,3,8.49,0,0,175,171,165.3,163
dinner,5,4.79,0,0,200,155,136.5,153
lunch,1,9.03,0,0,150,137,149.9,139
lunch,5,2.06,0,1,200,174,153.3,162
breakfast,0,7.38,0,0,200,159,167.6,176
lunch,3,4.13,0,0,250,228,207.6,236
lunch,2,1.91,0,0,225,186,210.5,195
breakfast,0,4.48,0,0,225,173,170.0,172
dinner,1,8.92,0,0,200,193,175.1,186
lunch,2,9.82,0,0,200,193,189.0,182
breakfast,4,4.54,0,0,250,191,171.6,184
breakfast,2,8.98,0,0,150,113,117.2,127
dinner,1,5.59,0,0,200,172,168.8,188
breakfast,6,7.45,0,1,175,110,114.4,125
dinner,2,1.41,0,0,200,182,179.8,164
lunch,1,6.02,0,0,200,192,187.1,181
lunch,6,1.63,0,0,200,141,137.9,148
lunch,0,3.42,0,0,250,220,242.0,226
dinner,6,6.1,0,0,200,141,158.0,156
lunch,3,8.26,0,0,225,213,200.7,208
dinner,4,6.05,0,0,225,184,176.8,194
lunch,6,9.43,0,0,225,189,169.6,182
breakfast,3,8.29,0,0,225,171,186.8,192
dinner,3,2.41,0,0,150,132,129.0,138
dinner,3,4.5,0,1,175,157,177.6,160
lunch,6,7.02,0,0,250,204,174.8,199
dinner,1,9.45,0,0,200,199,200.5,194
dinner,1,9.89,0,1,150,128,125.4,147
dinner,4,7.87,0,0,200,174,171.8,174
dinner,1,6.16,0,0,250,220,249.9,237
dinner,5,7.81,0,0,250,208,202.3,201
dinner,1,3.46,0,1,200,198,189.4,190
lunch,1,3.55,0,0,225,214,197.0,196
dinner,1,6.89,0,0,200,192,203.9,187
breakfast,0,8.85,0,0,200,161,152.6,165
dinner,4,9.73,0,0,200,188,170.9,187
dinner,5,4.07,0,0,225,162,165.0,169
breakfast,1,8.17,1,0,200,123,98.7,115
dinner,4,8.66,0,0,200,194,173.6,173
breakfast,2,6.61,1,0,200,89,89.7,108
lunch,0,4.13,0,0,200,197,194.9,180
dinner,6,6.57,0,1,200,165,153.9,160
breakfast,1,6.26,0,0,200,152,166.1,163
dinner,5,6.46,0,0,200,144,165.5,149
dinner,0,6.57,0,0,150,148,145.1,139
lunch,5,8.62,0,0,225,200,197.2,201
breakfast,6,2.53,0,0,200,116,122.9,115
breakfast,6,4.31,0,1,225,154,138.7,149
lunch,0,6.27,0,0,225,213,202.1,215
dinner,2,3.55,0,0,200,185,174.9,178
lunch,4,9.8,0,0,175,165,155.4,169
breakfast,0,3.37,0,0,200,160,164.9,146
lunch,3,5.23,0,0,250,240,239.5,224
lunch,6,8.9,0,0,175,130,147.7,143
dinner,2,1.72,0,1,175,152,153.3,144
breakfast,6,8.39,0,0,250,174,172.2,160
dinner,3,6.14,0,0,225,196,205.6,195
lunch,2,1.29,0,0,200,191,169.0,177
dinner,6,9.13,0,0,200,165,149.7,156
lunch,3,1.35,0,0,200,166,181.6,168
lunch,3,5.64,0,0,200,177,184.9,186
dinner,6,1.44,0,0,200,144,125.1,145
breakfast,6,1.64,0,0,200,122,103.5,110
dinner,5,8.98,0,0,200,177,170.9,162
dinner,0,7.89,0,0,200,198,168.8,189
breakfast,0,2.77,0,0,175,144,130.9,136
breakfast,2,6.58,0,0,225,175,182.3,174
dinner,4,8.15,0,0,150,142,142.5,129
breakfast,6,9.01,1,0,225,91,83.5,84
lunch,5,5.21,0,0,175,151,126.8,138
lunch,0,9.08,0,0,175,159,154.7,175
lunch,0,5.57,0,0,200,185,166.4,191
breakfast,5,7.19,0,0,175,128,109.1,116
dinner,1,9.81,0,0,200,200,198.2,188
dinner,5,3.12,0,0,175,135,134.1,128
dinner,0,2.52,0,0,200,178,157.8,170
dinner,4,4.08,0,0,175,141,144.4,146
breakfast,1,2.48,0,1,175,159,136.4,155
dinner,3,3.56,0,1,200,175,187.9,173
breakfast,5,7.69,0,0,200,128,145.8,136
breakfast,3,5.3,0,0,150,125,117.7,127
breakfast,1,4.38,1,0,200,88,102.9,109
lunch,1,4.32,0,0,150,145,135.3,145
dinner,1,2.75,0,0,225,201,180.0,203
dinner,2,5.03,0,1,200,191,183.1,194
lunch,5,6.62,0,1,150,133,125.7,130
breakfast,6,2.25,0,0,250,149,145.8,157
dinner,4,9.76,0,0,250,222,212.2,233
lunch,4,4.99,0,0,200,187,170.6,171
lunch,3,9.53,0,0,175,155,169.9,175
breakfast,3,2.21,0,0,175,119,122.5,129
dinner,6,7.9,0,0,225,190,177.2,171
dinner,3,6.56,0,0,200,173,166.6,185
breakfast,5,8.38,0,0,150,93,96.4,107
breakfast,0,6.41,0,0,250,193,212.4,201
dinner,3,9.67,0,0,200,190,191.0,191
lunch,1,6.64,0,1,200,188,170.5,198
breakfast,3,8.06,0,0,225,168,170.7,182
dinner,1,8.9,1,0,225,152,164.0,156
breakfast,2,7.43,0,0,150,121,114.0,128
lunch,0,5.72,0,0,200,176,186.3,183
dinner,0,3.46,0,0,200,171,176.2,178
lunch,6,8.69,0,0,150,109,117.2,129
lunch,5,5.33,0,0,175,149,122.4,144
lunch,5,6.59,0,0,200,152,150.8,158
breakfast,4,1.71,0,1,225,159,179.9,167
dinner,2,5.48,0,0,225,206,182.1,188
lunch,6,7.28,0,0,225,191,183.1,184
dinner,5,6.26,0,0,250,208,207.5,199
breakfast,1,5.04,0,0,175,151,145.6,132
breakfast,2,3.01,0,0,200,140,144.5,157
breakfast,0,3.79,0,0,200,154,152.5,156
lunch,1,7.31,0,0,200,181,200.2,193
lunch,6,3.02,0,0,225,154,179.5,170
dinner,6,6.6,0,0,200,153,137.6,152
lunch,2,6.31,0,0,200,179,171.0,182
dinner,0,9.73,0,0,200,182,203.5,187
breakfast,5,1.55,0,0,225,136,143.4,133
dinner,1,1.97,0,0,175,164,143.9,147
dinner,1,5.55,0,0,250,224,251.3,234
dinner,0,5.74,1,0,150,92,84.8,95
dinner,1,1.36,0,1,150,126,125.7,136
dinner,5,8.43,0,0,200,147,164.7,164
lunch,5,5.45,0,0,225,181,175.9,181
breakfast,5,4.12,0,0,250,157,147.5,162
breakfast,0,3.87,0,0,250,197,206.7,190
dinner,3,8.75,0,0,200,196,181.6,200
lunch,3,2.77,0,0,200,166,171.0,178
dinner,6,2.44,1,0,200,69,83.5,77
lunch,6,2.92,0,1,250,184,183.4,196
breakfast,1,6.63,1,0,175,88,91.8,84
breakfast,5,8.3,0,0,200,144,130.5,135
dinner,1,3.98,0,1,200,198,193.6,196
lunch,0,2.56,0,0,150,130,125.5,138
breakfast,1,2.88,0,0,200,161,143.1,164
lunch,4,6.57,0,0,200,181,166.5,180
breakfast,3,3.21,0,0,250,192,201.7,195
lunch,1,8.9,0,0,250,238,248.8,230
breakfast,1,1.94,0,0,200,164,161.1,148
dinner,2,1.29,0,1,250,216,236.2,230
breakfast,1,1.8,0,0,150,122,115.8,119
lunch,4,8.61,0,0,225,217,186.2,211
breakfast,3,6.86,0,0,200,156,151.2,154
breakfast,2,9.62,0,0,225,199,188.6,198
lunch,0,4.03,1,0,225,126,125.3,128
lunch,6,2.91,0,0,150,111,98.3,119
lunch,0,6.06,0,0,250,223,211.2,228
breakfast,3,5.84,0,0,150,130,106.4,126
dinner,6,6.32,0,0,225,162,155.1,169
dinner,0,4.13,0,0,150,119,123.0,135
dinner,4,1.05,0,1,225,183,190.1,194
breakfast,1,1.32,0,0,175,128,125.6,126
lunch,3,6.97,0,1,200,188,199.9,190
breakfast,6,5.71,0,0,250,148,167.8,153
breakfast,2,8.39,0,1,225,192,210.7,195
dinner,1,3.7,0,0,225,214,199.7,218
breakfast,0,8.34,1,0,225,112,123.1,120
lunch,0,4.83,0,0,200,182,184.7,183
lunch,2,1.87,0,0,250,224,202.7,227
dinner,4,9.8,0,0,225,209,207.5,209
lunch,2,5.61,0,0,200,200,195.9,182
breakfast,3,6.67,0,0,225,184,170.9,174
breakfast,2,7.04,0,0,250,215,209.0,209
lunch,0,4.26,0,0,225,192,214.2,208
breakfast,4,7.73,0,0,150,108,116.0,126
lunch,4,8.83,0,1,225,215,225.1,203
breakfast,5,4.48,1,0,225,66,70.0,83
breakfast,2,6.91,1,0,200,100,107.0,105
lunch,3,7.81,0,0,250,250,237.5,232
breakfast,0,2.71,0,0,200,155,159.8,154
lunch,1,3.99,1,0,200,126,125.3,120
dinner,4,1.98,0,0,175,132,136.2,146
dinner,2,6.42,0,0,150,127,147.3,144
breakfast,5,8.21,0,1,200,158,155.2,146
breakfast,3,6.5,1,0,200,101,92.4,97
breakfast,3,2.62,0,1,200,171,164.6,156
lunch,6,5.92,0,0,200,158,140.1,161
dinner,0,8.51,0,0,200,182,170.5,191
breakfast,4,3.72,0,0,225,149,160.1,161
dinner,0,8.49,0,0,250,237,210.3,244
breakfast,5,8.06,0,0,200,135,132.4,143
lunch,1,1.2,0,0,225,213,210.7,203
dinner,1,3.16,0,0,225,211,215.8,204
dinner,1,5.89,0,0,225,196,196.4,216
dinner,3,7.46,0,0,175,163,145.1,162
dinner,4,8.92,0,0,175,152,159.0,151
lunch,0,6.77,0,0,250,237,221.1,238
dinner,0,4.42,1,0,175,92,92.9,108
breakfast,5,2.66,0,0,175,111,97.9,114
dinner,1,7.84,0,0,175,161,177.2,174
lunch,4,2.86,0,0,200,179,179.4,180
dinner,4,7.26,1,0,200,131,122.4,115
lunch,5,2.63,0,0,200,151,144.1,152
lunch,2,1.82,0,0,175,158,159.6,148
lunch,4,3.26,0,0,150,132,137.1,125
dinner,4,3.56,0,0,200,171,166.9,159
breakfast,0,6.82,0,0,200,153,153.4,169
breakfast,5,2.45,0,1,200,123,138.3,133
breakfast,4,9.37,0,0,175,131,133.3,139
breakfast,4,5.99,0,0,175,128,130.4,135
dinner,0,5.42,0,0,225,197,202.6,205
breakfast,4,4.91,0,0,225,168,153.3,167
dinner,0,6.1,0,0,175,148,141.7,159
lunch,2,1.2,0,0,200,161,190.0,178
breakfast,3,9.91,0,1,200,185,170.5,183
dinner,6,6.02,0,0,175,146,124.6,142
lunch,0,1.32,0,0,250,223,228.3,218
lunch,0,6.31,0,1,150,130,141.8,147
lunch,4,4.93,0,0,175,155,161.6,146
dinner,0,1.22,0,0,200,172,178.2,165
breakfast,5,9.32,0,0,225,159,147.0,155
dinner,1,1.1,0,0,225,185,197.7,195
dinner,1,6.2,1,0,200,126,125.5,126
lunch,2,9.66,0,0,200,184,203.5,188
breakfast,0,3.14,0,0,200,166,142.0,156
dinner,5,3.29,0,0,250,176,175.2,194
breakfast,4,1.0,0,0,150,95,109.6,112
breakfast,4,1.6,0,0,175,132,118.5,126
breakfast,6,1.4,1,0,250,73,69.0,77
lunch,3,8.4,0,0,250,250,249.7,233
dinner,2,8.53,0,0,200,200,178.4,194
dinner,5,7.54,0,0,200,149,163.1,157
dinner,5,4.17,0,0,250,201,194.6,196
lunch,6,8.39,0,1,225,189,186.9,195
lunch,6,5.86,0,0,225,188,165.7,176
lunch,4,3.74,0,0,200,160,177.0,169
dinner,3,4.94,0,0,225,198,188.1,199
breakfast,4,1.59,0,0,150,101,108.6,96
dinner,3,9.5,0,0,200,188,183.0,187
lunch,1,6.57,0,0,175,164,146.7,162
lunch,5,7.58,0,0,150,126,122.2,119
dinner,6,7.09,1,0,200,89,87.3,93
lunch,1,7.01,0,0,150,148,138.2,150
dinner,4,1.16,0,1,175,144,157.3,159
dinner,2,5.73,0,1,150,150,130.4,149
lunch,0,8.4,0,0,250,239,218.4,234
breakfast,2,1.4,0,0,150,113,109.2,112
lunch,2,9.61,0,0,175,174,161.9,164
dinner,0,4.82,0,0,200,170,175.7,175
breakfast,5,3.61,0,0,225,128,144.7,142
lunch,1,5.79,0,1,200,184,177.4,191
lunch,1,8.21,1,0,250,157,160.3,178
dinner,5,5.27,0,0,200,165,136.2,155
breakfast,0,6.81,0,0,200,154,154.9,150
dinner,3,5.5,0,0,225,195,186.6,199
dinner,2,6.68,0,0,200,176,185.7,183
breakfast,4,2.24,0,1,175,137,120.9,124
breakfast,1,1.35,0,0,200,142,162.0,150
dinner,5,2.23,1,0,250,115,114.4,114
breakfast,4,3.57,1,0,225,100,98.1,92
dinner,6,3.28,0,0,175,129,132.3,131
lunch,0,6.54,0,0,175,156,176.9,165
breakfast,4,5.1,0,0,225,154,156.7,171
dinner,4,1.35,0,0,175,149,152.8,135
lunch,2,1.31,0,0,200,162,187.3,179
lunch,0,1.82,0,0,175,162,148.6,153
lunch,4,4.18,0,1,150,124,145.3,144
lunch,1,1.06,0,0,225,206,215.1,197
breakfast,0,5.45,0,1,225,177,168.6,195
lunch,1,4.25,0,0,200,198,198.4,188
dinner,5,6.0,1,0,175,69,81.2,86
breakfast,5,7.49,0,0,225,166,158.4,153
lunch,6,3.26,0,0,200,154,134.4,140
breakfast,3,2.41,0,0,200,146,136.3,152
dinner,5,3.5,0,0,200,142,161.4,149
breakfast,4,1.02,1,0,200,74,75.1,85
dinner,0,2.08,0,0,200,188,180.9,177
lunch,5,7.76,0,0,225,177,190.6,189
breakfast,1,3.01,0,0,225,186,182.5,175
breakfast,4,9.95,0,0,200,171,164.2,162
breakfast,5,2.51,0,0,175,119,114.8,112
lunch,2,8.1,0,0,175,157,165.8,171
lunch,1,7.35,0,0,200,197,183.4,194
dinner,6,3.9,0,0,225,157,175.7,171
lunch,6,3.98,0,0,175,145,125.6,128
breakfast,6,6.07,0,0,150,104,96.6,96
lunch,1,8.67,0,0,200,189,199.7,188
dinner,6,4.48,0,0,150,125,118.0,113
breakfast,3,1.55,0,0,225,171,177.6,165
breakfast,2,4.37,0,0,200,147,157.9,152
breakfast,3,2.87,0,0,175,128,135.2,129
dinner,5,9.45,0,0,200,166,160.6,163
lunch,2,7.28,0,1,225,201,199.6,212
lunch,1,1.46,0,1,250,227,209.3,232
dinner,3,3.64,0,0,225,193,183.0,198
dinner,4,1.45,0,0,150,136,131.3,123
lunch,2,8.47,0,0,150,136,147.9,139
dinner,1,9.16,0,0,200,200,185.4,187
breakfast,0,2.01,0,0,200,153,142.3,157
breakfast,2,4.96,0,0,175,140,123.2,130
breakfast,2,9.39,0,0,250,206,185.2,211
breakfast,5,2.31,0,0,225,139,142.3,146
lunch,4,3.63,0,1,200,186,196.0,181
dinner,5,3.74,0,0,175,118,122.9,136
breakfast,6,1.27,0,0,175,116,95.4,94
breakfast,2,1.33,0,0,200,152,159.0,140
lunch,2,9.58,0,0,225,209,213.1,213
dinner,6,6.14,0,0,250,200,173.8,186
breakfast,4,3.76,0,1,200,150,137.8,158
lunch,4,4.41,0,0,200,173,172.7,176
breakfast,3,7.43,0,0,200,156,156.3,170
breakfast,1,4.3,0,0,150,115,116.0,124
dinner,1,3.05,0,0,200,187,194.4,180
dinner,3,1.92,0,0,225,188,180.9,197
breakfast,1,7.56,0,0,200,171,164.2,167
dinner,2,2.63,0,1,150,126,128.3,132
lunch,3,1.63,0,0,200,163,165.3,179
dinner,3,4.84,0,0,225,189,208.7,205
lunch,1,1.36,0,0,200,180,166.4,177
lunch,0,9.68,0,0,225,203,216.3,221
lunch,1,6.65,0,0,175,159,150.4,163
lunch,5,2.37,0,0,200,143,138.6,160
breakfast,0,2.55,0,0,225,157,151.3,170
breakfast,3,6.13,0,0,200,161,159.0,150
breakfast,0,4.21,0,0,250,194,210.2,204
dinner,2,7.97,0,0,150,133,142.6,146
breakfast,4,5.91,1,0,175,81,83.0,83
dinner,0,4.9,0,0,175,148,156.7,146
dinner,5,9.67,0,0,250,202,209.3,195
breakfast,4,4.52,0,0,225,176,175.7,170
dinner,2,4.61,0,0,175,154,141.8,163
lunch,5,6.99,0,0,200,174,161.9,155
dinner,6,8.29,0,0,150,111,117.4,120
breakfast,4,6.64,0,1,200,163,142.7,161
dinner,6,7.29,0,0,200,164,141.2,149
dinner,2,4.36,0,0,175,151,155.5,155
dinner,4,5.32,0,0,200,161,168.5,181
dinner,4,2.77,0,0,225,186,177.4,183
lunch,1,7.12,0,0,200,199,193.7,181
lunch,5,2.99,0,0,225,176,163.8,170
dinner,5,1.01,0,0,200,152,148.9,129
lunch,0,9.4,0,0,175,174,172.9,165
breakfast,6,3.75,0,0,200,126,124.1,115
dinner,6,2.77,0,0,200,149,134.8,139
dinner,5,3.41,0,0,200,144,156.1,151
dinner,5,3.97,0,1,175,142,131.2,133
breakfast,4,5.27,0,0,175,143,122.3,125
lunch,6,1.62,0,0,250,172,182.3,190
lunch,3,1.47,0,1,175,155,164.9,163
lunch,1,3.64,0,0,225,222,200.4,211
breakfast,0,3.66,0,0,200,168,153.7,157
lunch,1,2.06,0,0,250,229,211.9,228
dinner,0,4.64,0,0,250,228,234.8,231
breakfast,2,3.56,0,0,225,171,186.6,176
dinner,4,1.23,0,0,200,169,165.2,157
lunch,5,8.97,0,0,200,157,157.6,169
dinner,5,8.97,0,0,200,173,154.8,155
dinner,3,2.88,0,0,175,148,135.6,139
lunch,6,2.47,0,0,150,113,111.0,117
dinner,6,5.93,0,0,200,152,152.0,151
dinner,1,6.68,0,1,250,223,253.8,243
lunch,1,9.62,0,0,175,157,159.4,166
breakfast,1,4.4,0,0,200,170,170.7,163
lunch,6,6.56,0,0,200,167,162.0,163
dinner,5,8.9,0,0,200,168,152.8,156
dinner,6,5.05,0,0,150,102,98.9,114
dinner,1,2.1,0,0,200,178,183.5,182
lunch,4,4.4,0,0,225,205,191.9,199
dinner,0,2.23,0,1,250,228,247.7,223
breakfast,5,1.15,0,0,175,96,92.9,105
lunch,4,7.76,0,0,250,232,224.4,232
breakfast,2,3.15,0,1,225,195,190.9,187
breakfast,4,1.02,0,1,200,157,153.6,157
lunch,4,8.85,0,0,150,125,140.0,141
lunch,2,4.99,1,0,225,140,135.2,137
dinner,4,3.15,0,0,175,150,130.4,151
lunch,0,3.37,1,0,225,147,128.8,142
lunch,5,3.16,0,0,200,140,154.6,148
breakfast,3,2.75,0,0,175,141,135.5,144
lunch,6,8.57,0,0,200,173,169.0,175
breakfast,2,2.53,0,0,225,170,177.0,168
breakfast,5,6.06,0,0,200,144,124.7,124
lunch,1,1.7,0,0,225,191,207.8,198
lunch,0,9.55,0,1,200,200,204.0,184
lunch,3,6.43,0,0,250,233,212.3,227
lunch,0,9.13,0,0,175,151,170.4,163
lunch,0,4.58,0,0,225,213,200.1,202
dinner,1,8.3,0,0,225,217,197.0,221
lunch,3,8.68,0,0,200,185,179.4,181
lunch,6,7.33,0,0,200,168,145.2,161
breakfast,0,1.84,1,0,200,78,93.9,88
lunch,1,1.14,0,1,200,193,181.9,192
lunch,2,2.52,0,1,200,196,202.8,189
lunch,1,2.06,0,1,225,225,228.6,214
lunch,4,7.53,0,0,200,194,195.3,188
lunch,5,6.01,0,0,175,134,127.6,137
lunch,1,5.73,0,0,200,200,180.4,182
dinner,1,3.28,0,0,175,164,149.8,159
dinner,1,2.39,0,0,200,167,190.6,175
dinner,6,2.86,0,0,200,144,129.2,146
dinner,0,4.6,0,0,225,188,202.5,200
breakfast,6,7.66,0,0,200,143,129.0,128
breakfast,3,3.29,0,0,200,148,162.4,158
breakfast,1,7.29,0,0,175,149,156.6,157
lunch,1,5.42,0,1,175,164,160.2,161
dinner,4,8.97,0,0,200,178,175.3,181
breakfast,4,3.1,0,0,225,174,154.1,159
dinner,2,5.06,0,0,200,170,188.9,184
breakfast,2,1.87,0,1,200,154,144.0,158
dinner,4,4.02,0,0,200,180,152.6,172
lunch,3,5.56,0,0,200,177,188.9,180
breakfast,2,7.59,0,0,150,116,108.7,129
lunch,5,2.78,0,0,200,150,154.2,151
breakfast,5,2.96,0,0,175,101,98.7,118
breakfast,3,6.68,0,0,200,169,166.0,169
breakfast,4,4.44,0,0,225,174,168.6,165
dinner,2,5.34,0,0,150,122,125.6,135
lunch,1,8.53,0,0,200,185,196.0,187
breakfast,4,5.49,0,0,225,167,173.4,169
lunch,2,6.87,0,0,200,175,202.4,193
dinner,3,6.91,0,0,175,175,165.0,159
breakfast,5,8.23,0,1,200,150,154.9,143
lunch,3,6.74,0,0,225,224,212.6,206
breakfast,2,1.58,0,0,200,153,149.8,155
breakfast,3,4.08,0,1,175,145,145.2,137
dinner,2,9.9,0,0,200,200,182.6,187
breakfast,2,2.77,1,0,200,83,85.2,93
lunch,3,6.28,0,0,225,203,202.2,214
dinner,0,8.59,0,0,225,224,212.7,214
breakfast,1,6.28,0,1,200,165,178.2,169
lunch,4,4.35,0,0,200,178,169.0,172
breakfast,5,1.72,0,0,225,127,129.6,133
dinner,1,4.25,0,0,175,146,149.6,166
lunch,4,2.64,0,0,225,181,175.1,195
dinner,4,9.65,0,1,200,190,185.3,184
lunch,5,7.44,0,0,175,131,146.0,142
breakfast,1,7.74,0,0,175,134,153.8,148
lunch,5,4.92,1,0,175,91,80.7,78
dinner,2,1.99,1,0,200,107,114.3,119
lunch,5,3.4,0,0,250,200,187.3,193
dinner,3,3.34,0,0,200,184,188.9,180
dinner,0,5.38,0,1,175,175,175.4,159
breakfast,0,5.15,0,0,200,164,166.9,158
breakfast,0,4.9,0,0,175,130,137.4,137
lunch,1,5.46,0,0,175,157,160.6,161
lunch,1,9.88,0,0,250,233,239.5,236
dinner,2,3.69,0,0,200,163,162.3,183
dinner,6,6.54,0,0,225,178,181.7,167
lunch,0,3.16,0,0,175,154,147.6,158
breakfast,2,5.2,0,0,200,158,165.2,166
dinner,6,2.8,0,0,200,142,135.3,136
breakfast,0,6.02,0,0,225,194,177.2,180
dinner,1,3.39,0,0,150,131,140.7,133
lunch,6,1.33,0,0,225,167,156.3,166
lunch,3,8.34,0,1,150,145,135.1,141
breakfast,3,2.15,1,0,250,114,117.4,116
lunch,3,4.31,0,0,175,156,142.1,161
lunch,5,5.29,0,0,200,154,165.6,159
lunch,3,4.89,1,0,150,86,98.0,96
breakfast,4,7.53,0,1,200,163,162.8,163
dinner,0,6.37,0,0,175,175,165.1,159
dinner,3,3.66,0,0,200,189,185.2,177
breakfast,6,1.47,0,1,200,139,122.8,125
breakfast,4,7.91,0,0,200,151,162.6,148
breakfast,4,4.17,0,0,150,106,104.0,104
lunch,4,9.01,0,0,225,216,195.8,202
lunch,2,4.56,0,0,150,137,148.6,138
lunch,6,7.46,0,0,250,200,176.4,199
breakfast,2,9.46,0,0,225,196,178.4,181
lunch,4,6.86,0,0,200,175,174.9,185
lunch,5,4.72,0,0,175,131,129.1,143
lunch,3,6.11,0,0,150,127,130.2,138
dinner,0,5.89,0,0,200,185,175.6,188
breakfast,6,6.26,0,0,175,110,107.5,110
dinner,5,2.32,0,0,225,180,148.5,158
lunch,1,7.29,0,0,225,199,220.5,212
lunch,2,2.31,0,0,250,215,204.7,222
dinner,3,1.13,1,0,200,110,97.7,111
dinner,3,6.62,1,0,250,164,153.7,158
dinner,1,2.05,0,0,175,157,158.1,162
breakfast,1,7.93,1,0,225,128,125.9,117
breakfast,6,8.79,0,0,200,123,121.2,145
dinner,3,9.5,1,0,200,117,118.9,125
lunch,1,6.98,0,0,175,173,152.1,166
breakfast,3,5.34,0,0,175,146,136.8,139
breakfast,5,4.17,0,0,200,117,135.4,127
breakfast,6,5.42,1,0,250,73,84.8,73
dinner,1,2.71,0,0,200,187,169.7,174
breakfast,5,4.14,0,1,200,147,143.9,135
breakfast,5,7.46,1,0,175,79,66.9,67
breakfast,1,2.96,0,0,200,169,159.8,152
lunch,6,3.38,0,0,150,102,120.0,114
breakfast,3,7.74,0,0,250,193,217.2,205
lunch,4,2.6,0,1,200,183,172.3,183
breakfast,3,3.21,1,0,225,98,103.7,103
dinner,0,1.16,1,0,200,115,103.1,110
breakfast,1,7.48,0,0,225,186,180.9,190
lunch,2,6.56,0,0,200,188,176.7,188
dinner,6,7.25,0,0,225,163,165.9,180
lunch,1,2.93,0,0,200,192,187.8,180
lunch,0,7.19,0,0,200,186,175.2,198
breakfast,5,6.37,0,0,175,113,106.3,119
lunch,2,4.3,0,0,175,167,153.9,161
lunch,2,4.94,1,0,225,143,126.8,142
dinner,3,6.11,0,1,175,153,173.1,166
lunch,4,5.44,0,0,200,173,189.7,177
lunch,3,6.78,0,0,200,177,195.6,194
dinner,6,2.63,0,1,225,170,170.6,180
lunch,2,5.87,0,0,175,171,166.4,166
breakfast,2,5.05,0,0,200,171,164.5,161
lunch,4,5.15,1,0,200,113,103.7,110
dinner,6,5.22,0,1,225,170,173.5,177
breakfast,1,8.93,0,0,200,184,155.4,173
dinner,4,8.37,0,0,200,180,161.7,180
breakfast,5,6.67,0,0,250,177,172.3,169
lunch,3,7.45,0,0,200,176,198.8,183
breakfast,1,1.39,0,0,175,125,120.2,135
lunch,3,7.7,0,0,225,218,195.1,223
dinner,4,5.38,0,0,175,145,139.5,147
lunch,1,3.86,0,0,200,200,196.6,188
lunch,4,2.26,0,0,200,157,179.6,167
dinner,5,1.68,0,0,150,105,112.6,113
dinner,0,1.4,0,0,175,141,156.9,152
breakfast,2,2.46,0,0,200,153,143.2,149
lunch,6,1.27,0,0,200,136,139.4,141
breakfast,1,7.59,0,0,200,154,157.3,170
dinner,2,3.24,0,0,200,184,189.7,175
dinner,0,4.32,0,0,225,194,207.2,214
lunch,1,8.4,0,0,175,168,157.4,167
dinner,2,2.03,0,0,175,161,138.8,155
lunch,2,8.52,0,0,200,200,174.6,181
lunch,1,6.76,0,0,200,187,175.0,191
breakfast,2,4.08,0,0,225,182,175.5,167
dinner,2,2.06,0,0,200,161,184.5,173
breakfast,1,1.82,0,0,200,151,162.3,158
dinner,6,4.02,0,0,200,138,131.4,155
dinner,2,2.26,0,0,225,182,201.3,203
dinner,2,3.41,0,0,175,157,141.6,156
breakfast,6,1.48,1,0,200,62,53.7,63
breakfast,3,6.36,0,0,225,179,177.0,188
breakfast,5,2.31,0,0,200,118,128.9,118
lunch,3,7.81,0,0,200,200,176.2,196
breakfast,0,2.96,0,0,200,162,161.4,149
dinner,3,8.18,0,0,225,212,216.7,210
lunch,3,2.71,1,0,200,107,119.8,120
breakfast,0,7.49,0,0,175,133,129.6,149
lunch,2,4.0,0,0,225,204,200.8,205
lunch,2,6.25,0,1,150,140,132.8,137
lunch,3,1.35,0,0,200,178,174.6,166
lunch,0,5.46,0,0,250,222,236.4,231
dinner,2,2.34,0,0,200,177,156.3,182
lunch,4,5.38,0,0,225,194,200.8,196
dinner,1,2.27,0,0,250,232,219.4,230
dinner,1,4.93,0,0,225,205,219.0,205
breakfast,5,2.0,0,0,150,95,95.6,92
dinner,1,2.98,0,0,175,163,152.1,159
breakfast,3,6.36,0,0,200,172,171.0,163
dinner,1,9.79,0,0,150,150,141.6,137
lunch,1,5.04,0,0,200,191,203.8,188
dinner,4,7.18,0,0,200,182,181.2,183
dinner,2,5.85,0,0,200,185,176.9,177
dinner,4,5.49,0,0,200,182,160.3,176
dinner,3,1.58,0,0,200,157,166.4,165
breakfast,1,2.3,0,0,225,164,185.7,173
breakfast,6,8.95,0,0,225,161,137.7,152
lunch,2,4.69,0,0,200,188,179.8,182
breakfast,5,6.53,1,0,150,45,52.2,59
dinner,5,5.75,0,0,200,140,163.3,156
lunch,1,4.41,0,0,200,186,195.7,191
dinner,1,4.49,0,0,200,191,182.2,181
lunch,5,6.0,0,0,200,146,154.1,167
dinner,5,2.27,0,0,225,170,167.8,169
breakfast,6,4.49,0,0,200,129,132.8,123
dinner,3,5.02,0,0,225,198,181.8,196
dinner,1,9.87,0,0,175,167,175.9,173
lunch,5,4.16,0,0,200,166,145.5,150
lunch,6,6.8,0,0,175,145,121.6,140
dinner,0,2.24,0,0,200,163,179.9,175
breakfast,5,1.59,0,0,200,109,125.6,121
lunch,2,8.84,0,0,225,204,200.4,207
lunch,2,7.58,0,0,175,175,171.9,161
breakfast,0,3.86,0,0,200,152,161.1,162
lunch,3,5.54,0,0,200,186,187.8,186
breakfast,1,2.22,0,0,200,153,137.6,160
breakfast,1,7.36,0,0,225,194,190.5,177
breakfast,5,1.63,0,0,200,122,129.0,119
dinner,2,7.81,0,0,200,200,188.8,192
lunch,3,5.92,0,0,150,139,132.5,136
dinner,3,3.51,0,1,200,186,184.6,177
lunch,3,8.76,0,0,200,180,204.9,193
breakfast,5,9.87,0,0,225,169,154.9,149
lunch,1,3.29,0,0,200,171,193.9,187
lunch,3,8.26,0,0,250,247,215.1,238
breakfast,5,7.75,0,1,175,139,114.1,126
lunch,5,7.72,0,0,175,144,137.0,143
breakfast,0,9.62,0,0,200,177,153.4,169
lunch,4,5.38,1,0,175,109,96.5,106
lunch,3,7.07,0,1,250,223,242.5,239
breakfast,4,8.41,0,0,200,158,151.2,161
breakfast,1,5.32,1,0,150,82,72.7,87
dinner,5,5.33,0,1,200,168,173.6,160
lunch,6,3.87,0,1,225,177,159.6,180
breakfast,3,8.03,0,0,150,110,127.2,118
dinner,6,7.18,0,0,200,148,155.7,161
breakfast,2,5.06,1,0,200,93,87.2,97
dinner,1,4.77,1,0,200,126,110.9,124
dinner,0,1.65,1,0,175,113,90.5,99
breakfast,0,1.06,1,0,200,85,94.6,84
breakfast,4,5.76,0,0,200,159,133.7,137
breakfast,5,4.76,0,0,200,138,132.6,130
breakfast,4,8.16,0,0,250,206,186.3,191
breakfast,2,5.88,0,0,250,203,185.5,200
dinner,2,9.43,0,0,150,134,141.3,150
breakfast,0,2.77,0,1,175,131,135.4,150
lunch,6,9.91,1,0,200,99,98.9,104
dinner,3,3.68,0,0,150,131,122.5,134
dinner,0,6.78,0,0,200,189,180.7,189
lunch,0,5.52,0,1,150,150,129.8,146
breakfast,6,4.24,0,0,200,117,130.2,121
lunch,6,2.25,0,0,150,110,109.8,108
lunch,2,2.21,0,0,150,134,119.6,138
lunch,6,7.4,0,0,225,171,173.9,177
breakfast,4,4.4,0,1,175,123,136.8,141
dinner,2,9.65,0,0,150,129,149.4,139
lunch,6,3.93,0,0,200,145,133.6,157
breakfast,5,9.85,0,0,150,102,103.0,103
lunch,2,2.85,0,0,225,202,207.3,205
lunch,2,1.93,0,0,200,177,163.6,182
dinner,0,3.81,1,0,200,130,110.0,116
dinner,3,8.97,0,0,225,223,208.3,222
dinner,0,5.7,1,0,225,142,146.9,147
breakfast,1,2.22,0,0,175,133,129.6,135
lunch,2,2.82,1,0,175,100,102.6,108
lunch,6,3.8,0,0,175,122,132.9,134
breakfast,6,6.31,0,0,150,92,90.4,95
breakfast,6,3.99,0,0,200,125,129.6,114
dinner,2,7.72,0,0,175,173,175.9,162
breakfast,6,6.55,0,0,175,99,114.1,106
lunch,1,8.86,0,0,200,200,191.5,189
breakfast,2,5.51,0,0,200,167,161.3,170
breakfast,6,3.98,0,0,225,148,126.8,135
breakfast,2,9.97,0,0,150,127,130.4,120
dinner,5,4.2,0,0,200,140,144.3,156
dinner,2,4.86,0,0,175,146,170.4,159
dinner,1,8.28,0,0,250,242,244.2,246
lunch,0,1.8,0,0,175,170,155.5,147
breakfast,2,4.48,0,0,200,157,165.7,154
lunch,3,1.77,0,0,250,224,236.3,214
lunch,1,2.25,0,0,175,166,167.0,163
dinner,4,1.04,0,0,225,194,187.7,186
breakfast,5,1.09,0,0,175,99,93.7,102
lunch,1,4.42,0,0,150,143,144.0,143
breakfast,0,8.28,0,0,150,138,117.4,133
breakfast,6,6.28,0,1,250,184,184.4,171
dinner,6,6.71,0,0,175,137,134.3,141
lunch,1,5.67,0,0,175,161,158.4,156
lunch,4,8.38,0,0,250,228,218.0,230
lunch,6,8.92,0,0,200,151,161.5,171
lunch,5,8.65,0,0,200,166,162.4,158
dinner,3,8.31,0,0,200,174,179.2,193
dinner,4,2.64,0,0,150,133,114.3,118
dinner,1,6.34,1,0,225,151,150.7,143
dinner,4,6.24,0,1,225,203,201.1,206
breakfast,6,5.75,0,0,150,84,85.5,93
dinner,6,5.33,0,0,200,155,134.6,154
lunch,1,1.8,0,0,225,191,190.2,200
breakfast,6,1.92,0,0,175,99,102.0,119
dinner,6,9.12,0,1,200,183,153.7,168
breakfast,3,6.67,0,0,200,157,147.7,165
dinner,3,3.36,0,1,225,218,204.9,214
lunch,0,3.51,0,0,150,122,125.6,135
lunch,3,6.49,0,0,225,200,221.9,212
lunch,2,4.66,0,0,175,169,161.7,160
dinner,4,4.97,0,0,150,131,114.8,130
lunch,4,1.55,0,0,200,180,151.6,161
lunch,1,2.25,0,1,175,174,152.6,169
breakfast,3,4.54,0,0,225,163,175.0,177
lunch,0,7.3,0,0,200,200,171.2,193
breakfast,6,1.43,0,1,200,139,112.9,128
dinner,0,4.01,0,0,200,166,183.6,173
lunch,0,7.26,0,1,250,240,231.2,233
dinner,5,8.13,1,0,225,117,119.7,117
breakfast,6,2.71,0,0,200,115,124.6,118
breakfast,2,7.58,0,0,200,160,153.3,159
dinner,3,9.6,0,0,200,193,174.5,196
breakfast,6,9.16,0,0,225,156,149.5,149
breakfast,0,8.1,0,0,175,138,129.0,142
breakfast,6,7.41,0,0,150,99,98.6,97
dinner,2,3.12,0,0,200,173,156.2,179
dinner,4,6.71,0,1,150,126,144.6,140
lunch,1,6.79,0,0,175,175,175.7,172
breakfast,3,4.66,0,1,200,175,178.1,167
lunch,3,5.44,0,0,175,166,152.8,163
dinner,5,7.25,0,0,150,132,118.1,115
lunch,4,9.57,0,0,200,178,195.8,179
breakfast,3,3.66,0,1,200,154,157.5,164
breakfast,5,3.22,0,0,200,134,118.2,134
breakfast,5,6.42,0,0,200,142,118.3,137
lunch,5,2.18,0,0,200,148,144.8,157
dinner,3,6.24,0,0,175,166,143.3,161
breakfast,3,1.8,0,0,175,126,122.9,134
breakfast,3,5.42,0,1,225,181,177.4,191
breakfast,2,6.58,1,0,200,100,102.0,99
dinner,5,1.63,0,0,175,134,121.1,125
breakfast,2,2.86,0,0,200,164,145.4,149
dinner,1,4.02,0,0,175,160,150.0,157
lunch,3,4.32,1,0,175,104,107.2,98
lunch,6,7.08,0,0,225,173,170.5,174
breakfast,4,5.76,0,0,200,145,159.4,145
breakfast,0,4.44,0,0,200,154,165.1,155
lunch,1,5.06,0,0,175,170,153.9,174
dinner,6,1.12,0,1,175,118,125.9,133
lunch,0,7.93,0,0,250,236,238.6,243
lunch,0,1.37,0,0,225,194,175.8,189
breakfast,3,8.46,0,0,225,171,170.3,190
dinner,4,5.87,0,1,200,186,172.4,187
dinner,0,5.75,0,0,200,175,175.8,187
breakfast,5,7.34,0,0,200,142,142.8,134
dinner,6,8.74,0,0,250,190,178.1,209
lunch,0,9.48,0,0,175,163,148.3,169
lunch,1,5.89,0,0,250,227,240.1,231
dinner,4,2.36,0,1,225,210,187.7,195
dinner,4,8.91,1,0,200,115,110.8,126
lunch,0,1.37,0,0,175,154,158.2,156
breakfast,4,8.27,0,0,225,187,162.5,176
lunch,1,7.12,0,0,225,223,211.5,218
dinner,6,9.14,1,0,200,88,95.2,100
breakfast,1,9.08,0,0,175,135,142.8,158
lunch,1,1.48,0,1,200,182,194.6,199
lunch,5,6.49,0,0,200,147,161.4,159
lunch,3,2.12,0,0,225,184,195.6,206
lunch,0,1.71,1,0,250,156,133.1,141
dinner,6,5.03,0,1,200,174,159.5,160
breakfast,4,1.88,0,0,225,169,160.9,158
breakfast,1,7.55,0,0,200,179,175.2,171
breakfast,0,9.72,0,0,200,177,158.8,167
dinner,6,6.13,0,0,175,144,124.1,133
lunch,6,3.12,0,1,225,179,184.3,185
breakfast,0,8.59,1,0,200,115,103.2,115
dinner,3,8.68,0,0,150,130,135.5,147
dinner,5,7.6,0,0,250,203,182.4,207
dinner,4,6.54,0,1,250,246,224.3,227
dinner,5,8.81,1,0,175,85,92.3,82
breakfast,6,2.47,0,1,200,121,125.1,135
dinner,4,9.38,0,1,250,225,249.9,233
lunch,6,9.52,0,0,225,183,163.0,182
dinner,1,8.85,0,0,250,238,217.1,239
dinner,1,3.26,0,0,200,174,181.5,183
dinner,0,8.72,0,0,175,175,168.4,169
lunch,4,5.48,0,0,175,143,144.9,153
breakfast,4,6.35,0,0,200,163,161.3,150
lunch,6,8.57,0,0,250,189,192.1,206
dinner,5,1.27,0,0,200,139,139.5,141
dinner,1,4.27,0,0,150,141,148.4,136
breakfast,2,8.34,0,0,200,172,162.0,174
breakfast,0,8.33,1,0,200,98,105.3,109
breakfast,4,8.64,0,0,200,162,154.1,154
dinner,3,2.52,0,0,200,186,159.3,166
dinner,3,7.35,0,0,175,162,174.7,159
breakfast,2,2.32,0,0,175,144,117.7,135
lunch,1,8.07,0,0,225,217,229.3,214
dinner,1,3.21,0,1,175,167,161.6,167
dinner,1,7.64,0,0,175,152,152.4,175
lunch,5,5.1,0,1,200,175,153.4,173
lunch,6,9.88,1,0,225,121,119.3,124
lunch,3,6.22,0,0,150,126,143.1,142
breakfast,1,6.69,0,0,175,145,153.7,151
lunch,3,4.31,0,0,200,182,168.8,186
dinner,2,7.61,0,0,175,175,158.5,174
dinner,0,5.45,0,0,225,211,220.2,198
lunch,6,1.16,0,1,200,152,148.7,150
dinner,5,6.48,0,1,225,192,182.7,181
breakfast,4,8.47,0,0,175,121,127.5,134
lunch,2,3.13,0,0,200,174,190.8,182
breakfast,6,2.99,0,0,225,135,129.6,143
breakfast,3,6.48,0,0,150,118,119.8,130
dinner,2,8.36,0,0,150,150,130.1,143
dinner,4,3.25,0,0,200,162,167.5,168
breakfast,6,9.39,0,1,200,135,155.8,148
lunch,5,9.35,0,0,200,160,173.9,168
dinner,0,2.8,0,1,150,146,125.1,137
breakfast,4,3.37,0,1,200,145,155.0,154
lunch,6,7.31,0,0,200,172,157.7,156
dinner,5,9.57,1,0,225,108,111.8,117
lunch,3,7.39,0,0,200,180,198.2,190
breakfast,4,5.0,0,0,200,151,153.7,149
lunch,2,2.52,0,0,200,178,181.7,180
dinner,1,5.15,0,0,200,181,191.4,184
lunch,2,6.46,0,0,175,168,151.6,169
breakfast,3,3.98,0,0,175,144,142.6,139
dinner,6,5.59,0,0,225,168,172.3,165
breakfast,0,2.17,0,1,200,164,156.7,161
dinner,4,5.07,0,0,200,182,158.0,174
breakfast,6,1.82,0,0,200,108,120.0,119
dinner,0,1.44,1,0,225,112,114.2,128
lunch,3,8.72,0,0,200,188,179.4,181
breakfast,4,2.85,0,0,250,174,177.1,187
breakfast,5,6.18,0,0,175,129,117.1,116
breakfast,5,2.34,0,0,175,104,95.4,108
dinner,6,3.36,0,0,200,159,128.7,150
dinner,2,4.25,0,0,250,218,203.0,217
lunch,6,2.29,0,0,225,178,170.6,164
lunch,2,1.41,0,0,175,148,154.0,153
dinner,3,8.89,0,0,200,187,189.3,195
dinner,5,1.11,0,0,200,148,144.1,144
lunch,4,1.55,0,0,175,132,129.6,142
lunch,5,8.25,0,0,175,143,132.6,145
lunch,2,3.54,0,0,200,189,186.7,182
dinner,6,7.51,0,0,225,189,176.6,170
breakfast,3,2.32,0,0,175,143,126.0,129
lunch,5,3.14,0,0,200,144,135.3,159
lunch,3,6.15,0,0,200,185,179.2,189
dinner,5,9.9,0,0,250,213,192.4,214
breakfast,6,1.66,0,0,200,109,119.3,119
lunch,0,4.6,0,0,150,141,144.2,139
lunch,6,1.39,1,0,200,71,83.4,76
lunch,5,2.79,0,0,225,181,164.3,175
breakfast,2,9.17,0,0,225,174,176.6,182
lunch,6,1.87,0,0,225,176,147.4,172
lunch,4,8.71,0,0,200,187,175.6,184
lunch,2,2.6,0,0,150,143,137.1,137
lunch,2,8.76,0,0,225,225,215.8,211
dinner,2,5.84,0,0,250,222,221.4,224
dinner,3,8.9,0,1,175,157,178.2,168
breakfast,1,2.37,0,0,150,128,123.9,108
dinner,1,7.86,0,0,175,168,175.2,164
lunch,0,7.13,0,0,225,216,206.0,210
breakfast,2,5.89,0,0,175,137,144.1,137
breakfast,1,8.3,0,0,225,191,203.6,197
lunch,0,6.83,0,0,150,149,145.9,142
dinner,3,8.89,0,0,150,137,133.9,139
dinner,2,4.43,0,0,225,211,181.4,197
dinner,4,6.31,0,0,225,206,211.1,200
lunch,3,8.84,0,0,200,196,204.9,195
lunch,0,2.93,0,0,175,152,161.0,159
breakfast,3,5.37,0,0,175,140,129.2,140
breakfast,4,9.65,0,0,150,128,125.3,125
lunch,3,5.26,0,0,200,173,197.0,185
breakfast,0,3.28,0,0,200,149,150.1,161
breakfast,4,4.16,0,0,200,133,136.6,154
lunch,4,8.97,0,1,200,199,182.6,192
dinner,3,9.59,0,0,200,200,170.0,184
dinner,4,9.55,0,0,250,240,226.4,232
dinner,6,7.29,0,0,200,155,148.1,157
lunch,3,5.59,0,0,200,171,195.5,178
lunch,2,2.64,0,0,200,190,168.3,178
lunch,4,2.11,0,0,200,157,149.0,171
dinner,3,1.54,0,0,225,206,198.3,193
breakfast,2,1.16,0,0,225,167,147.2,164
lunch,4,8.9,0,0,200,191,183.0,182
dinner,2,8.28,0,1,200,185,174.1,186
lunch,5,6.11,0,0,250,190,200.4,200
lunch,4,9.99,0,0,225,223,194.0,211
lunch,5,9.58,0,0,200,163,164.7,179
breakfast,0,6.9,0,0,225,176,172.4,180
lunch,0,5.18,0,0,200,185,170.5,173
lunch,3,2.37,0,0,175,160,155.2,151
breakfast,1,5.64,0,0,175,153,128.2,140
breakfast,5,2.42,0,0,200,114,131.4,124
dinner,5,4.59,0,0,200,158,158.5,150
breakfast,0,9.48,0,0,225,188,200.9,198
lunch,5,4.08,0,0,175,142,120.8,136
breakfast,1,2.38,0,0,200,169,136.5,152
dinner,2,6.24,0,0,200,198,175.1,182
breakfast,2,6.42,0,0,250,186,201.7,200
lunch,1,2.74,0,0,200,176,170.9,188
dinner,5,2.77,1,0,200,102,87.1,86
dinner,5,9.91,0,0,200,154,165.2,166
breakfast,5,3.19,0,0,150,99,85.6,95
dinner,6,8.54,1,0,225,124,113.7,104
lunch,3,5.23,0,1,175,175,177.2,168
lunch,4,4.91,0,0,200,165,176.4,177
breakfast,1,3.65,0,0,200,164,169.0,161
breakfast,1,7.96,0,0,150,134,117.1,124
dinner,6,8.93,0,0,200,147,141.1,158
lunch,1,3.35,0,0,200,185,172.9,183
lunch,1,1.86,1,0,150,79,91.9,95
dinner,6,2.23,0,0,225,148,160.9,155
dinner,1,8.14,0,0,200,199,177.4,191
breakfast,5,4.92,0,0,200,129,124.0,141
lunch,6,2.19,0,1,150,117,111.6,118
breakfast,3,4.06,0,1,200,155,174.4,171
dinner,0,5.63,0,0,200,188,172.5,181
lunch,5,8.67,0,1,250,232,203.0,222
dinner,5,6.78,0,0,200,166,156.9,154
breakfast,4,2.58,0,0,175,114,112.2,116
breakfast,6,2.43,0,0,200,124,116.8,116
breakfast,0,4.71,0,1,200,164,169.9,164
breakfast,1,1.68,0,0,225,166,184.9,170
breakfast,0,7.8,0,0,250,198,217.0,208
dinner,3,4.61,0,1,250,231,247.4,234
breakfast,2,4.09,0,0,225,167,167.8,172
breakfast,5,5.58,1,0,200,83,75.2,69
dinner,6,7.38,0,0,175,133,139.2,134
lunch,6,6.12,0,0,200,166,151.1,154
dinner,0,8.22,0,0,200,192,187.6,196
breakfast,4,6.66,0,0,175,145,127.7,137
lunch,3,8.09,0,0,175,175,152.6,153
breakfast,2,7.27,0,0,250,210,197.9,202
breakfast,3,2.74,0,0,225,178,176.0,173
dinner,6,1.47,0,0,200,126,131.6,142
breakfast,1,9.13,0,0,175,151,151.2,147
lunch,2,9.51,0,0,200,180,188.2,182
lunch,6,7.54,0,0,175,136,149.0,144
lunch,4,7.52,0,0,175,147,163.6,161
dinner,2,3.43,0,1,150,146,134.3,131
breakfast,6,5.88,0,1,200,138,136.9,124
lunch,4,9.93,0,0,200,192,198.6,189
dinner,1,8.71,0,1,175,153,153.6,170
lunch,4,3.74,0,0,175,160,147.2,151
dinner,3,3.71,0,0,200,177,162.7,185
breakfast,0,5.35,0,0,200,164,152.3,160
lunch,3,4.64,0,0,225,208,183.7,205
breakfast,6,4.34,0,0,200,126,130.8,127
dinner,6,6.64,0,0,200,162,164.6,147
dinner,5,1.1,0,0,200,154,143.1,141
breakfast,3,7.87,0,0,200,164,160.5,156
lunch,2,7.66,0,0,200,199,203.5,194
breakfast,1,8.47,0,0,225,203,183.1,196
lunch,5,8.57,1,0,225,131,119.5,122
lunch,5,6.1,0,0,175,132,146.6,141
dinner,5,8.02,0,0,250,208,197.2,191
lunch,6,5.43,0,0,250,185,178.4,201
lunch,0,9.56,0,0,225,210,222.1,199
breakfast,4,2.72,1,0,200,78,76.6,82
breakfast,2,9.24,0,1,225,209,209.8,197
breakfast,6,3.33,0,0,200,120,129.3,119
breakfast,1,1.92,0,0,175,129,133.5,132
dinner,6,4.95,1,0,225,94,89.9,101
lunch,0,6.53,0,0,200,176,202.4,196
lunch,6,3.08,0,1,175,133,145.4,139
breakfast,6,6.0,0,0,225,145,130.1,144
dinner,3,8.27,1,0,225,142,143.8,140
dinner,1,3.31,0,0,225,212,192.4,200
breakfast,5,6.22,0,0,225,162,141.0,152
dinner,1,4.05,0,0,200,196,182.3,184
lunch,1,5.77,0,0,200,184,194.3,193
breakfast,3,7.0,0,0,250,204,176.4,206
lunch,4,4.15,0,0,175,157,138.4,149
lunch,6,9.95,0,0,225,184,197.3,195
breakfast,2,6.07,0,0,200,171,156.6,161
dinner,5,8.42,0,0,250,202,197.6,202
dinner,4,7.53,0,0,200,184,186.6,180
lunch,0,8.68,1,0,175,107,106.0,120
lunch,6,2.56,0,0,225,157,169.8,169
lunch,5,3.0,0,1,200,177,159.9,171
lunch,2,5.39,0,0,175,157,167.6,159
lunch,6,8.67,0,0,150,125,123.9,113
breakfast,0,2.78,0,0,200,154,154.0,148
lunch,3,9.74,0,0,175,175,174.5,165
dinner,4,2.15,0,0,225,178,183.2,178
lunch,6,2.58,0,0,175,143,124.0,127
breakfast,5,2.51,0,0,200,110,114.0,118
dinner,1,6.27,0,0,200,182,179.3,181
breakfast,2,9.26,0,0,200,178,177.1,171
breakfast,6,3.3,1,0,175,42,51.2,59
breakfast,5,5.98,0,1,200,137,152.9,140
lunch,1,2.58,0,0,200,185,184.3,190
dinner,5,6.68,0,0,200,145,164.8,163
lunch,6,2.11,0,0,225,175,161.5,160
breakfast,0,5.42,0,1,200,168,170.8,169
dinner,1,6.9,0,0,225,225,229.6,210
dinner,1,6.21,1,0,200,114,125.4,129
dinner,5,2.26,0,0,200,147,137.1,145
breakfast,3,2.45,0,0,150,100,113.1,121
lunch,6,7.04,0,1,150,128,134.1,119
dinner,3,8.28,0,1,200,200,167.9,185
dinner,4,9.17,0,0,175,153,171.5,160
breakfast,0,8.32,0,0,225,176,183.9,187
breakfast,3,9.77,0,0,200,162,173.7,163
lunch,5,4.67,0,0,250,190,177.1,193
dinner,6,3.98,0,0,225,150,154.8,163
lunch,3,1.25,0,0,250,218,234.4,213
lunch,4,5.05,0,0,200,165,165.0,173
breakfast,2,6.86,0,0,200,155,155.9,161
lunch,4,8.34,0,0,200,185,172.2,182
dinner,1,3.41,0,1,250,225,230.8,233
lunch,6,5.62,0,0,200,141,141.3,157
dinner,1,6.96,0,0,175,175,163.0,160
dinner,3,5.96,0,0,175,145,149.4,160
breakfast,3,3.47,0,0,200,141,158.5,151
lunch,4,8.17,0,0,200,169,175.3,176
breakfast,4,2.56,0,0,200,139,147.5,136
dinner,5,9.14,1,0,225,105,117.0,103
lunch,0,9.57,0,0,200,175,202.0,194
lunch,5,4.29,0,0,200,161,162.6,155
dinner,1,4.39,0,0,150,150,146.3,140
lunch,5,7.69,0,0,200,178,161.6,168
dinner,4,5.11,0,0,150,128,137.1,124
lunch,6,1.26,0,0,200,148,132.1,142
breakfast,5,9.28,0,0,225,155,140.8,154
dinner,2,4.88,0,0,200,177,178.3,186
dinner,0,2.83,0,0,175,140,161.0,157
breakfast,4,6.0,0,0,225,180,155.9,167
dinner,6,2.97,1,0,200,89,91.3,93
dinner,3,2.85,0,0,200,159,159.6,165
breakfast,5,5.91,0,0,200,119,134.9,135
dinner,4,4.52,0,1,225,198,215.8,199
breakfast,3,6.16,0,0,150,120,127.7,114
breakfast,3,9.97,0,1,225,208,202.5,209
breakfast,1,8.73,0,0,175,138,148.2,160
dinner,1,1.07,1,0,150,88,78.1,97
lunch,6,1.46,0,0,200,147,128.2,143
breakfast,4,6.49,0,0,200,160,162.6,149
lunch,6,6.64,0,1,150,132,116.9,128
lunch,4,8.9,0,0,175,149,144.9,167
breakfast,2,6.66,0,0,200,160,159.0,154
dinner,0,3.05,0,0,225,199,187.6,203
dinner,0,5.22,0,0,175,158,151.3,154
lunch,4,8.28,0,0,175,161,152.1,159
dinner,1,9.31,0,0,225,215,198.0,213
lunch,5,3.13,0,0,200,160,164.3,152
dinner,6,5.86,0,0,200,144,141.8,147
lunch,2,2.43,0,0,200,184,177.5,177
lunch,0,5.47,0,0,200,200,173.5,188
breakfast,4,1.81,0,1,225,181,174.5,170
dinner,1,9.48,0,0,150,140,131.5,146
lunch,1,6.74,0,1,200,178,190.6,182
breakfast,1,8.69,1,0,175,90,100.5,99
breakfast,6,9.98,1,0,200,81,71.9,84
lunch,5,2.64,1,0,175,85,83.3,85
lunch,3,7.25,0,0,200,180,169.8,179
dinner,6,8.98,0,0,200,173,143.6,160
dinner,5,6.18,0,1,200,179,159.4,166
breakfast,1,6.76,0,0,225,194,179.8,183
dinner,4,4.67,0,0,225,196,188.8,197
breakfast,2,7.07,0,0,200,147,143.3,165
dinner,5,4.56,0,0,200,157,137.3,153
dinner,4,5.29,0,0,150,120,113.8,124
lunch,6,1.93,0,0,150,105,116.7,109
dinner,6,1.07,0,1,175,119,123.5,137
breakfast,1,1.5,0,0,250,183,195.4,200
lunch,2,2.73,0,0,225,211,203.3,201
dinner,0,5.11,0,1,200,189,194.7,187
lunch,0,1.19,1,0,200,102,122.6,118
lunch,6,2.4,1,0,225,84,90.8,92
lunch,4,8.03,0,0,200,172,176.6,173
dinner,2,7.86,1,0,200,115,121.0,126
lunch,4,8.11,0,0,200,183,164.1,186
breakfast,2,9.29,0,0,175,135,130.3,143
dinner,2,2.07,0,0,225,195,202.5,199
dinner,6,2.47,0,0,200,144,129.5,141
breakfast,4,4.0,0,0,225,158,143.9,165
breakfast,6,9.24,0,0,200,124,131.6,139
breakfast,2,7.98,0,1,225,208,186.1,202
lunch,5,3.92,0,0,200,143,138.4,151
lunch,1,1.79,0,0,225,193,182.5,201
dinner,2,6.55,0,0,225,211,221.0,203
lunch,5,3.31,0,0,175,120,143.1,136
lunch,2,5.78,0,0,150,140,136.7,146
lunch,5,9.48,0,0,250,214,220.4,215
dinner,4,6.15,0,0,175,149,158.1,147
lunch,0,9.31,0,0,200,182,189.2,191
dinner,3,4.54,0,1,225,215,218.4,218
lunch,2,6.7,1,0,150,103,103.4,99
breakfast,3,9.05,1,0,225,104,117.2,111
dinner,2,6.29,0,0,200,186,181.7,194
breakfast,4,6.53,0,0,175,139,116.3,138
dinner,4,7.45,0,0,200,173,175.0,177
breakfast,5,8.94,0,0,225,154,162.8,155
breakfast,2,1.79,1,0,200,86,92.9,91
dinner,4,4.03,0,0,225,196,191.7,197
breakfast,4,4.58,0,1,150,114,103.5,114
dinner,2,9.19,0,1,225,207,226.9,221
breakfast,5,9.6,0,1,175,120,127.5,131
lunch,5,2.08,0,0,175,123,131.2,138
dinner,5,2.07,0,0,200,152,140.1,145
lunch,5,9.41,0,0,175,133,139.6,150
breakfast,0,3.66,0,0,175,134,132.6,132
breakfast,2,3.18,0,0,225,160,168.4,171
breakfast,6,1.32,0,0,250,160,138.9,147
breakfast,0,3.48,0,0,150,108,119.7,117
lunch,4,7.24,0,0,200,189,161.1,172
dinner,0,4.83,0,0,175,148,142.7,155
dinner,6,5.65,0,0,225,183,152.4,175
dinner,6,9.26,0,1,200,171,168.8,166
dinner,6,2.03,0,1,200,143,146.3,158
lunch,5,1.64,0,0,200,149,144.6,146
breakfast,4,8.67,0,1,150,126,124.4,126
dinner,0,7.97,0,0,175,175,155.9,163
dinner,0,3.37,0,0,200,170,163.2,185
lunch,2,3.92,0,1,250,224,223.1,247
breakfast,0,3.79,0,0,225,183,187.7,170
lunch,4,6.83,0,1,225,225,228.0,214
lunch,5,1.55,0,0,175,136,140.3,126
dinner,2,5.4,0,0,250,234,201.9,223
lunch,0,2.2,0,0,225,205,180.5,206
lunch,2,8.38,0,0,200,180,168.9,190
dinner,3,4.43,0,0,225,209,208.6,200
breakfast,2,5.75,0,0,225,186,193.0,181
lunch,6,1.26,0,0,225,165,161.1,160
breakfast,5,1.52,0,0,225,131,138.7,129
dinner,6,7.08,0,0,225,164,165.4,169
dinner,3,7.9,0,0,250,244,240.7,230
breakfast,6,7.39,0,0,175,126,116.3,122
dinner,3,7.63,0,0,250,229,241.3,234
breakfast,2,1.94,0,0,225,182,165.6,169
dinner,4,7.24,0,0,200,189,162.6,170
dinner,5,2.64,0,0,175,122,125.8,122
dinner,4,1.88,0,1,200,166,164.0,171
breakfast,5,7.81,0,0,225,150,155.9,152
dinner,5,9.0,1,0,200,114,93.5,99
dinner,6,7.45,0,0,175,149,128.7,132
breakfast,6,8.25,1,0,200,71,64.3,70
dinner,4,9.92,0,0,250,214,238.9,226
breakfast,1,2.21,0,0,225,163,167.3,173
dinner,3,9.69,0,0,175,156,171.8,167
breakfast,6,6.41,0,0,200,122,116.0,133
dinner,6,8.32,0,0,250,201,181.0,192
lunch,6,6.85,0,0,150,115,123.9,118
breakfast,2,6.13,0,0,150,105,119.9,130
breakfast,4,7.33,0,0,225,186,151.6,170
breakfast,4,3.88,0,0,200,151,153.8,145
lunch,6,9.32,0,1,150,139,140.0,126
breakfast,2,2.04,0,0,250,178,190.3,191
lunch,6,3.86,1,0,200,82,93.3,88
breakfast,3,1.28,0,0,200,141,133.3,157
breakfast,2,3.44,0,0,200,142,159.1,151
dinner,6,2.96,0,0,225,176,146.7,161
breakfast,5,1.45,1,0,200,63,64.5,62
dinner,1,5.43,0,0,200,200,183.4,200
dinner,5,5.22,0,0,200,154,139.9,148
lunch,1,1.7,0,0,200,185,163.4,187
lunch,2,3.36,0,0,225,199,197.5,206
dinner,5,9.58,0,1,225,197,172.7,186
breakfast,3,2.0,0,0,225,153,179.1,166
breakfast,5,3.75,0,0,175,102,101.5,111
breakfast,4,1.32,0,0,150,97,100.2,104
dinner,1,2.34,0,0,225,211,202.3,209
breakfast,1,7.29,0,1,150,142,135.0,129
lunch,6,4.3,0,0,175,144,132.1,126
dinner,3,5.07,0,0,200,178,164.8,171
dinner,1,2.41,0,0,225,203,196.8,207
lunch,1,7.14,0,0,225,212,201.2,218
breakfast,6,7.76,1,0,200,63,64.6,72
dinner,3,2.63,0,0,250,231,207.8,213
lunch,5,1.4,0,0,225,159,168.3,168
breakfast,2,1.73,0,0,200,148,135.1,165
breakfast,5,6.91,1,0,175,58,59.3,65
dinner,4,2.22,0,0,200,158,148.0,167
lunch,4,5.45,0,0,225,200,175.2,190
dinner,1,2.37,0,0,175,167,167.6,159
dinner,4,2.53,0,0,200,171,173.9,170
lunch,2,1.04,0,1,250,219,215.8,230
lunch,1,3.89,0,0,175,159,162.3,162
lunch,6,1.81,0,0,175,134,133.2,131
breakfast,4,4.55,0,0,225,165,157.3,164
lunch,6,6.38,0,0,150,103,120.3,123
dinner,0,4.31,0,0,200,179,189.7,173
lunch,0,7.35,0,0,200,180,186.1,191
dinner,0,7.67,0,0,225,218,223.2,214
lunch,6,7.27,0,1,175,162,136.5,149
lunch,0,9.43,0,0,200,196,201.5,185
lunch,5,3.14,0,0,150,127,119.7,120
lunch,0,2.71,0,0,175,152,164.5,150
dinner,1,6.49,0,1,200,200,167.4,186
breakfast,3,6.35,0,0,175,140,140.8,139
lunch,5,5.59,1,0,200,87,95.1,102
breakfast,3,1.04,0,0,175,131,128.1,124
lunch,1,6.0,0,0,225,202,191.0,205
lunch,1,9.4,0,1,250,244,219.8,239
lunch,2,4.01,0,0,200,179,173.9,174
dinner,5,9.71,0,0,200,168,168.9,167
lunch,3,4.21,0,0,200,167,180.3,184
dinner,0,2.26,0,0,225,208,173.9,205
lunch,1,4.59,0,0,250,231,223.5,239
lunch,0,5.45,0,0,225,219,224.3,207
breakfast,3,6.67,0,0,175,146,128.2,141
breakfast,6,5.54,0,1,200,127,127.0,142
lunch,5,5.83,0,0,200,147,149.7,161
lunch,4,1.22,0,0,175,157,136.3,145
breakfast,6,3.28,0,1,175,116,104.0,121
breakfast,6,3.8,0,0,200,119,115.9,118
breakfast,4,9.88,0,0,225,188,176.8,171
dinner,1,3.66,0,0,225,199,208.1,195
lunch,2,9.07,0,0,200,197,191.6,197
lunch,0,3.74,1,0,250,165,139.6,149
breakfast,1,1.86,0,1,225,195,185.5,183
lunch,2,3.23,0,0,200,179,172.3,182
breakfast,0,3.46,1,0,225,97,110.7,102
breakfast,3,9.8,0,1,175,166,147.6,161
lunch,6,7.07,0,0,175,146,149.5,145
breakfast,6,9.39,0,0,250,177,170.5,173
breakfast,4,8.51,0,1,250,216,200.9,208
breakfast,2,6.21,0,0,225,176,177.5,178
breakfast,0,7.08,0,0,175,150,130.0,137
breakfast,1,6.62,0,0,200,152,167.6,166
lunch,0,7.0,0,0,200,182,203.8,187
dinner,1,3.38,0,0,175,163,156.3,162
lunch,6,4.67,1,0,200,100,100.3,88
lunch,4,6.33,0,1,200,178,172.0,182
breakfast,4,1.32,0,0,175,133,121.9,126
dinner,0,5.35,0,0,250,216,231.6,227
lunch,0,8.74,0,0,200,187,179.0,193
breakfast,1,5.43,0,0,200,151,154.9,168
lunch,1,5.97,0,0,200,180,203.1,188
breakfast,2,2.82,0,0,225,157,171.4,162
lunch,6,8.15,0,0,200,174,166.8,171
lunch,2,4.23,0,1,200,179,194.8,199
dinner,2,9.61,1,0,175,115,116.3,118
lunch,0,9.94,0,0,200,182,169.0,189
dinner,5,9.24,1,0,200,90,105.3,101
dinner,5,1.76,0,0,200,151,138.6,148
breakfast,5,4.0,0,1,200,144,133.4,140
breakfast,5,9.51,0,0,225,147,165.9,158
lunch,2,8.24,0,0,200,200,204.0,186
lunch,0,9.2,0,0,200,183,193.6,195
lunch,5,6.15,0,0,150,129,111.2,117
dinner,4,5.32,0,0,200,164,162.3,177
dinner,3,1.96,0,0,225,192,176.1,192
lunch,4,8.56,0,0,175,161,160.4,169
breakfast,0,7.71,0,0,150,132,131.1,118
dinner,0,1.53,0,0,150,116,135.5,138
dinner,3,2.88,0,0,150,118,129.5,131
dinner,1,6.02,0,0,225,200,226.5,212
breakfast,1,7.16,0,0,225,187,199.2,185
lunch,1,2.24,0,0,175,149,152.4,156
breakfast,2,3.2,0,1,250,203,202.0,199
breakfast,1,2.74,0,0,175,147,128.7,133
breakfast,6,2.98,0,0,200,133,106.7,123
lunch,2,9.29,0,0,200,192,184.3,198
dinner,2,7.44,0,0,150,137,144.2,145
breakfast,1,7.63,0,1,200,173,179.2,178
lunch,1,8.15,0,1,175,160,176.9,165
lunch,3,4.21,0,0,225,192,207.5,213
lunch,5,7.9,0,1,150,145,119.0,133
breakfast,3,9.81,0,0,150,129,116.7,123
lunch,2,7.29,0,0,225,202,192.8,217
dinner,3,4.75,0,0,225,207,208.8,202
breakfast,2,7.45,0,1,200,158,185.1,176
breakfast,0,9.11,0,0,200,164,154.5,175
lunch,2,2.16,0,0,175,154,161.2,151
dinner,2,3.39,0,0,175,161,149.9,149
lunch,3,9.27,0,0,200,190,180.7,193
dinner,5,9.52,0,1,200,171,187.5,176
lunch,0,5.36,0,0,200,185,176.5,181
lunch,4,4.37,0,0,225,189,198.4,204
breakfast,4,3.55,0,0,150,95,110.4,110
lunch,5,5.49,0,0,200,145,164.5,156
dinner,4,9.41,0,0,200,178,191.5,181
lunch,0,2.35,0,0,175,165,155.9,147
dinner,1,4.78,0,0,200,187,185.2,187
dinner,0,9.2,0,0,175,174,169.7,160
breakfast,3,4.14,0,0,175,144,121.9,132
dinner,6,7.91,0,0,250,184,180.3,196
breakfast,2,4.5,0,0,225,185,181.8,186
lunch,2,8.24,0,0,200,194,172.3,197
breakfast,3,9.83,0,0,200,166,170.0,156
breakfast,3,4.49,0,0,200,139,136.5,150
lunch,6,8.61,0,0,175,134,134.5,144
breakfast,6,9.9,0,0,200,138,138.7,137
lunch,2,9.85,0,0,150,131,145.0,148
lunch,6,4.9,0,0,200,144,153.9,148
breakfast,6,5.37,0,0,225,129,137.5,141
breakfast,6,3.73,0,0,225,128,128.5,134
lunch,5,3.83,0,1,225,182,185.5,186
lunch,1,5.43,0,0,175,166,152.2,164
dinner,6,2.8,1,0,200,95,74.9,88
lunch,1,7.4,0,0,250,238,209.5,234
dinner,1,5.83,0,0,225,201,197.0,207
dinner,3,9.08,0,0,150,150,125.8,150
lunch,6,8.3,0,0,225,171,169.2,189
dinner,2,3.9,0,1,225,215,199.8,219
breakfast,5,5.55,0,0,175,102,108.2,111
breakfast,2,7.75,0,0,200,160,167.7,159
dinner,6,2.74,0,1,175,147,130.7,125
lunch,2,1.28,0,0,225,199,214.3,200
dinner,6,8.67,0,0,150,114,127.3,122
dinner,5,2.24,0,0,200,159,158.2,143
dinner,0,9.0,0,0,250,248,228.1,239
dinner,5,9.22,0,0,225,179,163.5,175
lunch,0,5.15,0,0,200,193,195.7,200
breakfast,4,8.26,1,0,200,85,91.9,90
lunch,0,4.27,0,0,200,195,185.5,179
lunch,1,8.72,0,0,225,223,223.4,209
lunch,1,8.42,0,0,225,213,213.3,218
dinner,5,1.71,0,0,225,154,168.5,168
dinner,1,6.24,0,0,175,158,153.4,166
lunch,1,6.76,0,0,200,192,174.6,200
breakfast,4,1.01,0,0,225,140,153.6,157
lunch,1,9.82,0,0,225,215,214.6,215
breakfast,3,4.66,0,0,200,158,163.4,158
dinner,3,5.66,0,0,225,197,213.0,202
lunch,3,2.75,0,0,175,154,168.1,148
breakfast,0,6.5,0,0,200,157,172.8,159
breakfast,5,8.3,0,0,200,131,137.6,128
lunch,5,6.27,0,0,250,194,197.1,206
lunch,2,8.09,0,0,225,209,219.8,215
lunch,4,7.58,0,0,175,148,148.2,155
breakfast,3,3.14,0,0,200,158,143.5,149
lunch,3,4.92,0,0,175,163,165.3,162
breakfast,1,2.34,0,0,175,130,145.5,139
dinner,3,1.38,1,0,175,83,102.7,98
lunch,1,1.57,0,0,250,217,203.1,219
lunch,1,9.48,0,0,250,243,219.6,228
breakfast,2,9.86,0,0,200,158,158.0,167
dinner,0,1.85,0,0,200,159,166.5,177
lunch,1,4.02,0,0,225,221,188.7,209
dinner,1,2.03,0,0,200,180,164.9,183
breakfast,5,8.51,0,0,225,162,158.6,163
lunch,2,5.47,0,0,225,220,195.1,207
breakfast,1,6.59,0,0,200,164,176.3,157
lunch,4,5.86,1,0,250,133,141.8,152
dinner,0,7.39,1,0,200,132,114.3,141
lunch,4,3.87,0,0,200,172,181.4,173
breakfast,3,2.24,0,0,175,125,138.2,127
breakfast,0,1.16,1,0,250,120,117.2,116
lunch,3,5.01,0,1,150,139,139.0,144
breakfast,5,9.17,0,0,250,179,186.2,176
breakfast,6,3.75,0,0,250,152,156.3,152
dinner,6,2.76,0,0,225,156,148.9,162
lunch,6,9.33,0,0,200,165,161.8,159
breakfast,1,1.95,0,0,200,143,148.9,165
dinner,2,1.47,0,1,250,214,222.2,226
breakfast,4,8.91,1,0,250,124,116.5,105
dinner,3,7.31,0,0,225,204,190.3,208
breakfast,1,4.8,0,1,150,137,122.6,130
dinner,6,7.77,0,1,200,157,163.1,174
lunch,4,7.67,0,1,225,199,199.6,211
dinner,4,1.36,0,0,225,188,167.5,176
dinner,5,7.09,0,0,175,138,127.8,145
breakfast,5,6.77,0,1,200,148,132.3,140
dinner,6,9.67,0,1,150,125,124.1,131
lunch,3,9.7,0,0,225,204,196.3,208
lunch,6,4.4,0,0,225,169,175.0,166
lunch,6,6.31,0,0,200,161,148.7,155
lunch,1,2.27,0,0,225,206,220.0,200
breakfast,2,1.6,0,0,250,201,166.9,179
lunch,6,4.9,0,0,175,127,126.2,131
lunch,3,7.21,0,0,175,168,169.6,165
dinner,4,6.11,1,0,200,120,115.9,126
dinner,4,4.87,0,0,225,182,186.1,194
lunch,0,8.36,0,0,250,231,249.8,237
breakfast,6,8.15,0,1,175,117,111.8,126
breakfast,1,7.59,0,0,200,181,164.9,170
breakfast,0,1.69,0,0,200,148,138.0,150
breakfast,5,8.17,0,0,225,149,147.0,160
lunch,2,9.27,1,0,225,167,156.0,155
breakfast,3,1.53,0,1,175,122,123.3,136
dinner,6,4.62,1,0,225,94,88.9,95
lunch,4,9.9,0,0,250,220,225.6,236
lunch,1,6.39,0,0,175,157,155.1,172
lunch,4,5.62,0,0,200,178,181.3,181
breakfast,6,2.6,0,1,175,102,100.9,111
lunch,5,6.09,1,0,200,108,107.3,100
lunch,0,4.95,0,0,175,156,162.7,171
lunch,6,2.15,0,0,200,136,144.1,152
lunch,0,5.18,0,1,200,179,182.9,193
dinner,3,2.48,0,0,200,166,178.2,170
dinner,1,7.58,0,0,200,185,180.7,192
lunch,5,9.76,0,0,200,168,175.0,178
lunch,1,5.23,0,1,225,224,217.7,214
lunch,3,6.69,0,0,175,153,162.4,151
breakfast,5,4.88,0,0,200,130,136.4,139
lunch,5,2.25,0,0,200,154,143.3,156
breakfast,0,9.73,0,0,200,167,150.7,165
lunch,0,2.17,1,0,200,124,113.7,118
lunch,0,2.0,0,0,150,142,141.4,133
breakfast,4,5.13,0,0,200,158,132.5,146
dinner,2,6.93,0,0,175,149,168.3,163
dinner,6,4.19,0,0,225,164,173.5,170
dinner,0,2.73,0,0,200,180,169.9,184
lunch,2,8.37,0,0,175,175,152.5,163
dinner,2,4.27,0,0,200,168,171.2,184
breakfast,1,2.75,0,0,225,163,168.9,172
dinner,3,4.29,0,0,200,177,189.8,184
breakfast,4,2.93,0,0,225,166,149.9,162
dinner,2,5.68,0,0,200,183,196.6,183
breakfast,6,7.01,0,0,225,141,132.6,146
dinner,4,8.2,0,1,175,167,177.3,171
dinner,1,3.05,1,0,150,93,83.2,83
breakfast,0,2.5,0,0,225,157,156.2,177
lunch,5,1.18,0,0,200,142,133.8,145
dinner,2,3.05,0,0,200,190,167.0,181
lunch,3,1.22,0,0,200,182,174.6,175
dinner,5,4.11,0,0,250,175,191.5,183
lunch,1,2.31,0,0,175,160,152.6,158
lunch,4,6.22,0,0,175,145,144.5,152
breakfast,6,4.45,0,0,200,112,133.8,117
breakfast,0,1.84,0,0,225,170,157.9,171
dinner,4,4.6,0,0,225,189,183.5,184
lunch,3,2.88,0,0,200,185,173.8,174
lunch,2,7.12,0,0,200,196,195.3,192
lunch,3,4.28,0,0,175,169,144.8,154
lunch,4,2.32,0,0,225,186,177.3,196
dinner,4,4.15,0,0,150,128,137.1,137
dinner,5,3.02,0,0,200,142,155.7,157
lunch,3,8.16,0,0,175,175,160.8,168
dinner,3,9.85,0,1,175,170,149.7,165
dinner,3,1.23,0,0,200,155,179.1,171
lunch,0,7.21,0,0,200,198,197.0,198
dinner,6,3.38,0,0,200,131,145.4,140
breakfast,4,1.6,0,0,225,143,150.9,148
breakfast,1,1.13,0,0,200,150,162.2,151
dinner,0,8.93,0,0,175,155,155.9,167
lunch,0,4.18,0,0,200,197,173.7,189
dinner,0,9.95,0,0,175,151,175.1,171
dinner,5,4.98,0,0,175,119,134.7,142
breakfast,6,2.69,0,0,250,149,160.5,150
dinner,6,7.99,0,0,200,163,158.4,157
lunch,1,9.34,0,0,200,200,168.5,191
lunch,3,8.34,0,0,225,224,195.0,207
lunch,5,7.71,1,0,200,89,97.4,111
dinner,4,4.01,0,0,225,195,200.2,188
breakfast,2,1.58,0,0,225,168,175.8,166
lunch,5,2.81,0,0,225,165,177.5,172
dinner,2,5.02,0,0,175,170,157.5,155
dinner,4,9.61,1,0,250,142,138.9,152
dinner,1,7.51,0,0,175,152,150.4,169
breakfast,6,8.45,0,0,225,165,136.7,158
breakfast,2,3.5,0,0,175,133,141.9,136
lunch,0,7.15,1,0,250,158,148.1,172
dinner,5,8.76,0,0,200,166,169.8,162
breakfast,2,5.31,0,0,200,161,165.7,149
breakfast,4,4.87,0,0,225,169,149.6,159
dinner,6,7.47,0,1,175,132,153.8,147
breakfast,0,6.04,0,0,200,155,169.5,159
dinner,2,9.94,0,0,200,194,191.5,195
dinner,6,4.83,0,0,175,144,127.7,131
dinner,4,2.58,0,0,200,176,167.6,166
breakfast,1,5.25,0,0,200,175,155.7,157
breakfast,4,3.12,0,1,150,115,114.7,103
dinner,1,6.05,0,0,200,189,201.9,186
dinner,6,2.13,0,0,200,156,129.1,137
dinner,6,9.55,1,0,225,117,104.7,105
breakfast,0,8.74,0,0,225,175,184.2,188
dinner,4,2.4,0,0,225,185,173.3,190
dinner,3,2.55,0,0,225,203,210.3,197
lunch,5,5.61,0,0,250,194,203.8,201
dinner,3,7.96,0,0,200,187,180.8,183
dinner,3,2.97,0,0,250,222,231.2,212
lunch,3,1.55,0,0,250,224,199.0,214
breakfast,5,5.91,0,0,175,103,107.8,120
lunch,3,7.22,0,0,200,178,202.5,188
breakfast,1,3.2,0,0,175,140,135.8,146
lunch,4,7.66,0,0,200,182,193.7,187
lunch,6,9.56,0,0,225,188,199.2,194
breakfast,0,2.23,0,1,225,189,172.3,181
lunch,3,5.6,0,0,200,197,184.1,186
breakfast,6,1.51,0,0,200,131,122.8,110
dinner,3,2.86,0,0,175,153,143.0,153
dinner,0,1.81,0,0,175,137,147.3,156
breakfast,0,4.64,0,0,200,144,143.0,170
dinner,3,8.39,0,1,225,199,215.2,210
lunch,1,6.19,0,0,225,207,187.6,207
breakfast,6,3.0,0,1,225,158,142.6,152
breakfast,0,1.36,1,0,225,90,106.6,95
lunch,4,5.98,0,1,175,156,173.8,162
dinner,6,2.2,0,0,175,115,130.1,135
dinner,4,4.08,0,0,200,173,153.5,167
breakfast,6,5.59,1,0,175,61,57.1,62
breakfast,1,9.13,0,0,175,150,153.6,157
lunch,5,1.74,0,0,175,119,117.9,128
breakfast,2,7.02,0,0,150,122,110.9,121
breakfast,1,1.13,0,1,200,175,143.9,161
breakfast,3,6.67,0,0,200,168,151.1,161
dinner,2,5.96,0,0,175,154,169.9,156
dinner,3,8.31,0,0,175,172,161.0,162
lunch,4,5.78,0,0,200,170,186.0,163
dinner,0,4.17,0,0,200,172,161.4,175
breakfast,6,3.18,0,0,250,165,135.5,155
lunch,3,1.77,0,0,175,143,160.3,158
breakfast,4,5.81,0,1,150,124,116.6,123
lunch,1,8.99,0,0,225,214,207.5,221
dinner,3,5.63,0,0,175,166,154.1,163
lunch,4,7.65,0,0,200,193,174.0,180
lunch,0,3.69,0,1,225,213,225.2,217
lunch,6,5.03,0,1,150,125,121.1,117
breakfast,3,3.92,0,0,175,140,144.0,129
dinner,5,1.98,1,0,150,55,68.2,66
lunch,4,4.75,0,0,175,165,157.2,148
lunch,3,7.88,0,1,175,160,167.2,157
lunch,0,4.55,0,0,200,188,192.7,186
lunch,6,6.85,0,0,225,187,188.0,183
breakfast,3,7.83,0,1,150,129,117.0,134
dinner,3,3.9,0,0,150,136,126.6,140
breakfast,6,8.18,0,1,200,135,148.9,148
dinner,5,4.05,1,0,200,93,84.1,88
dinner,4,3.3,0,0,200,156,166.5,167
dinner,2,3.0,0,0,200,190,183.4,175
lunch,6,2.8,0,0,225,164,154.4,166
lunch,3,7.63,0,1,200,189,182.5,192
breakfast,2,8.99,0,0,200,157,177.5,165
dinner,1,3.08,0,0,150,122,129.4,132
breakfast,3,1.77,0,0,250,192,185.2,185
lunch,2,3.82,0,0,175,159,154.7,170
breakfast,1,6.92,0,0,225,198,197.4,192
breakfast,5,4.32,0,0,200,123,123.5,123
lunch,4,5.94,0,0,200,167,169.4,174
breakfast,3,7.7,0,0,200,156,148.2,167
dinner,4,4.68,0,1,200,194,171.9,182
breakfast,1,10.0,0,0,200,178,176.4,170
breakfast,4,3.68,0,0,200,148,131.8,149
lunch,4,9.8,0,1,175,168,169.5,165
breakfast,6,2.83,0,0,200,116,105.9,121
breakfast,0,2.0,0,0,150,122,107.7,111
dinner,1,7.76,0,0,175,167,161.5,160
breakfast,4,7.32,0,0,200,154,137.6,150
dinner,2,8.3,0,0,250,225,241.0,239
breakfast,1,4.09,0,0,200,162,143.2,156
breakfast,0,9.38,0,0,225,198,169.7,186
dinner,3,2.08,0,0,200,185,164.0,166
breakfast,5,1.27,0,0,250,158,155.2,151
breakfast,4,3.71,1,0,200,95,90.1,85
lunch,2,8.18,0,0,200,192,196.7,185
breakfast,0,7.06,0,0,200,166,157.7,162
dinner,1,4.93,0,0,200,190,172.9,186
breakfast,5,3.31,0,0,225,135,132.6,142
dinner,5,1.53,0,0,175,139,119.0,128
dinner,4,4.04,0,0,200,167,158.1,166
lunch,0,5.14,0,0,200,190,166.3,187
dinner,0,7.18,0,0,175,160,150.6,163
lunch,2,6.81,0,0,200,188,171.3,191
dinner,3,9.53,1,0,200,118,114.6,134
breakfast,3,1.9,0,0,200,136,138.7,152
dinner,6,4.03,0,0,175,137,122.6,132
lunch,3,5.33,0,0,200,191,196.0,186
lunch,6,7.04,0,1,225,178,205.0,196
lunch,5,5.46,0,0,200,154,158.3,155
dinner,5,9.21,0,0,250,190,217.3,199
breakfast,1,6.48,0,0,150,114,124.5,130
breakfast,5,1.36,0,0,175,95,103.8,111
dinner,5,2.02,0,0,175,139,113.7,132
lunch,0,7.78,0,0,200,179,168.9,189
dinner,1,7.44,0,0,175,175,147.1,174
dinner,0,2.38,0,0,225,193,179.3,193
dinner,2,1.53,0,0,250,216,194.3,214
dinner,6,6.21,0,0,175,123,122.2,127
breakfast,6,6.72,0,0,250,158,159.4,159
breakfast,2,2.22,0,0,200,159,148.1,151
dinner,6,5.26,1,0,175,85,75.0,77
lunch,1,3.75,0,0,225,208,212.8,213
breakfast,1,9.38,0,0,150,135,123.6,131
lunch,5,2.97,0,0,200,160,141.4,156
dinner,6,7.6,0,1,225,182,190.4,193
lunch,2,5.66,0,0,250,226,251.8,240
lunch,4,1.1,0,0,150,128,129.2,124
lunch,3,5.65,1,0,150,85,90.5,95
breakfast,5,1.9,0,0,250,161,146.1,150
lunch,3,6.93,1,0,225,134,127.8,154
lunch,2,6.09,0,0,225,221,214.4,206
breakfast,6,1.09,0,0,225,128,121.1,126
dinner,6,2.84,0,0,225,152,164.7,160
lunch,3,7.99,0,0,200,194,196.1,178
dinner,4,3.48,0,0,225,203,199.6,188
dinner,6,5.49,0,0,150,119,111.8,113
breakfast,4,3.81,0,0,225,149,170.5,159
lunch,0,9.29,1,0,200,131,139.4,136
lunch,1,5.83,0,0,250,229,225.3,230
dinner,3,7.27,0,0,250,245,208.2,226
breakfast,6,1.75,0,0,175,114,95.6,106
dinner,4,1.36,1,0,225,122,121.7,118
lunch,6,3.33,1,0,250,100,110.5,113
breakfast,1,3.78,0,1,175,138,148.9,151
breakfast,1,7.19,0,0,225,187,195.7,188
lunch,0,6.12,0,0,200,196,190.5,191
dinner,1,4.37,0,0,200,187,193.4,182
breakfast,1,6.89,0,0,225,181,167.8,181
lunch,5,2.47,0,0,225,157,180.3,170
lunch,2,1.57,1,0,175,97,107.4,108
dinner,6,8.69,1,0,225,114,117.7,110
breakfast,0,6.08,0,0,150,107,123.1,117
dinner,0,6.84,0,0,200,188,173.9,188
breakfast,3,3.77,0,0,150,103,102.9,106
lunch,1,4.35,0,0,175,170,148.6,167
breakfast,3,1.74,0,0,250,170,181.3,179
breakfast,5,8.71,0,0,225,146,149.5,158
lunch,4,6.33,0,0,225,192,203.2,207
breakfast,1,1.75,0,0,175,120,131.4,129
dinner,4,8.24,0,1,200,190,171.1,198
breakfast,2,5.0,0,0,200,165,139.1,163
lunch,5,7.89,0,0,225,191,167.5,188
lunch,1,1.11,0,0,175,172,143.7,156
breakfast,3,1.26,0,1,175,124,140.3,142
breakfast,3,2.54,0,1,225,193,168.7,180
lunch,1,2.9,0,0,175,147,144.7,162
lunch,6,7.88,0,0,200,173,165.0,168
lunch,3,7.36,0,0,200,191,201.9,191
lunch,6,6.54,0,1,150,123,112.5,126
lunch,1,8.96,0,0,175,166,178.1,166
breakfast,0,3.22,0,0,225,168,184.0,169
lunch,3,9.14,0,1,250,239,233.4,239
dinner,6,9.19,0,0,200,152,150.3,159
lunch,1,4.91,0,0,200,174,171.5,196
dinner,1,1.85,0,0,200,190,186.0,184
breakfast,6,7.54,0,0,175,102,115.1,113
dinner,3,4.03,0,0,200,185,178.8,176
dinner,0,8.15,0,0,200,195,198.9,183
lunch,3,2.47,0,0,200,168,171.5,166
dinner,1,5.86,0,0,200,174,179.3,190
breakfast,0,5.57,0,0,200,159,164.2,156
breakfast,4,1.9,0,0,250,189,164.4,178
dinner,2,4.27,0,0,150,128,127.7,131
dinner,3,1.76,0,0,175,157,143.4,149
breakfast,5,5.18,0,0,250,150,171.4,162
breakfast,1,8.59,0,0,150,136,131.5,126
breakfast,0,3.43,0,0,225,176,162.3,164
breakfast,6,7.88,1,0,200,70,65.4,76
dinner,6,2.65,0,0,150,118,103.5,107
lunch,6,7.06,0,1,150,134,126.6,120
lunch,0,9.24,0,0,200,189,192.9,196
lunch,4,3.92,1,0,175,106,91.1,105
breakfast,3,9.1,0,0,225,199,173.0,187
breakfast,5,5.55,0,0,200,131,139.6,130
lunch,6,3.85,0,1,175,144,134.9,140
dinner,0,9.07,0,0,175,165,156.5,161
dinner,6,1.29,0,0,225,156,161.0,158
breakfast,4,1.25,0,1,225,156,162.6,157
dinner,1,6.4,0,0,225,204,198.0,218
dinner,6,8.17,0,0,150,105,113.5,114
dinner,4,7.76,0,0,200,191,161.8,170
lunch,3,1.72,0,0,225,184,185.3,192
lunch,6,9.55,0,0,225,194,178.3,185
breakfast,4,7.33,0,1,175,143,140.7,145
breakfast,0,9.54,1,0,250,122,139.9,134
breakfast,0,3.96,0,0,150,103,111.0,113
breakfast,2,7.25,0,1,200,169,171.1,168
lunch,4,8.74,0,0,250,216,247.2,235
dinner,1,4.42,0,0,225,206,216.0,210
lunch,6,9.68,0,1,200,188,162.3,176
breakfast,5,3.38,0,0,225,126,130.1,135
dinner,5,3.84,0,0,200,136,152.9,149
dinner,3,9.28,0,1,150,141,141.9,140
dinner,2,9.73,0,0,200,200,188.0,199
dinner,4,3.57,0,0,200,155,153.0,168
lunch,1,2.23,0,0,200,181,174.3,180
dinner,2,7.83,0,0,175,171,170.3,174
breakfast,0,9.37,0,1,225,194,204.9,204
lunch,3,6.41,0,0,175,150,148.8,167
breakfast,6,6.71,0,0,200,134,125.5,137
breakfast,6,7.87,0,0,225,151,144.3,154
breakfast,6,2.38,0,0,225,141,131.5,132
lunch,4,9.76,0,0,175,151,158.5,162
dinner,5,4.28,0,0,250,201,186.3,192
lunch,1,6.65,0,0,150,143,148.1,143
breakfast,6,5.22,0,0,175,114,105.4,101
dinner,6,5.21,0,0,175,119,129.7,124
lunch,0,7.32,0,0,200,189,190.3,190
lunch,2,9.95,0,0,225,208,227.6,204
dinner,6,6.93,0,0,175,122,136.5,128
breakfast,3,8.15,0,0,250,212,184.9,202
lunch,2,1.25,0,0,175,145,153.5,154
dinner,5,8.29,0,0,200,155,163.0,164
breakfast,2,3.7,0,0,200,164,135.8,158
lunch,1,2.14,0,0,225,209,184.4,207
dinner,0,2.02,0,0,200,178,153.8,179
dinner,4,7.12,0,0,175,146,137.0,150
breakfast,1,9.98,0,0,200,172,155.3,168
breakfast,5,7.0,0,0,200,131,143.6,133
breakfast,3,3.36,0,0,150,124,105.0,117
lunch,5,2.83,0,0,150,101,105.0,118
lunch,5,5.73,0,0,175,144,146.2,145
breakfast,2,1.59,0,0,225,173,173.1,171
dinner,3,4.59,1,0,200,118,120.8,129
lunch,1,7.0,0,1,175,171,160.1,170
breakfast,5,9.71,0,0,175,128,109.0,123
lunch,1,4.83,0,0,175,174,172.5,170
dinner,6,2.8,0,0,200,138,151.5,152
breakfast,6,8.36,0,0,150,113,97.6,93
breakfast,6,7.7,0,0,150,104,99.9,97
dinner,4,8.74,0,1,175,165,161.9,161
lunch,2,2.93,0,1,225,224,200.1,212
lunch,1,4.64,0,0,200,200,186.7,186
lunch,6,9.83,1,0,200,116,106.9,108
breakfast,6,2.42,0,0,150,87,81.1,95
breakfast,3,7.04,0,0,225,174,178.5,187
lunch,5,3.13,0,1,175,156,148.0,147
breakfast,6,5.5,0,0,150,104,92.6,97
breakfast,4,8.2,0,0,225,174,159.5,170
dinner,3,5.4,0,0,200,178,189.7,186
dinner,2,8.25,0,0,225,212,216.1,220
dinner,4,4.84,1,0,225,136,125.8,109
dinner,4,9.99,0,0,250,227,231.4,240
breakfast,4,4.92,0,1,200,151,145.9,149
dinner,5,2.34,0,0,150,106,107.6,106
breakfast,6,4.62,0,0,200,129,118.1,128
dinner,0,7.68,0,0,200,186,196.8,183
dinner,4,8.63,0,0,150,144,134.7,135
dinner,3,5.14,1,0,200,131,122.8,114
dinner,3,6.35,1,0,200,122,124.5,126
lunch,2,8.6,0,1,175,162,162.1,165
breakfast,1,8.32,1,0,150,95,85.4,80
lunch,1,6.92,0,0,225,199,213.7,217
lunch,0,8.34,0,0,225,216,197.1,211
breakfast,5,6.18,0,0,175,117,108.8,121
lunch,6,1.04,0,0,150,107,112.9,104
dinner,5,1.37,0,0,225,174,174.1,159
breakfast,6,9.82,0,0,175,127,118.8,121
dinner,4,2.3,0,0,200,159,157.9,167
dinner,6,4.64,0,0,200,163,149.7,149
dinner,0,9.4,0,0,175,161,162.1,163
dinner,2,2.76,0,1,200,184,195.0,181
lunch,2,8.59,0,0,250,230,248.0,238
dinner,1,8.36,0,0,200,200,184.5,191
dinner,2,9.88,0,1,250,224,246.7,236
breakfast,4,3.54,0,0,175,134,115.7,135
lunch,3,3.84,0,0,225,188,193.8,200
dinner,2,9.13,0,1,175,156,148.7,175
breakfast,0,3.11,0,0,175,124,139.6,133
lunch,4,5.93,0,0,175,144,166.6,161
lunch,2,7.37,0,0,225,201,212.0,215
breakfast,5,3.45,0,0,225,129,146.7,148
lunch,6,9.45,0,0,200,161,157.5,175
dinner,2,6.99,0,0,200,200,184.6,187
lunch,5,1.42,0,0,225,156,159.5,164
breakfast,4,2.22,1,0,250,108,103.0,93
breakfast,2,2.72,0,1,200,176,150.5,160
lunch,5,3.2,0,0,200,144,139.3,159
dinner,3,7.58,0,0,150,142,147.3,146
breakfast,1,1.8,1,0,175,77,86.3,88
lunch,4,4.16,0,0,175,146,159.1,151
breakfast,5,9.2,0,0,175,125,127.4,127
breakfast,0,6.01,0,0,175,143,143.6,143
dinner,2,3.39,0,0,200,167,187.8,174
dinner,5,9.61,0,0,250,191,189.9,204
breakfast,6,3.2,0,0,225,146,143.4,145
lunch,5,9.15,0,0,200,162,177.6,160
breakfast,5,7.53,0,1,150,106,111.5,114
lunch,6,7.66,0,0,150,134,120.0,115
lunch,1,7.88,0,0,225,225,197.5,214
breakfast,6,5.56,0,1,175,127,126.4,128
breakfast,6,8.33,1,0,200,86,72.7,75
lunch,0,8.53,0,0,175,158,166.4,166
dinner,6,4.24,0,0,175,136,129.2,128
dinner,0,4.6,0,0,175,158,166.4,165
breakfast,3,9.0,0,1,200,183,158.8,179
dinner,6,5.72,0,0,200,144,134.7,157
lunch,1,8.8,0,0,200,178,175.7,195
lunch,6,6.64,0,0,200,160,153.6,162
dinner,5,6.34,0,1,175,137,142.2,148
dinner,4,1.28,0,0,150,118,119.9,119
dinner,1,3.5,0,0,200,175,164.3,184
lunch,6,5.52,0,0,150,113,120.5,115
lunch,1,6.29,0,0,175,162,156.1,158
dinner,0,6.67,0,1,225,206,226.3,221
breakfast,3,7.45,0,0,200,157,168.7,156
lunch,3,6.91,0,0,175,173,147.3,163
lunch,1,8.64,0,1,250,250,211.1,232
lunch,1,3.66,0,0,200,186,187.1,182
breakfast,6,6.77,0,0,250,159,145.1,157
breakfast,2,1.46,1,0,200,76,88.5,87
dinner,5,5.32,0,0,175,125,120.9,136
breakfast,0,3.41,0,1,175,141,139.5,145
lunch,5,4.43,0,0,225,162,169.6,180
breakfast,4,4.19,0,0,175,133,126.8,125
breakfast,4,1.54,0,0,175,127,116.1,109
breakfast,3,5.2,0,1,225,191,169.8,192
breakfast,0,9.95,0,0,225,178,200.2,196
dinner,5,3.69,0,0,250,188,176.7,185
breakfast,3,7.63,0,0,250,194,180.5,206
dinner,4,5.93,0,0,200,184,170.5,175
lunch,1,3.93,0,0,200,177,197.4,188
lunch,0,1.81,0,0,200,187,166.6,180
lunch,0,2.94,0,0,200,168,175.6,176
lunch,5,8.04,1,0,200,94,100.9,102
dinner,6,3.51,0,0,200,134,129.9,148
breakfast,2,2.3,0,0,175,122,139.1,132
lunch,5,3.98,0,0,200,141,159.9,155
dinner,1,6.26,0,1,250,243,213.1,242
dinner,6,7.33,0,0,225,162,158.6,162
dinner,6,4.49,0,0,200,140,130.6,154
lunch,6,5.48,0,0,175,134,145.4,135
dinner,1,5.09,0,1,225,207,205.2,213
lunch,3,1.08,0,0,200,173,185.5,176
lunch,0,4.56,0,1,200,200,183.2,188
breakfast,3,6.29,0,0,250,209,178.4,193
lunch,1,6.13,0,0,200,180,180.2,193
breakfast,2,7.75,1,0,250,126,125.3,138
lunch,0,7.03,0,0,175,158,151.9,171
dinner,1,3.49,0,0,250,234,202.2,232
breakfast,2,3.3,0,0,200,143,144.3,145
breakfast,5,5.18,0,0,200,139,128.4,134
breakfast,4,7.6,0,0,200,165,143.4,152
dinner,6,1.84,0,0,200,151,152.2,139
lunch,1,9.53,0,0,200,200,185.5,190
lunch,4,5.89,0,0,200,178,161.3,185
dinner,3,3.76,0,0,200,187,170.4,172
dinner,4,7.24,0,0,250,220,225.8,219
lunch,1,1.4,0,0,175,162,154.4,151
dinner,4,5.36,0,0,175,150,142.9,142
dinner,6,5.37,0,0,225,161,152.3,167
lunch,0,2.46,1,0,200,122,115.7,125
breakfast,1,8.54,0,0,150,125,114.2,133
dinner,2,8.17,1,0,200,140,123.1,130
lunch,4,2.37,0,0,200,174,152.6,169
breakfast,0,4.27,0,0,200,156,158.4,153
lunch,6,1.9,0,0,175,124,132.4,120
breakfast,3,8.64,0,0,250,192,190.4,198
breakfast,3,3.91,0,0,225,182,153.9,178
dinner,6,4.95,1,0,225,105,95.9,94
breakfast,4,3.91,1,0,225,85,95.2,87
lunch,3,3.79,0,1,150,139,146.8,138
lunch,2,7.73,0,0,200,189,182.5,180
breakfast,1,7.73,0,1,225,192,190.6,205
dinner,0,5.66,0,0,150,135,145.4,137
breakfast,5,6.92,0,1,225,172,157.1,160
breakfast,4,5.6,0,0,250,185,180.3,188
breakfast,3,1.26,0,0,200,155,141.4,151
breakfast,1,1.59,0,0,200,167,145.8,153
breakfast,5,4.45,0,0,200,131,131.3,128
dinner,2,7.75,0,0,200,180,176.0,181
dinner,3,9.22,0,0,200,184,181.6,187
breakfast,3,1.27,0,0,225,162,154.5,168
lunch,0,4.31,0,0,200,172,182.9,184
dinner,2,3.01,0,0,200,172,189.8,183
dinner,2,8.34,0,0,225,199,204.1,217
lunch,4,8.61,0,0,200,198,197.5,174
breakfast,5,2.86,0,0,225,143,141.6,142
breakfast,0,7.4,0,0,225,192,191.2,184
dinner,4,7.59,0,0,175,167,146.7,145
dinner,0,2.59,0,0,200,181,162.8,166
breakfast,2,4.9,0,0,200,159,156.3,153
lunch,0,6.58,1,0,250,169,174.7,160
dinner,0,1.23,0,0,225,199,198.3,198
dinner,0,4.64,0,0,200,171,184.0,175
dinner,1,2.39,1,0,200,117,115.4,127
dinner,1,5.88,0,0,225,213,222.8,214
lunch,5,8.59,0,0,200,161,169.2,165
lunch,5,5.72,0,0,150,110,120.8,121
lunch,6,1.32,0,0,200,144,136.1,154
breakfast,2,1.27,0,0,150,96,118.9,110
lunch,0,6.45,0,0,200,199,175.8,188
dinner,2,3.95,0,0,200,173,176.3,181
breakfast,1,6.15,0,0,225,190,175.4,179
dinner,0,2.47,0,1,200,178,169.5,185
lunch,4,7.99,0,0,150,144,124.5,134
dinner,1,8.75,0,0,200,200,178.3,194
breakfast,1,9.0,0,0,175,150,152.7,150
breakfast,1,3.74,0,0,175,139,149.4,143
lunch,6,6.95,0,0,200,167,166.0,157
breakfast,0,3.51,0,1,250,214,189.3,198
dinner,5,7.86,0,0,250,202,180.0,209
dinner,3,2.08,0,0,225,202,197.4,189
breakfast,4,7.86,0,0,175,131,119.6,135
lunch,4,4.96,0,0,225,188,207.2,198
lunch,2,8.7,0,1,150,150,148.4,146
lunch,0,7.65,0,0,150,128,147.5,149
dinner,5,4.39,0,0,225,158,169.4,169
dinner,1,9.13,0,0,200,180,204.2,185
dinner,3,3.55,0,1,200,197,180.7,174
dinner,0,9.7,0,1,225,224,229.5,212
lunch,0,7.9,1,0,175,119,122.5,104
dinner,6,9.92,0,0,175,133,127.6,136
dinner,5,1.49,0,0,225,151,172.6,162
dinner,3,3.47,0,0,175,167,144.9,161
dinner,1,7.67,0,1,200,181,196.4,189
breakfast,0,9.3,0,0,200,156,147.8,172
dinner,4,1.26,0,0,175,144,132.8,142
breakfast,4,1.0,0,0,225,146,159.9,155
lunch,3,3.31,0,0,200,187,192.3,184
lunch,1,8.68,0,0,200,175,173.7,191
dinner,3,7.9,0,0,175,152,158.4,161
dinner,0,4.06,0,0,200,173,178.5,185
dinner,6,1.02,0,0,150,103,112.4,102
dinner,6,5.99,0,0,200,160,147.5,147
lunch,4,3.14,0,0,200,156,182.4,165
dinner,6,7.71,0,0,200,152,167.8,154
lunch,2,5.02,0,0,225,212,223.3,209
lunch,3,7.11,0,0,225,198,218.3,213
breakfast,6,8.67,0,0,200,132,121.3,133
dinner,2,5.82,1,0,175,95,108.1,106
dinner,2,4.02,0,0,250,227,230.9,225
lunch,5,7.93,0,0,150,110,131.7,128
breakfast,4,3.39,0,0,175,123,130.5,110
dinner,3,9.02,0,0,175,166,163.0,155
breakfast,2,1.64,0,0,250,174,172.2,192
dinner,0,8.52,1,0,175,112,110.7,112
dinner,6,1.82,0,0,200,128,143.1,146
lunch,5,1.51,0,0,225,165,158.7,161
breakfast,1,4.27,0,0,250,193,194.3,200
dinner,6,9.61,0,0,200,155,142.2,154
dinner,6,9.85,0,0,200,153,170.0,163
lunch,6,2.82,0,1,250,211,175.6,196
dinner,5,2.34,0,0,150,123,105.8,102
breakfast,1,4.18,0,0,225,186,176.8,183
lunch,4,4.03,1,0,175,90,106.4,102
dinner,3,7.84,1,0,225,156,151.5,140
dinner,3,5.0,0,0,175,142,158.5,154
breakfast,1,8.02,0,0,200,176,168.5,174
dinner,6,7.74,0,0,150,109,111.5,119
lunch,0,6.2,0,0,175,157,146.6,165
lunch,1,8.5,0,1,200,180,177.4,184
breakfast,1,2.76,0,0,225,183,184.7,186
dinner,3,2.46,0,0,250,228,219.1,217
breakfast,2,7.76,0,1,175,154,158.5,160
breakfast,0,3.2,0,0,175,122,140.4,131
breakfast,3,1.03,0,0,250,191,163.3,181
dinner,5,9.21,0,0,225,179,174.3,181
dinner,1,6.61,0,0,200,193,191.9,190
dinner,2,5.0,1,0,200,129,127.1,121
breakfast,0,7.53,0,0,175,153,148.8,146
lunch,4,4.0,0,0,200,173,166.8,172
lunch,0,9.58,0,0,200,200,202.6,192
dinner,0,1.62,0,0,200,169,162.6,176
dinner,6,6.77,0,0,200,142,147.1,147
breakfast,1,8.0,0,0,150,119,115.5,120
dinner,1,5.22,0,1,225,198,197.1,207
breakfast,4,7.79,0,0,250,183,170.2,196
lunch,4,9.34,0,0,225,194,196.8,215
breakfast,4,7.7,0,0,175,147,127.1,133
breakfast,3,3.78,0,0,175,139,118.8,136
lunch,3,6.06,1,0,225,146,134.6,140
lunch,1,9.2,0,0,200,198,178.7,193
lunch,1,5.04,0,0,225,225,221.5,225
dinner,4,7.14,0,0,150,124,120.3,140
lunch,3,5.19,0,0,225,204,212.2,214
breakfast,2,2.09,0,0,200,160,136.8,160
dinner,3,1.53,0,0,150,135,125.3,131
breakfast,1,9.57,0,0,200,185,176.7,178
lunch,3,6.51,0,0,200,198,187.2,184
dinner,1,1.93,0,0,200,191,179.6,182
lunch,4,8.72,0,0,175,169,148.3,156
breakfast,6,5.7,0,0,225,156,149.5,151
lunch,4,7.95,0,0,200,194,195.9,178
dinner,4,2.14,0,0,250,209,187.6,206
lunch,2,9.16,1,0,250,179,178.7,167
dinner,6,6.31,0,1,175,146,136.3,142
lunch,2,7.64,0,1,200,178,193.8,193
breakfast,1,1.28,0,0,175,139,130.5,125
lunch,0,3.84,0,0,200,174,190.1,183
dinner,5,3.41,0,0,225,177,149.4,175
breakfast,2,9.55,0,0,200,182,158.7,168
breakfast,1,2.67,0,1,175,155,129.0,149
breakfast,6,7.36,0,0,150,104,104.7,88
lunch,3,1.38,0,0,150,133,119.7,126
dinner,6,2.78,0,1,200,148,148.6,162
breakfast,4,4.05,0,0,250,192,183.5,178
lunch,4,8.15,1,0,200,130,119.6,121
breakfast,4,8.11,0,1,225,185,183.6,185
dinner,1,9.57,0,1,200,187,175.0,188
breakfast,4,9.25,0,0,200,168,141.2,143
lunch,2,1.73,0,0,200,192,165.8,182
dinner,3,8.47,0,0,250,244,221.7,237
dinner,4,5.06,0,0,175,158,144.5,154
lunch,1,8.79,0,0,200,194,178.4,191
lunch,3,1.8,0,0,225,200,175.7,195
lunch,4,8.4,0,0,200,192,165.4,186
breakfast,0,2.44,0,0,175,138,133.9,129
breakfast,4,4.0,1,0,200,81,75.9,87
lunch,5,1.26,0,0,200,148,132.5,155
breakfast,6,2.11,0,0,250,140,154.3,153
breakfast,2,5.01,0,0,200,153,140.3,157
lunch,3,8.37,0,0,200,199,169.8,183
dinner,2,7.96,0,0,200,176,187.1,191
lunch,0,3.12,0,0,200,189,175.3,181
breakfast,0,2.37,0,0,250,187,202.8,186
breakfast,5,4.5,0,0,200,138,136.6,133
dinner,2,8.95,0,0,175,158,168.0,167
breakfast,3,1.82,0,0,225,171,148.5,170
breakfast,0,5.89,1,0,175,77,85.3,75
lunch,0,1.8,0,0,150,138,118.2,122
lunch,4,5.23,0,0,175,160,163.5,157
lunch,5,2.14,0,0,225,155,172.0,173
breakfast,6,1.72,0,1,250,170,159.2,155
breakfast,1,2.72,0,1,175,139,140.0,151
dinner,6,3.3,0,0,200,155,142.4,151
breakfast,6,3.49,0,0,200,108,117.1,122
dinner,0,6.81,0,0,200,178,167.4,190
dinner,3,1.49,0,0,150,126,129.6,132
lunch,3,1.73,0,1,150,124,150.0,145
breakfast,4,2.7,0,0,200,151,128.2,143
breakfast,3,8.85,0,0,225,176,199.6,187
lunch,4,6.66,0,1,150,127,150.5,145
dinner,0,7.57,0,0,175,175,173.6,160
dinner,0,4.33,0,0,175,146,164.3,150
breakfast,6,2.92,1,0,200,63,64.9,57
breakfast,0,1.34,0,0,150,125,103.2,115
dinner,0,5.4,0,0,225,216,198.3,202
dinner,1,6.17,0,0,200,200,183.5,180
dinner,5,9.07,0,1,200,174,154.6,161
breakfast,6,8.94,0,0,200,136,145.3,135
lunch,6,4.82,0,0,175,148,136.4,139
dinner,5,4.81,0,1,200,160,158.2,159
dinner,1,2.45,0,0,250,229,241.6,223
lunch,0,3.32,0,0,150,124,127.1,132
breakfast,3,9.33,0,0,150,129,117.5,122
lunch,4,2.27,0,0,175,154,135.9,146
breakfast,6,9.72,0,0,225,154,141.3,149
lunch,5,5.54,0,0,150,120,109.2,125
dinner,2,5.11,1,0,200,124,122.3,124
lunch,4,2.57,0,0,200,156,159.6,164
dinner,2,6.95,0,0,200,191,199.1,183
breakfast,2,5.14,0,0,150,114,123.1,116
dinner,6,4.34,0,0,200,142,135.0,148
dinner,0,3.38,0,0,175,148,162.3,156
breakfast,2,1.6,0,0,150,119,106.3,110
breakfast,0,5.67,0,0,200,169,147.2,158
lunch,1,3.82,0,0,225,198,217.6,211
breakfast,3,7.37,0,0,250,201,212.4,199
dinner,2,7.51,0,0,250,240,251.9,241
dinner,6,3.99,0,0,200,158,141.7,152
lunch,3,7.02,0,0,225,219,210.4,211
breakfast,0,3.33,0,1,200,177,163.5,169
lunch,2,7.54,0,0,200,184,191.1,192
dinner,4,1.14,0,0,150,115,117.2,124
breakfast,6,2.36,0,0,200,131,108.3,126
lunch,1,3.21,0,0,250,242,207.4,236
lunch,5,7.96,0,0,200,156,175.1,170
lunch,1,1.6,0,0,200,176,172.5,175
breakfast,2,2.69,0,0,225,184,156.7,171
dinner,6,4.23,0,0,200,134,159.4,144
breakfast,1,1.08,0,1,200,166,168.6,155
breakfast,5,7.86,0,0,200,146,146.4,128
dinner,4,6.04,0,0,200,187,162.8,178
dinner,3,9.11,0,0,250,241,230.5,238
breakfast,4,1.28,0,0,200,153,144.8,132
breakfast,1,3.44,1,0,200,109,97.1,98
breakfast,5,7.58,0,0,200,145,129.3,133
breakfast,3,7.08,0,0,200,168,145.9,155
breakfast,6,3.19,0,0,225,136,135.0,140
breakfast,5,6.36,0,0,200,123,133.0,132
lunch,4,8.14,0,0,200,175,187.4,188
dinner,0,1.3,0,1,200,190,190.0,180
lunch,0,7.46,0,0,200,198,171.7,178
dinner,3,3.27,0,0,225,210,198.1,197
breakfast,3,9.53,0,0,175,153,151.3,147
dinner,3,5.84,1,0,200,124,116.9,121
dinner,0,1.3,0,0,250,211,202.0,217
dinner,4,4.63,0,0,175,161,145.4,147
dinner,3,9.7,0,0,150,148,133.8,141
dinner,0,7.57,0,1,175,154,163.0,166
lunch,3,3.7,1,0,250,139,142.2,155
breakfast,3,6.18,0,0,150,113,114.8,118
lunch,5,6.39,0,0,175,147,149.9,137
dinner,3,1.21,0,0,200,170,180.8,167
dinner,0,2.61,0,0,225,206,213.5,197
lunch,4,5.97,0,0,225,205,195.4,193
breakfast,0,4.62,0,0,150,131,106.9,112
lunch,0,2.71,0,0,250,212,238.0,225
dinner,3,7.95,0,1,175,162,165.9,174
lunch,5,5.4,0,0,175,140,143.1,143
lunch,2,3.79,0,0,200,172,167.0,182
breakfast,6,2.46,0,0,200,106,112.3,114
lunch,2,6.5,0,0,200,189,176.7,182
dinner,2,7.0,0,0,250,236,231.1,238
lunch,0,7.03,0,1,200,178,205.1,194
dinner,3,2.98,0,0,225,190,197.5,200
lunch,6,6.36,0,0,150,105,116.4,116
lunch,2,9.15,0,0,225,218,219.8,209
breakfast,1,4.18,0,1,175,142,140.0,142
dinner,1,2.9,0,1,200,195,176.8,191
lunch,1,7.95,0,1,200,191,199.0,183
lunch,4,2.59,0,0,200,170,182.3,172
lunch,3,3.28,0,0,250,215,216.0,224
dinner,0,1.91,0,0,200,173,154.6,174
breakfast,0,3.41,0,0,175,136,122.7,134
dinner,3,4.69,0,0,175,146,164.0,156
breakfast,5,1.58,0,0,225,151,123.9,143
lunch,6,8.85,0,0,200,162,168.3,163
breakfast,5,5.62,0,0,200,126,131.5,130
breakfast,4,6.29,0,0,250,192,192.8,188
lunch,3,4.34,0,1,250,250,220.7,235
breakfast,5,7.03,0,0,225,140,133.4,145
lunch,6,4.89,0,1,200,163,144.7,166
dinner,4,7.85,0,0,175,152,159.9,146
breakfast,2,8.39,0,0,225,191,186.5,184
dinner,2,7.05,0,1,225,201,223.2,210
lunch,4,5.42,1,0,225,145,125.7,124
lunch,3,8.04,1,0,200,117,129.8,137
breakfast,2,5.45,0,0,200,171,164.8,158
breakfast,3,2.0,0,0,225,167,163.5,169
breakfast,5,2.05,0,0,225,130,148.9,141
breakfast,2,9.54,0,0,150,127,129.6,126
breakfast,6,2.92,0,1,200,124,133.2,139
lunch,6,8.34,0,1,200,162,178.9,174
dinner,5,3.22,1,0,225,88,103.5,102
dinner,6,4.88,0,0,175,136,120.1,135
dinner,3,6.89,0,1,250,248,218.5,237
breakfast,3,2.43,0,0,175,140,131.2,131
breakfast,6,7.64,0,0,150,96,95.8,103
breakfast,1,7.21,0,0,200,165,176.1,165
breakfast,4,5.89,0,0,250,183,175.4,184
lunch,0,6.09,0,0,200,200,177.9,183
lunch,4,1.95,0,0,150,135,115.1,122
lunch,6,4.92,0,0,175,121,144.2,135
lunch,3,1.78,0,0,175,167,139.1,164
dinner,3,3.77,0,0,150,131,142.1,128
dinner,4,9.1,0,0,200,180,184.9,182
breakfast,3,6.17,0,0,200,157,141.9,160
dinner,5,7.68,0,0,200,159,145.7,157
dinner,2,6.16,0,0,175,153,152.2,164
breakfast,3,2.75,0,0,225,170,157.5,163
lunch,6,6.35,0,0,200,166,168.7,152
lunch,6,7.8,0,0,200,167,160.4,159
dinner,4,2.25,1,0,225,116,105.6,112
dinner,4,8.35,0,0,175,167,154.7,150
breakfast,4,6.0,0,0,175,138,138.8,122
lunch,6,1.04,0,0,175,116,121.4,124
lunch,1,5.68,0,0,225,214,215.8,224
lunch,6,4.56,0,0,150,127,117.9,119
breakfast,5,3.67,0,0,200,112,115.5,117
dinner,6,7.94,0,0,225,171,185.0,170
dinner,5,9.1,0,0,200,163,158.1,161
dinner,6,7.86,0,0,200,159,139.0,157
dinner,6,8.62,1,0,150,75,78.1,75
dinner,1,9.18,0,0,225,218,211.5,212
lunch,5,9.21,0,0,200,179,154.5,166
lunch,1,2.03,0,0,200,187,171.7,174
breakfast,5,5.11,0,0,225,136,145.1,142
dinner,1,1.0,0,1,200,184,177.6,183
breakfast,1,5.56,0,0,200,160,151.0,153
dinner,5,9.32,0,1,200,181,169.8,169
breakfast,1,2.79,0,0,250,205,178.8,202
breakfast,6,6.76,0,0,200,139,120.8,128
breakfast,5,6.8,0,1,225,175,169.3,164
breakfast,1,2.44,0,0,200,146,143.5,163
dinner,6,3.15,0,0,200,142,147.8,152
dinner,6,5.16,0,0,175,121,121.8,125
lunch,4,2.69,0,0,200,183,156.8,172
breakfast,0,6.26,0,0,175,149,130.2,144
breakfast,5,5.36,0,0,200,116,126.6,126
breakfast,1,5.67,0,1,150,136,118.2,132
breakfast,4,2.21,0,0,200,130,127.1,141
dinner,0,5.66,0,0,175,156,165.0,163
breakfast,1,1.45,0,1,225,182,161.9,184
lunch,0,8.93,0,0,200,180,181.8,195
breakfast,5,4.09,0,0,250,169,152.5,155
breakfast,6,8.71,0,0,200,119,141.9,135
lunch,6,7.31,0,0,225,174,185.2,187
lunch,0,7.9,0,1,175,171,163.0,169
breakfast,6,3.83,0,0,200,119,120.0,127
breakfast,2,3.05,0,0,200,161,151.9,148
lunch,3,4.66,1,0,175,94,101.8,97
breakfast,6,1.22,0,0,200,130,118.3,116
breakfast,2,9.27,0,0,175,150,149.5,153
dinner,5,4.48,0,0,200,149,151.2,150
lunch,5,9.9,0,0,150,140,113.2,125
lunch,0,7.85,0,0,150,137,128.6,138
lunch,6,1.72,0,0,175,134,112.8,124
lunch,6,6.94,0,0,225,169,182.2,177
lunch,6,3.44,0,0,200,146,146.3,155
dinner,4,3.19,0,0,225,190,201.3,195
dinner,1,3.31,0,0,250,240,243.0,223
breakfast,3,9.24,0,0,200,166,172.6,159
lunch,6,5.5,0,0,200,147,150.1,152
lunch,1,7.03,0,0,225,218,200.9,213
dinner,4,3.53,0,0,200,177,154.6,170
lunch,5,5.71,0,0,225,176,165.8,174
lunch,3,4.15,0,0,200,182,195.1,194
breakfast,2,3.89,0,0,200,166,152.8,153
lunch,5,3.22,0,0,175,122,118.2,134
breakfast,5,4.68,0,1,175,129,107.6,123
lunch,0,6.94,0,0,200,183,184.6,185
breakfast,4,3.0,0,0,200,136,138.5,148
dinner,0,9.69,0,0,175,160,159.5,175
breakfast,0,2.12,0,0,175,127,137.9,128
lunch,1,5.32,0,1,200,175,193.9,194
dinner,5,1.77,0,1,200,157,140.6,154
breakfast,4,1.2,0,0,225,147,148.6,154
lunch,0,9.3,0,0,225,208,212.9,212
lunch,2,8.29,0,0,225,210,203.7,213
breakfast,3,7.25,0,0,200,173,148.4,163
dinner,6,8.79,0,0,200,149,159.9,163
breakfast,4,8.23,0,1,250,221,207.1,206
lunch,1,6.83,0,0,175,173,178.4,166
lunch,4,8.63,1,0,175,101,108.2,116
lunch,5,4.52,0,0,150,128,123.4,113
dinner,1,5.97,1,0,225,150,154.1,146
breakfast,3,7.99,0,0,200,157,157.6,157
breakfast,2,1.76,0,0,200,148,133.6,154
dinner,0,8.73,1,0,225,157,133.6,146
lunch,4,2.41,0,0,200,165,165.8,167
dinner,1,8.78,0,0,225,223,225.5,206
dinner,3,3.8,0,0,200,184,178.9,178
dinner,0,3.94,0,0,225,196,185.0,201
lunch,6,1.67,0,0,200,137,149.0,149
lunch,3,8.97,0,0,175,173,175.8,161
dinner,2,2.57,0,0,175,151,136.5,161
lunch,0,6.67,0,0,175,175,154.1,163
breakfast,0,6.8,0,0,200,148,147.5,157
dinner,6,3.53,0,1,150,104,121.3,121
dinner,0,9.87,0,0,200,200,201.1,188
lunch,1,1.58,1,0,225,146,135.8,145
breakfast,0,6.47,0,0,200,146,169.0,154
lunch,3,5.32,0,0,225,220,209.4,206
dinner,1,3.21,0,0,175,166,159.8,165
dinner,0,2.47,0,0,250,226,218.1,219
breakfast,3,7.63,0,1,175,140,133.5,146
breakfast,3,9.25,0,0,200,151,177.2,166
dinner,4,1.97,1,0,250,139,123.7,130
lunch,3,2.75,0,0,250,209,232.0,228
lunch,6,9.88,0,0,200,159,171.9,174
dinner,5,1.14,0,0,200,140,154.5,143
breakfast,2,5.57,0,0,225,168,169.2,178
lunch,0,5.65,0,0,200,180,201.9,185
breakfast,6,3.37,0,0,175,102,99.7,107
lunch,0,6.97,0,0,225,205,206.7,216
dinner,0,9.5,1,0,225,143,152.2,151
lunch,3,5.05,0,0,200,182,167.6,177
dinner,3,7.74,0,0,200,190,173.6,181
lunch,0,6.81,0,0,150,141,145.6,148
breakfast,5,5.26,0,0,175,106,122.5,108
breakfast,1,1.45,0,0,200,146,157.1,151
lunch,1,7.68,0,0,175,175,174.7,175
lunch,2,4.27,0,1,250,248,210.3,238
breakfast,4,3.02,0,0,225,150,160.3,162
lunch,6,9.53,0,0,200,149,174.3,162
lunch,2,7.96,1,0,250,161,168.7,168
dinner,0,9.66,0,0,175,172,168.5,171
lunch,6,3.31,0,0,250,175,172.2,189
dinner,0,8.52,0,0,200,180,199.9,189
breakfast,0,6.47,0,0,200,162,169.5,159
breakfast,4,9.83,0,0,200,147,159.4,159
lunch,3,9.52,0,0,200,179,183.4,192
lunch,4,9.76,0,1,225,219,222.6,202
breakfast,2,9.57,0,0,200,166,163.5,170
dinner,3,1.07,0,1,200,185,188.0,184
dinner,3,7.67,0,1,175,168,162.2,165
lunch,2,3.45,0,0,225,192,204.2,202
breakfast,3,7.35,0,0,200,166,165.8,157
dinner,6,9.83,0,0,175,136,131.6,131
lunch,1,1.35,0,1,175,165,154.3,166
dinner,2,6.1,0,0,175,152,163.2,162
dinner,2,7.61,0,0,200,176,201.3,192
dinner,1,3.28,0,0,200,192,175.4,194
lunch,4,3.03,0,1,225,193,215.1,203
breakfast,4,1.54,0,0,200,148,136.7,144
dinner,4,1.85,0,0,200,158,176.3,156
lunch,3,6.91,0,0,250,226,244.0,233
dinner,1,5.55,0,0,225,197,220.9,215
breakfast,6,1.27,0,0,175,101,103.6,103
breakfast,2,9.73,0,0,250,222,222.3,217
dinner,2,6.9,0,0,225,214,208.7,214
dinner,2,5.64,0,0,200,192,181.8,192
dinner,3,3.45,0,0,200,176,185.6,180
dinner,3,6.92,0,0,200,189,162.5,183
lunch,5,4.28,0,0,225,162,170.8,179
lunch,6,7.32,0,0,175,147,146.5,134
dinner,4,7.14,0,0,150,139,121.3,143
lunch,5,1.83,0,0,200,146,160.7,148
lunch,5,9.18,0,1,175,144,159.4,155
breakfast,3,5.38,0,0,200,145,161.1,158
lunch,4,4.54,0,0,250,203,220.9,221
dinner,4,9.6,0,0,200,191,177.4,189
breakfast,2,4.94,0,0,250,187,191.5,193
breakfast,3,7.49,0,0,225,181,190.7,176
breakfast,4,6.9,0,0,150,119,103.5,110
breakfast,5,2.49,0,0,225,136,136.8,140
breakfast,1,9.92,0,0,175,143,143.2,155
lunch,1,5.17,0,0,225,215,229.4,216
dinner,3,4.55,0,0,225,204,177.0,203
lunch,2,9.28,0,0,225,222,190.2,215
breakfast,2,5.76,1,0,175,92,93.4,92
breakfast,4,7.35,0,0,225,162,170.1,176
dinner,6,8.62,0,1,200,160,152.5,161
lunch,3,3.12,0,1,150,150,137.7,144
dinner,6,2.53,0,0,225,149,153.0,165
lunch,1,1.62,0,1,225,214,226.3,209
dinner,5,9.07,0,1,200,171,176.0,177
breakfast,4,2.8,0,1,200,165,137.7,152
dinner,5,3.77,1,0,200,95,89.8,95
breakfast,6,3.57,0,1,200,130,119.7,126
dinner,4,3.74,0,0,225,176,192.5,185
lunch,0,7.01,0,1,200,199,194.8,195
breakfast,5,9.59,0,0,175,111,122.1,127
breakfast,3,3.97,0,1,200,156,174.9,153
breakfast,5,4.67,0,0,200,136,137.9,128
dinner,5,7.94,0,0,200,161,148.3,149
breakfast,4,4.89,0,1,200,164,138.2,167
lunch,1,9.33,0,0,175,151,168.1,163
breakfast,6,5.53,0,0,175,97,108.2,110
lunch,0,4.13,0,0,200,190,173.3,179
dinner,5,9.74,0,1,200,171,186.1,173
dinner,6,4.83,0,1,200,159,171.0,156
dinner,6,3.08,0,0,225,168,173.8,169
breakfast,1,2.6,0,1,200,173,162.7,165
breakfast,2,9.96,0,0,200,168,172.5,166
dinner,0,7.78,0,0,200,191,171.9,190
lunch,0,4.68,0,0,200,193,198.0,175
lunch,6,8.44,0,0,175,145,132.1,138
breakfast,4,5.92,0,0,250,195,171.8,186
breakfast,5,3.86,0,0,175,101,99.0,105
breakfast,2,7.69,0,0,225,194,183.2,188
dinner,4,7.71,0,0,225,206,213.9,200
breakfast,3,5.5,0,0,175,141,124.3,140
lunch,1,1.41,0,1,250,240,214.3,240
breakfast,1,1.69,0,0,150,114,107.5,122
lunch,4,8.1,0,0,200,197,185.4,178
breakfast,6,8.41,0,0,200,122,132.6,139
dinner,1,7.1,0,1,225,213,191.5,210
dinner,5,8.55,0,0,150,116,117.2,122
breakfast,1,7.48,0,0,200,158,149.2,169
dinner,5,9.07,0,0,175,151,150.2,148
dinner,3,2.35,0,1,200,169,165.0,183
dinner,2,4.49,0,1,200,199,185.1,195
dinner,0,5.18,0,1,150,133,139.5,149
breakfast,4,3.68,0,0,150,115,106.5,106
lunch,4,7.53,0,0,150,149,136.2,135
breakfast,5,9.21,0,1,225,164,171.4,164
breakfast,3,4.71,0,0,250,204,170.9,191
dinner,3,9.47,0,0,200,188,168.4,191
breakfast,6,5.65,0,0,225,142,143.3,142
dinner,0,5.7,0,0,200,187,167.7,182
dinner,2,6.4,0,0,200,176,193.6,187
dinner,4,3.41,0,0,200,170,168.9,167
dinner,5,4.45,0,0,225,166,184.0,164
breakfast,3,5.98,0,0,175,132,141.5,134
breakfast,4,9.48,0,0,200,156,141.9,160
lunch,5,6.78,0,0,225,196,166.4,183
breakfast,1,4.0,1,0,250,111,110.3,120
breakfast,4,1.09,0,0,175,123,124.4,118
lunch,2,9.83,1,0,225,150,139.4,151
dinner,5,5.44,0,0,150,121,117.5,114
lunch,2,9.45,0,0,175,151,164.5,170
breakfast,4,5.94,0,0,150,126,112.7,120
lunch,1,6.45,0,0,200,187,186.5,191
breakfast,2,7.41,0,0,200,149,143.9,171
breakfast,3,3.89,0,0,175,133,124.7,132
dinner,5,7.29,0,0,150,114,125.8,121
lunch,4,5.74,0,0,200,167,188.7,176
dinner,1,7.05,0,0,175,156,149.3,169
breakfast,3,8.52,0,0,150,135,131.7,127
dinner,4,2.66,0,1,225,206,200.8,195
lunch,6,6.52,0,0,200,166,167.1,162
lunch,1,1.47,0,0,225,213,195.9,201
lunch,3,1.92,0,0,200,183,158.5,170
dinner,2,7.07,0,1,150,138,133.5,147
lunch,4,1.64,0,0,200,167,170.0,169
lunch,4,6.36,0,0,225,201,208.8,202
dinner,2,2.98,0,0,150,126,117.5,134
dinner,6,3.74,0,0,225,166,161.3,163
lunch,0,2.17,0,0,200,183,159.8,182
dinner,3,3.24,1,0,250,151,151.6,138
lunch,2,8.39,0,0,250,223,231.1,247
breakfast,4,6.75,0,0,225,183,181.8,167
lunch,3,9.55,0,0,150,150,127.2,136
dinner,6,1.44,0,0,175,120,116.4,126
dinner,3,8.13,0,0,200,188,189.9,182
lunch,0,7.29,0,0,200,183,178.4,195
lunch,4,3.35,0,0,200,171,180.3,176
breakfast,1,7.56,0,0,175,138,158.4,141
dinner,0,7.45,0,0,225,208,197.5,210
dinner,0,5.13,0,1,175,160,158.1,174
lunch,1,7.2,0,0,200,196,204.0,188
dinner,1,5.0,0,0,200,200,177.0,182
dinner,6,4.02,0,0,225,178,164.5,165
lunch,6,5.2,0,0,200,161,159.2,157
breakfast,0,9.06,0,1,250,224,214.8,220
lunch,3,4.46,0,0,250,222,217.6,224
dinner,2,4.63,0,0,200,193,177.2,184
dinner,2,6.48,0,0,150,141,144.0,149
lunch,0,7.78,0,0,150,140,133.8,142
dinner,3,7.61,0,0,225,212,198.6,206
breakfast,1,1.18,0,0,200,158,139.5,151
lunch,5,7.19,0,0,200,148,166.3,155
dinner,0,5.05,0,1,175,175,175.9,166
dinner,4,5.72,0,0,175,140,139.4,155
lunch,3,6.05,0,0,150,147,123.3,136
breakfast,4,7.59,0,0,200,162,147.3,146
breakfast,4,8.48,0,0,200,154,150.1,161
lunch,0,6.82,0,0,200,179,191.7,182
lunch,3,6.08,0,0,250,240,209.0,232
breakfast,4,4.36,0,0,200,135,152.5,154
dinner,6,2.24,0,1,225,176,171.1,174
lunch,6,9.63,1,0,175,97,90.0,81
lunch,3,5.16,0,0,200,182,173.6,178
dinner,2,6.1,0,0,150,130,131.5,134
breakfast,5,7.76,0,1,225,160,146.1,158
breakfast,4,1.62,0,0,175,132,125.8,115
dinner,4,8.7,0,1,225,214,213.2,208
lunch,3,8.17,0,1,250,224,254.8,240
dinner,6,7.97,0,0,200,145,149.3,161
dinner,5,1.2,0,0,200,133,145.9,136
dinner,2,5.74,0,0,200,168,194.7,194
dinner,4,1.49,0,0,225,193,188.1,189
lunch,0,5.96,0,0,200,196,167.0,197
lunch,6,7.47,0,0,150,105,119.8,113
lunch,3,2.1,0,0,225,188,196.8,193
breakfast,3,7.25,0,0,175,150,138.2,145
lunch,6,5.05,0,1,200,177,162.5,166
breakfast,4,8.3,0,0,175,139,132.2,138
dinner,2,5.8,0,0,250,218,233.2,227
lunch,4,4.03,0,1,200,192,161.6,182
lunch,6,3.99,0,0,200,157,138.6,155
lunch,1,9.08,0,1,150,139,135.3,139
breakfast,4,5.08,0,0,225,155,161.1,158
breakfast,5,4.65,0,0,175,105,102.4,115
lunch,6,1.36,1,0,200,99,88.7,92
breakfast,5,4.28,0,0,250,165,170.5,153
lunch,6,8.65,0,0,175,135,146.3,142
dinner,1,7.85,0,0,225,212,227.0,202
dinner,5,2.99,0,0,175,141,133.7,136
lunch,5,4.72,0,0,200,170,152.0,153
breakfast,0,2.77,0,0,200,139,145.7,152
dinner,3,9.59,0,1,250,222,216.4,237
dinner,5,6.38,0,0,150,121,105.0,117
breakfast,3,7.79,0,0,200,153,149.7,165
dinner,6,7.42,0,1,225,183,183.5,194
breakfast,2,8.86,0,0,250,196,189.6,207
dinner,4,9.54,0,0,200,195,194.8,181
dinner,0,1.29,0,0,175,145,139.5,145
breakfast,6,9.78,0,0,200,145,143.4,128
dinner,1,8.83,0,1,225,215,222.3,210
lunch,2,4.45,0,1,175,166,150.8,168
dinner,0,8.53,0,0,225,206,217.7,212
lunch,0,7.63,0,0,200,189,198.5,197
dinner,6,8.14,0,1,175,144,154.3,146
breakfast,1,2.99,0,1,200,170,178.8,174
lunch,1,6.84,0,0,200,200,202.5,191
breakfast,3,1.23,0,0,200,160,137.6,143
dinner,4,8.63,0,0,225,193,189.5,196
dinner,6,9.56,0,0,175,131,134.3,128
dinner,2,6.96,0,1,200,179,184.9,187
dinner,4,5.61,0,0,225,205,180.7,198
breakfast,2,7.53,0,0,200,161,147.1,162
lunch,0,3.94,0,0,200,172,185.1,178
breakfast,5,6.64,0,0,225,148,137.2,149
breakfast,5,7.47,0,0,175,103,125.4,118
breakfast,6,2.28,1,0,200,63,55.3,57
lunch,1,2.26,0,0,225,191,189.4,209
breakfast,1,7.45,0,0,200,160,153.4,166
breakfast,0,4.89,0,0,225,170,166.0,185
breakfast,0,9.0,0,0,175,145,146.4,143
breakfast,2,3.81,0,0,200,144,166.7,151
dinner,0,1.38,1,0,225,132,124.1,125
dinner,6,6.85,0,0,175,148,135.0,139
dinner,2,7.16,0,0,225,215,220.2,213
lunch,4,5.98,0,0,200,169,168.5,175
breakfast,1,7.15,0,0,250,214,190.5,203
dinner,1,5.71,1,0,225,129,138.2,136
breakfast,5,7.23,1,0,200,70,70.8,69
breakfast,5,1.4,0,0,225,130,143.2,144
breakfast,6,4.32,0,0,200,127,133.4,120
breakfast,1,2.9,0,0,225,165,179.1,172
breakfast,6,1.89,0,0,200,125,119.3,122
lunch,4,3.11,0,0,250,213,218.9,214
dinner,4,2.72,0,0,175,131,141.2,150
breakfast,3,9.76,0,0,200,162,168.0,173
breakfast,2,3.58,0,0,175,123,120.7,141
dinner,5,3.08,0,0,175,131,127.2,128
breakfast,2,8.51,0,0,200,173,157.1,153
lunch,5,4.77,0,0,200,168,139.8,149
dinner,3,4.79,0,0,150,148,132.5,134
breakfast,1,4.99,0,0,200,147,153.3,166
breakfast,6,4.75,0,0,250,164,155.7,151
lunch,2,3.94,0,0,200,177,179.8,185
breakfast,5,3.58,0,0,200,138,117.8,124
lunch,2,8.94,1,0,250,164,167.0,177
dinner,1,2.46,0,0,200,164,171.1,176
breakfast,6,2.63,0,0,175,107,111.7,109
lunch,0,6.15,0,0,225,220,202.5,211
lunch,5,4.09,0,0,175,125,120.8,137
breakfast,0,4.79,0,0,175,151,141.5,134
lunch,3,8.26,1,0,200,120,140.5,133
breakfast,6,9.13,0,1,200,156,132.5,135
lunch,4,8.11,0,0,200,190,196.6,176
breakfast,2,3.11,0,0,200,167,153.5,148
lunch,5,9.82,0,0,225,178,199.4,193
breakfast,2,4.27,0,0,225,168,170.6,173
dinner,3,2.52,0,0,150,133,130.6,119
breakfast,3,5.5,0,0,175,145,143.6,137
lunch,2,7.53,0,0,175,153,178.7,158
lunch,5,1.75,0,0,200,149,137.5,154
dinner,6,6.71,0,0,225,181,183.3,176
lunch,1,8.72,0,0,200,188,192.6,183
lunch,6,3.36,0,0,250,172,200.0,189
dinner,1,7.24,0,0,175,160,156.6,174
dinner,4,4.6,0,0,250,210,197.8,206
breakfast,6,4.73,0,0,225,151,134.4,141
lunch,2,3.53,0,1,200,197,200.8,191
dinner,2,6.62,0,1,175,162,161.3,163
dinner,5,4.25,0,1,200,147,173.4,164
dinner,2,8.48,0,0,175,152,154.1,163
lunch,5,9.67,0,0,200,180,156.2,162
breakfast,2,9.42,0,0,200,163,170.6,171
lunch,3,2.47,0,0,225,196,187.7,197
dinner,0,1.13,1,0,200,124,101.5,106
lunch,2,4.95,0,0,200,170,176.7,187
lunch,0,7.56,0,0,250,231,221.2,238
dinner,1,9.8,0,0,150,129,136.7,150
lunch,4,8.05,0,0,225,199,189.0,208
dinner,6,6.22,0,0,200,153,162.9,150
lunch,6,1.24,0,0,175,129,131.1,129
breakfast,1,8.43,0,0,175,150,155.1,143
lunch,2,2.59,0,1,175,155,156.0,173
dinner,6,1.5,0,0,175,135,129.3,120
breakfast,5,8.65,0,1,200,139,147.7,140
breakfast,1,6.1,0,0,200,163,146.2,161
dinner,3,2.16,0,0,200,163,157.5,170
breakfast,0,4.48,0,1,175,155,140.5,150
lunch,5,1.77,1,0,200,79,86.3,85
lunch,6,6.74,0,0,200,171,164.2,156
lunch,5,3.54,0,0,250,196,203.6,193
lunch,2,8.79,1,0,175,115,124.3,118
breakfast,3,4.22,0,0,225,164,165.2,181
lunch,0,5.45,0,0,150,150,141.0,143
lunch,3,1.57,0,0,150,140,128.3,127
lunch,1,3.48,0,0,200,172,196.7,189
breakfast,2,7.09,0,0,200,153,172.4,161
lunch,5,7.63,0,0,175,142,127.4,152
breakfast,5,3.19,0,0,150,106,93.5,93
breakfast,1,5.53,0,0,200,152,159.9,167
breakfast,5,8.36,0,0,200,147,142.7,143
breakfast,4,4.42,0,0,175,136,117.7,126
dinner,2,2.2,0,1,250,240,235.4,230
breakfast,1,4.89,1,0,200,108,103.8,99
dinner,2,6.41,1,0,200,114,110.7,128
dinner,0,1.07,0,0,200,160,166.2,184
lunch,2,4.14,1,0,175,122,116.2,111
breakfast,2,6.47,0,1,175,147,141.0,152
lunch,0,9.57,0,0,250,245,250.5,233
dinner,1,4.68,0,1,175,168,165.6,171
lunch,2,2.47,0,1,200,174,177.5,190
breakfast,3,5.81,0,0,150,105,123.6,130
lunch,2,3.57,0,1,175,157,179.0,175
dinner,1,2.93,0,0,150,120,138.8,136
dinner,5,6.31,0,0,200,162,140.1,159
breakfast,6,9.24,0,0,200,134,121.1,136
dinner,0,8.52,0,0,200,189,185.9,185
breakfast,5,2.64,0,1,225,151,133.1,155
breakfast,1,7.89,0,0,200,157,170.6,167
dinner,4,3.07,0,0,200,154,147.5,178
breakfast,6,3.62,0,0,200,133,131.1,122
breakfast,5,9.28,0,0,200,141,147.9,134
breakfast,2,9.2,0,0,225,178,197.1,191
dinner,6,2.52,0,0,200,152,150.1,148
dinner,2,1.58,1,0,175,108,103.6,102
lunch,0,3.64,0,1,200,200,183.7,192
dinner,2,6.24,0,0,175,174,167.2,160
breakfast,6,8.89,0,0,175,124,112.5,119
lunch,3,2.07,0,0,175,139,161.7,155
lunch,3,4.73,0,0,200,197,183.7,177
breakfast,5,3.45,0,0,200,123,119.9,136
lunch,1,1.13,0,0,175,163,162.6,160
dinner,0,8.1,0,0,250,238,219.1,236
breakfast,4,8.32,0,0,200,140,166.3,163
breakfast,5,2.99,0,0,225,153,141.8,133
breakfast,1,2.36,0,1,200,168,158.4,176
breakfast,0,2.3,0,0,250,200,187.1,185
dinner,6,5.18,0,0,225,179,173.6,176
lunch,0,3.22,0,0,200,186,188.1,176
lunch,6,5.6,0,0,250,203,208.5,190
dinner,5,4.46,0,0,225,178,157.6,174
breakfast,1,2.9,0,1,200,156,162.8,167
lunch,1,7.76,1,0,250,163,152.7,165
lunch,2,2.35,0,0,175,155,140.7,153
lunch,4,8.19,0,0,175,174,144.1,158
dinner,3,6.05,0,0,225,211,191.0,210
dinner,2,8.49,0,1,225,208,217.1,214
lunch,0,1.04,0,0,200,164,185.2,179
dinner,4,7.74,0,0,175,147,150.9,153
breakfast,4,1.46,0,1,175,143,128.8,132
breakfast,1,9.55,0,0,200,174,158.5,165
breakfast,4,7.32,0,0,175,136,139.1,130
lunch,5,3.88,0,0,175,125,142.8,140
lunch,4,3.88,1,0,225,140,124.1,129
lunch,0,8.75,0,0,150,131,129.5,150
dinner,5,9.13,0,0,200,153,143.6,166
lunch,5,9.02,0,1,200,163,174.7,171
lunch,2,8.28,0,0,250,223,232.1,241
breakfast,4,8.37,0,0,200,141,166.2,149
breakfast,1,6.15,0,1,175,154,134.9,155
lunch,6,1.25,0,0,150,122,98.3,107
lunch,2,1.78,0,0,225,211,183.9,197
dinner,1,6.85,0,0,175,160,164.2,166
breakfast,4,4.61,0,1,250,187,183.6,190
breakfast,2,6.11,0,0,200,146,147.4,158
lunch,4,3.08,0,1,200,184,177.9,171
breakfast,0,6.84,0,0,200,173,143.9,167
breakfast,2,3.19,0,0,175,147,144.1,135
dinner,1,5.15,0,0,200,192,195.7,185
breakfast,0,5.31,0,0,150,125,111.2,121
lunch,3,2.6,1,0,225,127,126.0,127
breakfast,1,8.89,0,1,200,192,168.2,180
breakfast,6,5.73,0,0,225,152,152.4,146
lunch,4,8.8,0,0,250,227,233.5,227
dinner,1,3.36,0,0,200,193,179.1,188
lunch,3,2.55,0,0,200,174,174.7,177
dinner,1,1.16,0,0,200,175,160.7,167
breakfast,0,1.84,0,0,200,152,160.9,151
dinner,5,2.33,0,0,200,154,156.2,145
breakfast,1,1.71,0,0,200,139,164.9,164
dinner,2,9.07,0,0,175,156,155.7,165
lunch,6,9.2,0,0,225,177,179.5,188
dinner,3,9.44,0,0,200,198,186.9,188
lunch,1,9.64,0,0,175,156,162.3,158
breakfast,3,5.43,0,0,225,189,155.6,177
breakfast,5,5.77,0,0,225,138,154.9,150
dinner,0,2.18,0,0,200,165,180.1,180
lunch,2,2.23,0,0,250,224,218.4,215
dinner,4,7.95,0,0,250,222,208.2,225
breakfast,1,8.7,0,0,225,184,193.3,194
lunch,0,8.06,0,0,175,175,150.7,168
breakfast,3,8.51,0,0,175,129,154.4,130
dinner,5,3.49,0,0,200,145,135.8,155
lunch,6,5.19,0,0,225,166,154.3,168
dinner,3,5.13,0,0,225,202,202.5,207
breakfast,6,9.96,0,0,225,165,150.8,164
lunch,5,9.54,0,1,200,186,182.2,182
dinner,6,6.39,0,0,175,120,121.3,135
breakfast,5,2.24,0,0,150,106,87.7,91
dinner,0,3.33,0,0,200,172,173.5,178
dinner,1,4.27,0,0,250,238,223.0,225
dinner,4,8.86,0,1,200,191,189.4,192
dinner,1,2.54,0,0,200,170,162.1,179
breakfast,2,2.98,0,0,225,162,168.7,166
breakfast,1,4.14,0,0,175,148,137.7,134
dinner,5,9.34,0,0,225,177,194.3,184
breakfast,5,5.53,0,0,200,136,130.2,124
dinner,2,6.82,0,0,200,171,184.0,186
dinner,3,4.49,0,0,225,197,209.5,207
lunch,5,2.7,0,0,175,147,118.8,134
dinner,2,3.01,0,1,200,182,188.8,186
breakfast,5,8.22,0,0,175,121,125.1,116
lunch,4,9.04,0,0,175,153,145.6,164
breakfast,5,5.44,0,0,200,142,136.5,124
lunch,0,4.21,0,0,175,172,167.0,160
breakfast,2,8.27,0,0,225,174,163.7,187
lunch,6,7.06,0,0,200,151,146.8,155
dinner,1,1.37,0,0,200,180,161.1,178
dinner,2,4.16,0,0,225,201,198.4,212
breakfast,3,7.14,0,0,175,130,148.8,143
lunch,5,6.16,0,0,150,129,120.1,126
dinner,2,9.8,0,0,200,178,190.1,194
breakfast,4,8.8,0,0,225,165,159.2,183
breakfast,2,1.54,0,0,225,173,170.2,166
breakfast,4,7.53,0,0,150,112,121.6,105
lunch,5,4.03,0,0,225,164,169.0,173
breakfast,1,7.14,0,0,150,111,127.0,120
dinner,5,6.56,0,0,200,152,147.4,154
lunch,3,5.53,0,0,200,187,172.7,181
lunch,0,8.68,0,0,150,141,130.2,144
breakfast,1,7.38,0,0,150,126,116.0,132
lunch,1,9.01,0,0,200,200,180.2,196
lunch,0,3.53,0,0,250,241,226.5,228
dinner,2,4.13,0,1,175,167,172.0,157
dinner,5,6.6,0,0,175,142,129.4,134
lunch,2,9.7,0,0,250,240,216.5,230
dinner,2,4.34,0,0,200,184,174.6,180
dinner,5,1.29,0,1,175,135,140.1,139
dinner,3,5.01,0,0,200,175,172.4,191
breakfast,1,5.9,0,0,200,176,174.3,164
breakfast,4,8.21,0,0,225,187,162.7,164
breakfast,0,7.56,0,0,150,129,126.9,115
lunch,1,9.68,0,0,250,248,230.7,236
lunch,2,8.04,0,0,150,143,128.0,150
lunch,0,3.69,0,0,200,174,170.4,187
dinner,4,6.77,0,0,200,168,185.1,167
dinner,1,7.05,0,1,200,197,167.4,182
dinner,1,9.98,1,0,200,133,141.3,125
breakfast,3,2.25,0,0,225,167,175.1,171
dinner,1,2.72,0,0,200,191,162.7,177
breakfast,1,2.4,0,0,200,166,166.2,152
breakfast,4,6.3,1,0,225,90,107.6,107
breakfast,4,2.22,0,0,175,115,112.6,118
lunch,0,6.9,0,0,175,175,154.1,161
lunch,2,8.23,0,0,175,165,173.3,167
dinner,4,4.9,0,0,200,160,169.2,170
breakfast,0,6.05,0,0,150,126,127.7,125
dinner,1,9.21,0,1,250,231,255.0,232
lunch,0,6.13,0,0,200,196,178.4,189
breakfast,0,2.88,0,0,250,196,171.8,189
lunch,0,4.09,0,0,225,218,210.3,205
breakfast,5,5.77,0,0,175,119,122.4,114
lunch,0,2.39,0,0,175,165,143.3,154
lunch,4,6.51,0,0,150,148,144.3,138
breakfast,6,9.99,0,0,225,158,142.5,156
breakfast,6,6.87,0,0,200,129,116.6,124
lunch,6,4.35,0,0,175,123,130.2,134
dinner,6,3.99,0,0,250,177,191.6,182
lunch,5,9.38,0,0,225,179,179.7,187
dinner,2,8.84,0,0,225,225,201.6,216
lunch,0,5.25,0,0,175,156,149.9,162
dinner,3,4.18,0,0,200,170,191.7,179
dinner,6,7.39,0,0,200,155,147.0,158
lunch,1,3.83,0,0,200,199,189.5,187
lunch,6,2.07,0,0,200,155,132.3,134
dinner,6,3.79,0,0,225,159,160.0,170
lunch,1,4.91,0,1,175,175,172.5,156
breakfast,5,3.3,0,0,175,103,118.1,104
breakfast,1,2.95,0,0,200,149,143.7,155
dinner,1,1.06,0,0,200,185,158.2,176
dinner,5,6.68,1,0,200,96,105.6,90
breakfast,1,6.53,0,0,250,214,205.1,208
lunch,0,2.69,0,0,200,171,170.8,185
lunch,6,9.49,0,0,200,159,175.8,163
breakfast,2,4.69,0,0,200,161,150.4,155
dinner,5,1.23,0,0,200,144,133.4,150
breakfast,3,2.98,0,1,250,202,209.2,199
breakfast,5,7.23,0,0,200,142,127.3,123
lunch,4,2.81,0,0,225,184,181.3,193
dinner,3,1.49,0,1,200,177,175.4,178
breakfast,4,6.56,0,0,175,141,134.5,129
lunch,5,5.67,0,0,200,160,166.7,167
lunch,4,7.85,0,0,200,191,168.4,177
breakfast,3,7.95,0,0,200,162,155.3,160
breakfast,0,9.64,0,0,175,138,143.9,142
lunch,5,1.51,0,1,200,166,140.7,162
breakfast,5,1.35,0,0,175,109,108.1,111
dinner,1,9.88,0,1,200,191,188.7,193
dinner,5,6.8,0,0,250,204,178.6,198
dinner,6,7.44,1,0,200,92,86.1,97
breakfast,6,1.87,0,0,150,98,93.2,91
dinner,5,1.63,0,0,200,137,147.4,151
lunch,0,2.44,0,1,200,195,181.0,200
lunch,1,4.84,0,0,200,187,179.1,191
breakfast,2,1.99,0,0,200,157,141.5,147
breakfast,4,5.02,0,0,225,175,167.8,155
dinner,3,6.05,0,0,250,220,208.8,233
lunch,2,1.0,0,0,200,174,189.6,182
breakfast,1,2.03,0,0,200,143,156.7,151
lunch,6,4.38,0,0,150,110,103.2,115
breakfast,6,1.48,0,0,200,128,106.2,121
lunch,6,2.2,0,0,175,132,129.2,120
lunch,0,3.09,0,0,150,131,130.1,126
dinner,6,4.87,0,0,225,156,170.0,166
dinner,3,7.43,0,0,225,213,214.1,205
lunch,4,2.19,0,0,250,197,208.4,218
lunch,5,7.64,0,0,225,178,171.4,184
lunch,5,8.7,0,0,225,181,185.2,191
dinner,2,6.86,0,0,200,177,179.4,175
breakfast,4,1.39,0,0,225,164,165.1,155
breakfast,1,4.97,0,0,200,157,165.5,159
breakfast,4,6.94,0,0,150,121,114.4,115
lunch,0,9.81,0,0,200,190,168.7,194
lunch,2,9.57,0,0,200,200,204.8,188
dinner,2,4.56,0,0,200,191,178.8,185
breakfast,0,6.54,0,0,200,155,150.0,161
lunch,4,9.02,0,0,200,177,184.7,182
dinner,6,8.48,0,1,175,158,153.4,146
dinner,0,5.31,1,0,150,103,90.9,81
lunch,6,3.35,0,0,200,159,155.3,156
lunch,3,2.23,0,0,175,147,149.2,155
breakfast,0,5.39,0,0,175,128,138.7,142
dinner,6,7.51,0,0,250,183,188.1,201
breakfast,4,9.73,0,0,225,184,176.4,170
dinner,6,8.76,1,0,150,70,67.6,61
dinner,0,2.84,0,0,150,127,132.0,139
lunch,1,7.48,0,0,225,212,229.1,208
breakfast,5,3.6,1,0,250,80,85.7,83
lunch,0,7.15,0,0,200,175,179.4,188
lunch,5,6.99,1,0,200,91,107.4,102
breakfast,0,3.45,0,0,175,124,141.9,139
lunch,4,3.11,1,0,200,108,101.6,105
dinner,3,1.94,0,0,200,181,153.2,181
lunch,3,1.45,0,0,175,162,152.2,151
dinner,5,8.73,0,0,200,156,158.0,170
breakfast,4,1.45,0,0,200,153,142.2,127
lunch,6,1.8,1,0,225,93,91.0,93
breakfast,4,3.15,0,0,225,148,153.9,155
lunch,4,8.99,0,0,225,221,194.0,202
dinner,1,4.0,0,0,200,196,171.7,189
lunch,2,2.73,0,0,175,152,138.5,152
breakfast,0,7.44,0,0,225,192,180.7,189
lunch,4,3.87,1,0,200,121,110.1,117
lunch,4,4.0,0,0,200,182,164.6,179
lunch,4,7.65,0,0,200,181,179.8,173
dinner,3,3.26,0,0,250,220,209.9,222
dinner,4,9.07,0,0,175,148,153.7,165
lunch,0,6.05,0,0,225,201,186.6,217
lunch,6,5.84,0,0,200,163,139.3,156
breakfast,6,3.38,0,0,175,101,96.5,97
breakfast,4,8.52,0,0,225,168,161.4,176
lunch,0,6.15,0,0,225,207,205.7,215
lunch,1,2.4,0,0,150,144,144.5,135
dinner,6,2.86,0,1,225,180,167.2,174
lunch,2,5.21,0,0,175,167,163.9,168
breakfast,3,8.02,0,0,200,162,144.3,164
lunch,0,9.45,0,0,200,183,199.7,197
breakfast,6,6.97,0,0,200,132,117.3,131
breakfast,6,5.56,0,0,175,101,104.0,110
dinner,5,3.26,0,1,200,169,165.9,164
breakfast,1,7.06,0,0,150,115,116.6,129
lunch,2,9.84,0,0,225,208,198.4,212
breakfast,2,5.29,0,0,150,123,119.1,125
dinner,2,2.46,0,1,225,222,221.7,203
lunch,0,1.93,1,0,225,120,122.7,132
breakfast,1,3.42,0,0,175,133,138.6,150
lunch,4,6.12,0,1,225,225,212.0,219
dinner,5,9.52,0,0,200,151,166.0,169
dinner,1,3.69,0,0,225,207,219.2,200
breakfast,1,3.75,0,0,200,146,145.2,149
dinner,6,5.33,0,0,175,135,132.4,130
dinner,1,9.27,0,0,175,160,152.1,168
dinner,0,4.77,0,1,250,225,223.5,243
lunch,5,3.01,0,1,225,197,175.3,177
lunch,0,2.47,0,0,200,189,187.4,180
lunch,5,5.11,0,0,200,172,140.7,157
dinner,5,8.21,1,0,200,108,103.7,102
lunch,6,3.62,0,0,200,138,159.4,152
dinner,0,5.61,0,0,150,146,122.7,136
lunch,5,6.43,1,0,250,134,130.8,123
dinner,1,5.05,0,0,150,124,125.3,138
dinner,0,2.73,0,0,225,208,212.4,201
breakfast,5,9.3,0,0,200,141,146.0,143
dinner,2,6.09,0,0,225,220,210.9,202
lunch,0,7.56,0,0,175,156,164.3,160
dinner,6,6.72,0,0,200,142,163.9,159
lunch,3,9.98,0,0,200,200,171.7,183
lunch,0,5.11,0,0,175,168,146.5,159
dinner,0,4.82,0,0,225,197,213.1,203
breakfast,0,4.24,0,0,250,189,190.4,195
dinner,5,4.25,0,0,200,141,159.4,152
lunch,0,3.48,0,0,200,174,174.4,185
lunch,3,9.83,0,0,200,192,184.4,198
breakfast,4,8.84,0,0,200,165,148.6,157
lunch,0,3.85,0,0,225,198,220.5,201
breakfast,2,3.75,0,1,200,167,160.5,166
breakfast,3,1.93,0,0,225,158,172.2,166
breakfast,4,8.89,0,0,175,129,139.6,135
breakfast,5,4.35,0,1,200,129,127.9,142
dinner,0,6.15,0,0,200,190,195.6,178
dinner,4,9.1,0,0,200,184,179.0,178
lunch,2,4.67,0,0,200,180,194.5,184
dinner,3,8.26,1,0,175,106,116.2,115
lunch,3,4.87,0,0,200,170,163.2,186
dinner,5,7.31,0,0,225,187,179.7,184
dinner,5,4.88,0,0,200,157,158.8,150
dinner,5,4.53,0,0,200,149,161.3,161
lunch,4,9.92,0,0,225,221,207.0,209
dinner,0,6.51,0,0,225,216,214.3,211
breakfast,1,4.31,0,0,175,154,150.3,141
dinner,3,3.32,0,0,175,166,160.0,149
breakfast,1,1.36,0,0,200,147,160.8,151
lunch,6,7.36,0,0,175,129,133.6,142
lunch,3,4.35,0,1,200,177,170.7,193
dinner,5,8.39,0,0,200,174,173.9,164
breakfast,0,4.27,0,0,150,111,119.2,123
dinner,0,4.36,0,1,175,152,151.8,172
breakfast,3,8.01,0,0,250,189,219.3,203
lunch,4,5.41,1,0,250,142,149.4,142
breakfast,6,8.96,0,1,200,133,130.2,139
breakfast,5,6.31,0,0,200,141,121.6,135
lunch,0,3.17,0,0,175,162,166.4,165
lunch,6,6.11,0,1,200,174,177.7,167
breakfast,6,1.04,0,0,225,144,124.8,130
breakfast,0,3.81,1,0,225,115,103.0,112
lunch,2,2.87,0,0,200,175,172.6,176
dinner,6,6.89,0,1,200,149,171.7,164
dinner,0,2.22,0,0,200,188,169.9,170
breakfast,2,3.61,0,0,225,173,165.2,176
lunch,0,3.98,0,0,250,219,230.0,223
breakfast,0,1.03,1,0,200,99,86.1,93
breakfast,6,1.42,0,0,175,101,100.6,100
lunch,4,3.8,0,0,150,123,124.0,139
lunch,4,3.0,0,0,175,157,144.8,138
breakfast,5,2.05,0,0,175,99,94.9,108
breakfast,0,2.39,0,0,150,114,120.4,115
breakfast,5,8.52,0,0,200,146,122.3,136
dinner,5,7.15,0,0,175,136,143.8,149
dinner,5,5.36,0,0,250,186,181.4,201
breakfast,5,9.18,0,0,200,151,126.3,143
breakfast,3,1.27,0,0,225,179,165.3,163
dinner,6,4.1,0,1,200,147,160.4,155
dinner,6,8.41,0,0,225,190,178.1,172
lunch,3,6.65,0,0,200,194,186.1,190
breakfast,0,9.84,0,0,150,133,125.4,118
breakfast,3,9.5,0,0,200,171,164.0,166
lunch,0,2.53,0,0,175,158,165.3,158
lunch,4,9.75,0,0,200,173,167.9,182
breakfast,6,9.51,0,0,200,146,124.0,138
lunch,1,4.36,0,0,200,190,196.0,186
breakfast,2,9.85,0,0,225,201,178.7,190
dinner,6,1.32,0,0,250,185,182.0,176
breakfast,3,6.95,0,0,200,160,152.1,157
breakfast,3,3.4,0,1,225,172,193.8,181
lunch,4,2.17,0,0,175,135,138.6,151
lunch,3,6.2,0,0,150,127,135.2,146
dinner,0,3.76,0,0,200,177,163.2,183
lunch,0,7.0,0,0,200,184,192.5,195
breakfast,1,5.86,0,0,200,158,157.5,157
dinner,1,4.53,1,0,225,126,149.6,136
breakfast,6,2.64,0,1,175,105,100.7,109
dinner,1,6.41,0,0,200,187,181.0,183
lunch,0,8.46,0,0,175,167,146.9,164
lunch,5,6.4,0,0,200,162,152.3,155
breakfast,5,6.49,0,0,175,130,110.9,114
lunch,1,5.61,0,0,200,184,177.0,187
dinner,1,4.49,0,0,175,148,149.9,168
dinner,0,5.12,0,0,225,206,191.1,204
breakfast,4,9.91,0,1,150,124,118.5,136
breakfast,6,7.75,0,0,200,143,123.6,140
dinner,3,4.88,0,0,250,238,235.3,223
dinner,6,5.12,0,0,200,150,133.2,149
breakfast,2,5.5,0,0,225,166,192.9,183
lunch,5,6.93,0,0,225,181,170.4,175
lunch,5,5.19,0,1,200,180,148.8,172
dinner,0,7.18,0,0,150,149,128.1,148
breakfast,6,3.96,0,0,200,114,131.4,119
breakfast,0,4.7,0,0,200,154,169.5,158
dinner,2,8.78,0,0,200,199,176.6,187
breakfast,6,3.96,0,1,200,124,123.0,138
lunch,2,9.68,0,0,225,208,223.1,221
lunch,1,2.55,0,0,150,136,146.7,131
lunch,6,3.18,0,0,200,158,150.5,149
lunch,2,5.17,0,0,200,181,198.5,188
lunch,3,8.18,0,0,175,175,177.6,170
breakfast,3,7.58,0,0,200,165,167.2,159
lunch,5,2.57,0,1,200,153,153.9,159
dinner,3,3.13,0,0,250,225,199.3,227
dinner,6,6.18,0,0,200,138,149.5,144
breakfast,3,3.66,0,0,200,158,142.6,153
breakfast,3,4.8,1,0,175,70,75.0,80
breakfast,1,5.38,0,0,150,108,117.0,120
lunch,5,6.35,0,0,175,146,137.6,150
lunch,0,3.26,0,0,150,125,137.7,136
dinner,5,2.47,0,0,225,177,153.4,173
breakfast,5,4.59,0,0,175,114,118.0,119
breakfast,5,1.74,0,0,250,152,139.4,158
lunch,2,5.74,0,0,225,198,227.8,204
dinner,0,8.56,1,0,200,138,128.9,130
breakfast,2,2.07,1,0,225,101,92.8,108
lunch,1,2.01,0,0,225,210,214.6,211
breakfast,1,1.72,0,0,225,181,161.0,174
dinner,4,8.63,0,0,200,190,165.2,181
dinner,4,1.73,0,0,250,209,185.9,200
breakfast,1,9.85,0,0,225,199,193.1,182
breakfast,1,4.22,0,0,175,137,147.8,136
lunch,2,3.96,0,0,200,173,193.9,192
breakfast,1,1.82,0,1,200,174,170.1,158
dinner,6,6.27,0,0,200,153,152.4,154
dinner,0,6.27,0,0,200,180,182.4,189
dinner,2,5.44,0,0,200,197,174.7,180
dinner,1,3.8,0,0,150,135,121.8,135
lunch,2,4.32,0,1,200,189,199.0,188
breakfast,2,3.88,0,0,200,160,167.4,155
dinner,3,4.84,0,0,225,191,215.0,205
lunch,4,4.08,0,0,200,182,184.5,176
dinner,2,7.08,0,0,175,153,154.3,158
breakfast,5,3.66,0,1,200,150,122.4,143
breakfast,6,4.16,0,0,225,138,146.6,139
dinner,6,4.92,1,0,200,92,91.9,77
breakfast,2,1.04,0,1,200,153,151.4,152
dinner,5,5.43,0,0,250,197,202.0,191
dinner,6,3.3,0,0,150,118,98.9,105
dinner,3,1.51,0,0,175,140,151.5,144
lunch,1,9.2,0,0,200,185,203.4,189
lunch,2,3.9,0,0,225,220,218.8,213
dinner,3,4.83,0,0,200,171,184.8,182
breakfast,0,8.45,0,1,175,165,143.7,149
lunch,3,2.5,0,0,200,185,160.3,187
lunch,4,8.65,0,0,200,180,173.9,188
lunch,4,3.17,0,0,225,194,193.7,188
lunch,1,6.3,0,0,250,222,223.6,232
lunch,5,7.17,0,0,225,177,176.2,182
lunch,1,9.15,0,0,200,188,182.5,192
dinner,6,6.47,0,0,175,125,126.9,139
breakfast,5,5.08,0,0,250,175,172.5,155
dinner,5,6.15,0,0,200,158,147.3,156
dinner,5,2.82,0,0,200,141,159.6,149
dinner,5,7.2,0,0,200,173,146.6,160
lunch,4,2.68,0,0,175,161,157.1,146
dinner,6,6.02,0,0,200,152,156.0,154
breakfast,4,6.83,0,0,225,165,173.4,174
dinner,2,9.09,0,1,200,186,184.1,182
breakfast,6,5.05,0,0,200,119,131.5,126
dinner,4,7.98,0,0,150,132,131.1,123
dinner,1,2.51,0,0,250,237,204.1,218
breakfast,4,2.41,0,0,250,163,165.7,170
breakfast,6,5.72,0,0,200,136,116.4,122
dinner,6,6.37,1,0,200,102,92.4,95
breakfast,1,6.69,0,0,175,139,146.6,142
dinner,0,7.71,0,0,175,170,155.3,168
breakfast,6,3.65,0,0,200,127,108.3,123
breakfast,4,6.6,0,1,200,155,162.9,162
dinner,1,2.69,1,0,200,106,107.1,125
dinner,5,2.97,0,0,200,139,159.9,143
dinner,6,1.61,1,0,200,76,85.7,82
breakfast,3,7.72,0,0,250,196,212.4,203
dinner,5,5.56,0,0,175,122,128.7,134
lunch,2,3.14,0,0,200,184,186.2,187
lunch,6,6.01,0,0,150,112,104.0,119
dinner,1,4.19,1,0,200,112,111.3,121
lunch,5,8.53,0,0,200,165,162.5,162
lunch,4,5.75,0,0,175,165,154.6,154
breakfast,4,1.27,0,0,175,132,125.0,126
dinner,6,9.87,0,0,200,157,151.3,164
breakfast,0,1.67,0,1,175,128,138.4,141
dinner,3,7.26,0,0,175,161,144.6,158
breakfast,6,4.94,0,0,150,95,91.6,92
lunch,1,3.24,0,0,175,164,164.3,151
dinner,5,7.09,0,0,200,165,171.4,163
breakfast,3,2.13,1,0,225,89,103.4,103
breakfast,0,8.72,0,0,225,181,201.8,200
breakfast,6,3.26,0,0,200,125,118.5,122
lunch,2,4.25,0,0,250,240,222.3,236
dinner,3,6.69,0,0,175,154,168.5,163
breakfast,0,1.01,0,0,150,113,107.9,111
dinner,6,5.25,0,0,250,184,193.9,190
lunch,6,9.05,0,0,200,155,175.9,165
lunch,1,7.12,0,1,200,200,194.7,190
dinner,6,4.49,0,0,225,162,147.4,170
lunch,2,6.94,0,1,225,201,195.1,220
lunch,6,9.43,0,0,225,178,173.0,186
breakfast,4,2.69,0,0,175,112,129.5,130
breakfast,0,5.79,0,1,225,193,203.7,197
breakfast,4,3.11,0,0,200,141,144.4,145
breakfast,6,8.69,0,1,225,160,145.4,167
lunch,2,7.49,0,1,200,196,186.2,180
lunch,0,8.21,0,0,175,175,174.6,164
lunch,0,9.49,1,0,200,148,129.5,136
breakfast,6,3.09,0,1,200,145,117.0,132
breakfast,2,1.44,1,0,200,98,92.2,93
lunch,1,3.62,0,0,200,193,188.1,183
dinner,0,4.59,0,0,200,166,176.2,174
breakfast,2,6.63,0,0,225,196,191.1,182
dinner,3,8.18,0,0,200,180,196.3,181
lunch,4,4.15,0,0,175,142,155.1,149
lunch,0,5.26,0,0,200,195,198.7,180
lunch,3,8.07,0,0,225,215,206.8,220
breakfast,0,3.03,0,0,225,167,176.4,173
breakfast,1,2.95,0,0,200,148,164.2,154
lunch,6,6.3,0,0,250,204,197.4,192
lunch,2,4.92,0,0,175,154,160.5,159
dinner,0,9.54,0,0,175,171,170.4,174
lunch,2,4.21,0,0,200,191,175.0,177
breakfast,5,7.84,0,0,200,150,129.6,135
dinner,0,6.25,0,0,200,192,198.9,186
breakfast,1,1.49,0,0,200,140,138.3,148
lunch,1,1.76,1,0,200,117,127.9,117
dinner,6,2.83,0,0,200,139,149.4,139
dinner,6,2.29,0,0,175,111,111.4,125
dinner,3,3.96,0,0,250,220,225.6,224
dinner,1,6.21,0,0,225,211,190.5,217
dinner,2,6.42,0,1,225,202,196.4,211
dinner,5,6.29,0,1,200,171,179.0,169
breakfast,1,2.06,0,0,200,146,146.7,159
breakfast,0,6.4,0,0,250,201,179.2,203
breakfast,1,4.69,0,0,250,197,197.8,201
breakfast,5,9.13,0,0,250,172,160.3,171
lunch,2,9.21,0,0,200,195,183.4,186
lunch,0,7.91,0,1,175,163,149.5,173
lunch,3,7.33,0,0,200,182,169.9,188
breakfast,3,2.03,0,0,200,139,145.2,148
dinner,3,1.76,0,1,250,238,215.0,240
breakfast,6,8.57,0,1,200,145,131.2,143
lunch,0,4.84,0,1,175,152,165.3,164
lunch,3,5.06,0,0,175,153,143.7,162
lunch,6,8.63,0,0,175,152,146.3,134
breakfast,1,6.59,0,0,200,162,146.9,162
breakfast,0,2.61,0,0,225,163,183.7,168
dinner,0,2.9,0,0,200,178,180.8,172
dinner,0,1.06,0,1,175,156,168.5,166
lunch,4,7.4,0,0,200,188,175.2,177
breakfast,6,5.37,1,0,200,58,58.8,63
lunch,2,9.55,0,0,200,190,175.9,189
dinner,4,7.43,0,0,200,181,190.1,173
dinner,4,1.93,0,0,175,131,144.5,142
breakfast,4,2.45,1,0,250,101,94.4,100
breakfast,2,5.52,0,1,200,163,165.0,167
dinner,4,9.32,0,0,200,191,171.7,175
lunch,3,3.23,0,0,250,226,219.1,227
breakfast,0,8.43,0,0,225,201,195.8,189
breakfast,0,3.81,0,0,225,177,160.9,172
lunch,6,3.43,0,0,175,139,125.7,132
dinner,1,9.11,1,0,225,138,147.3,150
dinner,5,1.43,0,0,200,150,144.6,145
lunch,3,6.95,1,0,175,106,100.3,103
lunch,2,1.39,0,0,250,233,203.6,223
breakfast,5,8.21,0,0,175,120,115.1,115
lunch,0,8.46,0,0,250,229,246.9,236
lunch,4,9.04,0,1,150,133,130.3,144
lunch,6,2.67,0,0,200,136,156.3,157
lunch,6,2.12,0,0,150,120,104.3,114
breakfast,1,5.53,0,0,250,197,189.9,194
breakfast,1,3.44,0,0,175,124,132.7,135
breakfast,0,6.46,0,0,200,174,159.5,160
breakfast,3,5.62,0,0,200,157,161.2,155
breakfast,6,2.3,0,0,225,147,130.7,125
dinner,5,7.65,0,0,225,171,187.8,184
lunch,1,8.23,1,0,150,110,107.5,105
lunch,0,9.67,0,0,200,189,167.3,187
dinner,3,4.56,0,0,200,185,184.8,175
dinner,0,4.04,0,0,250,231,217.0,224
lunch,0,2.73,0,0,225,192,217.9,207
dinner,3,2.63,0,0,225,181,204.6,198
breakfast,3,3.89,0,0,200,157,146.4,150
breakfast,3,9.84,0,0,225,177,189.3,187
lunch,0,1.83,0,0,150,130,122.2,136
dinner,1,3.33,0,0,175,169,149.2,160
dinner,2,1.77,0,1,200,188,169.4,178
breakfast,2,3.46,0,0,200,151,158.7,150
breakfast,0,1.83,0,1,200,167,141.1,165
lunch,0,5.57,0,0,200,200,179.8,192
breakfast,1,4.95,0,1,175,152,157.1,153
lunch,3,2.57,0,0,175,141,158.4,159
dinner,0,2.57,0,0,175,165,148.5,147
dinner,6,6.63,0,0,200,155,154.0,144
dinner,4,4.48,0,0,225,186,185.5,189
dinner,3,1.51,0,0,200,158,179.3,175
lunch,6,9.28,0,0,225,189,183.0,183
dinner,0,4.64,0,0,175,172,159.0,156
lunch,4,6.32,0,0,175,150,168.1,170
breakfast,6,8.97,0,0,150,94,104.4,102
breakfast,5,4.62,0,0,200,116,120.9,128
breakfast,1,8.39,0,1,150,141,139.7,133
lunch,4,9.23,0,0,225,199,222.7,212
lunch,0,2.57,0,0,150,130,126.8,137
dinner,2,9.03,0,0,200,180,198.3,190
breakfast,6,2.08,0,0,200,107,109.5,113
breakfast,0,3.48,0,0,175,149,130.5,137
dinner,2,8.27,0,1,200,188,193.4,186
breakfast,1,9.11,0,0,200,157,158.8,167
lunch,1,7.16,0,0,175,151,152.3,165
lunch,3,1.94,0,0,225,187,192.6,200
lunch,6,5.71,0,0,200,147,160.7,157
breakfast,3,6.15,0,1,150,120,125.9,140
breakfast,2,3.54,0,0,200,159,157.1,156
breakfast,2,9.92,0,1,175,171,159.8,155
lunch,1,4.02,0,0,250,237,231.4,231
lunch,4,2.89,0,0,225,179,181.1,191
breakfast,2,1.99,0,0,200,152,144.7,148
lunch,2,4.41,0,0,150,129,131.9,146
dinner,6,7.23,0,0,250,191,173.8,189
breakfast,4,3.08,0,1,175,132,142.0,132
lunch,3,7.93,1,0,200,133,132.1,139
dinner,3,2.22,0,0,200,179,181.9,178
breakfast,2,4.96,0,0,200,153,162.5,154
breakfast,6,7.32,1,0,225,72,71.5,89
lunch,3,2.22,0,0,225,207,183.7,190
dinner,3,6.38,0,0,175,162,171.2,159
dinner,5,8.19,0,0,200,151,156.6,160
lunch,6,6.36,0,0,150,113,122.0,120
dinner,3,5.6,0,0,225,191,203.0,200
lunch,1,8.54,0,0,225,222,222.5,210
lunch,0,9.87,0,1,200,177,195.1,188
lunch,2,2.63,0,0,225,202,189.1,200
breakfast,2,7.22,0,0,200,164,175.8,174
dinner,1,1.73,0,0,200,178,174.1,186
lunch,0,1.39,1,0,200,114,116.6,111
lunch,0,3.53,0,1,175,175,164.0,165
dinner,1,9.74,0,0,200,187,200.8,180
breakfast,4,5.97,0,0,175,139,122.6,128
breakfast,4,3.41,0,1,200,150,137.4,153
breakfast,0,2.19,1,0,200,104,87.9,87
dinner,4,9.28,0,1,175,152,176.6,160
dinner,4,4.26,0,1,175,167,152.0,155
lunch,4,3.76,0,0,200,171,161.8,167
dinner,0,8.72,0,1,200,184,190.7,191
lunch,4,6.44,0,1,225,216,218.9,214
dinner,2,2.52,0,0,200,183,171.2,167
lunch,5,4.79,0,0,200,163,150.1,159
lunch,0,9.35,1,0,200,144,129.6,131
dinner,1,9.11,0,0,200,200,183.2,190
breakfast,4,1.63,0,0,200,152,145.7,133
breakfast,3,3.42,0,1,200,151,158.2,168
lunch,0,2.39,0,0,200,179,168.8,180
dinner,6,5.8,0,0,200,140,138.4,153
lunch,1,7.75,0,0,200,176,177.9,182
breakfast,5,3.66,0,0,200,116,122.5,125
lunch,2,7.82,0,0,200,200,188.0,194
lunch,6,7.02,0,0,150,115,119.5,132
breakfast,1,7.55,0,0,200,179,150.2,173
lunch,4,9.53,1,0,225,139,142.4,149
dinner,3,4.82,0,1,175,162,156.8,168
lunch,4,4.08,0,0,225,206,181.6,189
lunch,1,7.15,0,0,200,195,179.8,189
lunch,0,8.27,0,0,175,175,172.1,174
breakfast,6,2.72,1,0,175,50,54.1,52
dinner,3,8.62,0,0,175,168,148.6,171
lunch,6,1.52,0,0,225,162,159.6,160
lunch,6,1.06,0,0,175,131,124.2,124
lunch,3,2.43,0,0,200,164,156.8,169
lunch,1,9.81,0,0,200,183,194.4,198
lunch,5,5.71,0,0,200,168,151.6,154
breakfast,5,1.42,0,0,225,150,131.0,135
dinner,4,9.97,1,0,225,133,139.3,137
dinner,1,7.7,0,0,200,200,185.0,189
lunch,3,8.54,0,0,150,133,146.2,136
dinner,1,2.92,0,0,175,156,157.9,153
breakfast,3,1.95,0,0,250,186,171.2,182
lunch,6,5.64,0,0,175,145,143.4,140
lunch,4,7.95,0,0,225,203,189.2,207
lunch,0,6.74,0,0,200,199,194.3,185
lunch,6,6.68,0,0,175,132,143.3,150
lunch,0,7.81,0,1,250,226,241.2,234
breakfast,1,3.04,0,0,250,207,189.0,189
lunch,3,6.95,0,0,200,190,198.5,183
breakfast,0,4.53,0,1,200,179,157.0,168
dinner,6,1.63,0,0,200,142,143.5,137
breakfast,3,2.82,0,1,200,162,168.9,165
breakfast,4,8.15,0,0,200,143,141.2,145
lunch,6,9.06,0,0,225,188,185.9,187
lunch,1,3.55,1,0,150,79,99.7,90
dinner,3,2.71,0,0,175,149,136.9,158
lunch,1,1.24,0,0,175,171,143.6,152
lunch,3,9.53,0,0,200,198,181.6,192
dinner,6,7.15,0,0,200,149,167.2,160
lunch,5,9.61,0,0,175,159,135.9,143
breakfast,5,8.77,0,0,200,138,131.3,136
lunch,3,4.06,0,0,175,167,166.5,155
dinner,4,2.01,0,0,200,172,148.6,167
lunch,1,5.49,0,0,250,226,255.8,241
breakfast,2,1.24,0,1,225,188,182.9,166
breakfast,3,2.35,0,1,250,201,213.3,200
breakfast,3,3.1,0,0,200,139,137.2,150
lunch,5,6.99,0,0,200,147,150.1,162
lunch,0,5.59,0,0,225,204,200.4,216
breakfast,6,3.72,0,1,150,100,88.1,100
dinner,5,6.08,0,0,250,207,174.0,190
dinner,1,2.13,0,0,200,189,189.9,179
lunch,5,7.8,0,0,200,151,145.7,173
dinner,2,7.41,0,0,225,199,217.3,213
breakfast,4,2.95,0,0,200,139,146.4,137
lunch,6,6.46,0,0,225,188,158.3,173
lunch,2,5.53,0,0,175,175,149.6,164
dinner,4,1.55,0,0,200,158,158.3,159
dinner,2,3.5,1,0,200,105,119.0,113
breakfast,6,10.0,0,0,225,167,164.2,156
dinner,5,1.9,0,0,200,141,143.9,151
breakfast,2,5.56,0,0,225,166,191.0,175
dinner,5,8.64,0,0,200,170,148.7,157
dinner,6,3.71,0,0,200,134,146.7,143
breakfast,5,3.35,0,0,200,113,132.2,126
dinner,1,9.02,0,0,200,199,176.1,194
breakfast,5,3.74,0,0,200,122,130.8,130
lunch,0,6.86,0,0,250,233,227.5,234
lunch,2,7.66,0,0,175,167,179.3,167
lunch,6,8.1,0,0,150,129,108.7,112
dinner,3,9.95,0,0,200,195,188.2,188
dinner,3,8.23,1,0,225,157,148.2,138
lunch,3,6.91,0,0,200,180,190.9,181
dinner,6,9.06,0,0,250,193,195.2,205
dinner,0,9.15,0,0,175,166,163.1,160
breakfast,5,9.76,0,0,200,144,135.5,146
dinner,2,7.99,0,0,225,211,201.1,222
breakfast,4,2.75,0,1,250,196,189.8,185
dinner,4,7.39,0,0,200,172,182.3,177
breakfast,6,1.68,0,0,200,132,110.4,119
breakfast,1,3.86,0,0,250,190,212.8,205
lunch,0,2.04,0,0,225,209,191.5,204
lunch,2,9.55,0,0,200,181,183.7,190
lunch,5,4.05,0,0,200,162,149.1,155
breakfast,3,7.42,0,0,175,143,127.2,137
lunch,0,6.14,0,0,200,191,169.8,193
dinner,0,1.97,0,0,200,174,180.8,177
lunch,2,6.05,0,0,150,147,134.8,146
breakfast,6,6.95,0,0,225,134,135.7,146
lunch,5,8.93,0,0,200,176,170.6,169
breakfast,6,1.63,0,0,200,126,125.4,121
dinner,6,3.66,0,0,175,118,136.6,122
dinner,1,7.23,1,0,175,99,116.8,120
lunch,6,1.31,0,0,175,112,116.6,130
lunch,5,2.83,0,0,200,151,138.4,145
dinner,1,2.97,0,0,150,139,142.3,129
lunch,1,7.02,0,1,200,185,203.8,191
dinner,3,3.57,0,0,250,214,221.0,231
lunch,3,6.4,0,0,175,171,172.8,163
dinner,2,9.69,0,0,250,224,247.2,241
lunch,5,8.14,0,0,175,132,131.2,143
lunch,6,4.0,1,0,225,99,95.2,103
dinner,1,5.25,0,0,200,197,166.2,191
lunch,2,2.81,0,0,175,148,154.0,164
lunch,1,1.14,0,0,225,214,191.8,199
breakfast,0,3.61,0,0,150,124,111.0,114
lunch,4,4.32,1,0,200,118,100.5,110
lunch,4,6.08,0,0,200,181,182.3,180
breakfast,1,9.5,1,0,175,108,90.2,99
breakfast,2,9.53,0,0,200,178,160.2,163
lunch,3,1.63,0,0,150,131,125.8,131
dinner,5,6.53,0,0,225,186,158.1,182
lunch,1,1.38,1,0,200,128,115.3,122
breakfast,1,6.83,0,0,175,154,153.7,140
lunch,5,2.06,0,0,175,143,139.7,134
breakfast,6,9.52,1,0,175,61,59.3,65
lunch,3,8.78,0,1,175,156,147.1,167
breakfast,1,1.2,0,0,200,156,151.8,144
breakfast,0,8.04,0,0,250,195,189.7,209
breakfast,3,6.72,0,0,175,134,148.4,145
lunch,0,5.46,0,0,200,183,182.6,180
breakfast,4,6.42,0,0,200,153,142.7,152
lunch,5,7.1,0,0,175,129,152.0,138
lunch,3,8.96,0,1,175,155,156.6,170
lunch,6,7.91,1,0,175,101,83.1,90
lunch,3,6.18,0,1,225,200,193.1,219
dinner,2,8.42,0,0,225,200,196.9,220
breakfast,2,9.88,0,1,200,172,184.7,177
lunch,5,3.7,0,0,250,181,199.2,194
breakfast,6,2.07,0,1,250,175,154.1,170
breakfast,3,7.58,0,0,200,166,153.9,152
lunch,4,9.81,0,0,200,188,180.2,181
lunch,6,2.05,0,0,200,158,137.3,151
dinner,1,4.89,0,0,175,153,162.3,157
lunch,5,1.56,0,0,225,181,175.9,176
dinner,6,7.99,0,1,200,177,147.3,163
breakfast,5,9.54,0,0,200,137,149.4,143
breakfast,6,5.49,0,0,150,104,85.8,96
breakfast,2,4.69,0,0,225,188,186.5,175
breakfast,4,9.17,0,0,200,166,146.4,160
lunch,5,2.2,0,0,150,109,120.2,114
lunch,4,9.02,0,0,175,164,168.1,165
breakfast,5,4.53,0,0,200,134,119.5,136
dinner,2,6.03,0,1,200,200,168.3,194
dinner,1,5.75,0,1,175,175,169.8,172
breakfast,2,6.54,0,0,175,140,147.3,140
breakfast,5,9.48,0,1,225,158,171.7,162
breakfast,4,9.56,0,0,175,147,132.9,134
breakfast,0,8.48,1,0,150,64,71.5,87
breakfast,2,2.72,1,0,200,85,87.3,102
lunch,4,4.0,0,0,175,144,141.0,145
breakfast,6,5.39,0,0,200,123,129.1,122
lunch,6,9.15,0,1,200,168,157.8,171
dinner,2,5.69,0,0,175,172,167.0,160
dinner,5,9.8,0,0,150,131,124.3,131
dinner,6,9.85,0,1,150,136,125.0,133
breakfast,4,6.39,0,0,200,164,143.8,145
lunch,1,8.9,0,0,225,206,209.1,207
lunch,4,9.99,0,1,200,200,187.7,183
breakfast,6,8.65,0,1,200,133,133.5,140
breakfast,6,6.91,0,1,175,121,132.6,116
dinner,3,8.61,0,0,225,223,225.1,216
lunch,0,1.74,0,0,200,192,170.6,172
lunch,5,6.71,0,0,200,162,150.8,163
lunch,4,2.95,0,0,175,135,140.3,142
lunch,6,2.04,0,0,175,142,137.7,143
breakfast,5,9.04,0,1,250,186,179.8,189
lunch,2,6.76,1,0,200,144,138.1,134
breakfast,2,3.19,0,0,200,154,136.4,151
breakfast,4,4.48,0,0,175,117,132.5,132
dinner,3,9.76,0,0,200,198,196.2,188
lunch,6,8.76,0,0,225,177,184.9,192
dinner,4,1.14,0,0,250,202,183.6,198
breakfast,1,9.82,0,0,225,199,209.9,195
lunch,3,4.32,0,0,200,170,167.9,181
breakfast,6,7.26,0,0,250,152,167.6,157
breakfast,6,7.41,0,0,225,156,152.5,153
breakfast,5,9.21,0,0,225,170,162.0,152
dinner,4,8.97,1,0,225,127,142.1,128
dinner,6,3.54,0,0,200,159,157.4,149
lunch,5,6.79,0,0,200,173,145.7,154
lunch,6,4.54,0,0,200,137,148.1,155
dinner,0,5.73,0,0,225,216,221.4,211
breakfast,3,5.99,0,0,200,164,166.9,153
breakfast,4,4.57,0,0,150,114,118.6,114
lunch,0,5.18,0,1,175,152,165.4,161
dinner,4,2.88,0,0,175,149,148.1,144
dinner,1,6.47,0,0,200,177,176.3,189
breakfast,2,7.83,0,0,175,154,139.9,138
dinner,5,4.87,0,0,200,160,135.3,147
dinner,4,9.8,0,0,225,191,210.9,212
breakfast,3,1.52,0,1,250,182,209.8,186
lunch,4,6.3,0,0,200,166,161.5,177
lunch,4,6.25,0,1,200,191,183.5,190
dinner,4,1.33,0,0,225,170,183.8,186
breakfast,6,3.02,0,0,250,138,152.0,158
dinner,4,9.15,0,0,200,192,170.4,185
lunch,6,5.9,0,1,200,163,146.7,167
dinner,3,4.93,0,0,200,164,189.3,178
lunch,3,4.74,0,0,175,157,143.7,158
lunch,4,8.99,0,0,225,214,190.4,206
dinner,6,4.3,0,0,200,156,158.7,147
dinner,2,8.73,0,0,200,179,186.2,192
dinner,4,3.78,0,1,200,180,188.8,177
breakfast,5,5.78,0,0,175,110,121.8,119
dinner,5,2.29,0,0,200,141,158.4,148
breakfast,3,8.43,0,0,200,175,145.7,159
lunch,5,7.62,0,0,175,150,127.4,143
lunch,5,5.77,0,0,150,130,109.3,119
lunch,1,1.23,0,0,250,225,228.5,225
lunch,4,5.33,0,0,200,173,164.1,178
dinner,4,3.03,1,0,200,101,104.8,99
breakfast,4,4.72,0,0,175,121,132.8,126
dinner,4,8.71,0,1,175,175,152.2,165
lunch,0,7.93,0,1,200,181,178.1,187
breakfast,4,3.18,0,0,200,152,146.6,144
breakfast,6,9.86,0,0,225,148,135.8,152
dinner,3,9.13,0,0,175,159,171.2,164
dinner,6,5.76,0,0,225,167,172.6,170
dinner,3,5.77,0,0,200,181,164.0,177
dinner,0,9.11,0,0,200,176,176.5,184
breakfast,4,6.73,0,0,200,144,134.2,162
lunch,2,5.83,0,1,225,225,212.2,211
lunch,6,7.74,0,0,175,147,134.3,139
lunch,4,3.12,0,0,225,204,185.2,198
lunch,3,8.91,0,1,150,133,127.9,144
lunch,6,5.78,0,1,250,193,196.7,203
lunch,1,6.43,0,0,200,175,202.1,181
lunch,5,1.81,0,0,250,175,167.0,179
breakfast,1,3.79,0,0,200,166,170.9,154
lunch,2,4.84,0,0,175,152,170.0,160
lunch,4,4.73,0,0,150,141,120.6,134
lunch,0,8.0,0,0,175,152,169.5,161
breakfast,4,3.54,0,1,200,145,138.3,149
dinner,2,2.64,0,0,225,192,180.6,203
breakfast,2,6.24,0,0,150,131,117.3,129
lunch,5,6.54,0,0,175,134,135.4,143
dinner,2,2.09,0,0,200,161,182.5,174
lunch,1,1.02,0,0,175,167,167.7,156
breakfast,5,9.26,0,0,200,139,149.6,135
dinner,4,1.72,0,1,200,185,158.2,179
lunch,6,9.08,0,1,250,216,220.7,217
dinner,4,4.59,0,0,150,133,127.3,123
dinner,0,6.88,0,1,250,237,226.1,234
lunch,2,2.67,0,0,200,191,194.2,185
lunch,2,8.42,0,0,175,152,161.2,162
breakfast,3,2.62,1,0,225,102,102.3,98
breakfast,5,4.48,0,0,175,107,109.8,125
lunch,3,3.14,0,1,250,243,212.5,232
lunch,5,8.54,0,0,200,168,150.8,167
lunch,1,8.73,0,0,200,196,195.7,188
breakfast,5,4.35,0,0,250,167,166.5,173
breakfast,4,3.77,0,0,175,111,120.0,132
lunch,0,7.96,0,0,250,248,211.7,238
breakfast,6,8.91,0,0,200,131,144.6,131
dinner,5,6.62,0,0,225,186,173.4,172
breakfast,5,9.35,0,1,200,140,136.0,158
lunch,5,4.45,0,1,200,168,152.7,159
dinner,0,2.37,0,0,175,154,136.0,156
breakfast,2,2.62,0,0,175,134,135.9,136
lunch,0,7.03,0,1,200,176,194.0,200
breakfast,2,4.67,1,0,200,109,97.0,89
lunch,6,2.41,1,0,225,107,96.9,101
lunch,4,3.63,0,0,225,196,185.5,197
lunch,0,5.78,0,0,200,186,200.1,189
lunch,2,2.09,0,0,200,164,186.2,180
dinner,4,1.03,0,1,200,185,182.6,179
breakfast,4,9.26,0,0,200,162,148.9,158
breakfast,2,3.74,0,0,225,172,187.2,171
dinner,2,2.99,0,0,225,196,181.7,191
lunch,1,7.29,0,0,150,150,126.6,141
dinner,4,8.68,0,0,200,176,169.9,178
lunch,2,6.69,0,0,200,182,174.8,195
dinner,4,3.29,1,0,225,112,119.0,114
lunch,0,8.75,0,0,200,182,180.5,200
dinner,6,5.59,0,0,200,153,138.1,151
dinner,3,4.43,0,1,200,193,197.2,193
lunch,3,6.44,1,0,175,123,109.0,116
breakfast,5,7.31,0,0,200,134,121.8,130
breakfast,2,6.34,0,0,200,173,144.1,161
breakfast,2,9.28,0,0,225,180,180.8,195
breakfast,4,6.65,0,0,200,136,160.3,155
breakfast,5,8.91,1,0,250,89,97.2,100
lunch,2,6.28,0,0,150,148,128.0,144
lunch,4,3.97,0,1,225,206,191.4,203
lunch,2,5.79,0,0,225,219,187.8,203
lunch,4,1.78,1,0,175,99,98.4,101
breakfast,2,3.07,0,0,200,151,163.6,150
breakfast,1,7.9,0,0,200,160,150.5,162
breakfast,6,6.95,0,0,175,108,104.3,123
lunch,4,2.5,0,1,225,213,184.7,203
breakfast,6,4.94,0,0,250,158,163.4,147
breakfast,1,2.28,0,0,200,154,162.4,149
lunch,1,8.7,0,0,250,235,228.4,238
dinner,1,1.98,0,0,175,160,167.5,153
breakfast,1,6.89,0,0,175,158,135.1,147
lunch,0,6.46,0,0,150,137,139.9,141
lunch,6,5.25,0,0,175,125,145.7,133
dinner,5,3.5,0,0,200,138,156.8,152
dinner,6,4.64,0,0,225,180,163.2,160
breakfast,3,8.26,0,0,150,111,110.0,115
breakfast,0,7.85,0,0,200,159,174.0,168
dinner,2,7.65,0,0,200,184,185.8,189
lunch,2,7.75,0,0,175,161,156.3,172
lunch,5,2.29,0,1,150,123,117.4,115
lunch,3,1.89,0,0,175,145,145.1,154
dinner,3,8.75,0,0,175,174,163.4,160
dinner,3,8.53,0,0,200,195,175.7,188
dinner,1,7.13,0,0,175,151,160.9,173
dinner,0,6.45,0,0,200,185,178.6,189
breakfast,2,4.3,0,0,150,119,117.4,114
dinner,0,3.02,0,0,200,173,156.3,177
breakfast,0,7.01,0,0,200,157,162.0,161
breakfast,0,9.22,0,0,200,160,167.8,164
dinner,3,4.93,0,0,225,187,193.6,199
breakfast,5,3.73,0,0,200,126,117.1,122
breakfast,5,3.44,0,0,200,112,132.0,131
breakfast,3,1.21,0,0,225,170,156.6,164
dinner,2,5.68,0,0,200,197,172.4,182
lunch,2,9.89,0,0,175,156,161.5,164
dinner,2,8.34,0,0,225,214,199.3,223
breakfast,5,9.08,0,0,225,158,164.2,150
dinner,5,6.59,1,0,225,96,109.2,107
dinner,0,5.33,0,0,200,185,187.6,182
breakfast,3,9.91,0,1,175,148,159.5,154
lunch,1,5.02,0,1,225,200,221.0,217
breakfast,0,9.25,0,0,175,155,154.9,160
dinner,4,7.86,0,1,250,242,251.1,227
lunch,5,3.98,1,0,200,89,90.9,89
dinner,0,5.53,0,0,150,126,132.7,137
breakfast,3,4.46,0,0,175,128,120.2,137
dinner,4,2.23,0,0,200,173,175.7,159
dinner,6,4.21,0,0,150,109,110.7,112
dinner,0,9.0,0,0,200,185,194.3,186
dinner,3,7.77,0,0,175,166,157.7,165
lunch,3,3.5,1,0,150,97,87.7,90
breakfast,5,4.31,0,0,175,112,110.7,114
dinner,1,6.55,1,0,175,111,117.4,116
dinner,0,4.75,0,0,200,179,181.5,184
lunch,3,5.53,0,0,225,196,216.8,201
breakfast,2,7.28,0,0,200,155,150.5,164
lunch,3,5.21,0,0,225,198,190.7,212
breakfast,1,2.72,0,1,200,153,152.9,168
lunch,3,5.69,0,0,150,146,122.5,135
lunch,5,4.21,0,0,250,201,178.6,195
dinner,6,3.62,0,0,200,152,131.9,145
breakfast,0,3.95,0,0,200,153,150.5,155
lunch,5,4.95,1,0,200,92,87.8,96
breakfast,0,8.98,1,0,200,117,103.1,106
breakfast,4,7.61,0,0,225,176,186.8,176
dinner,0,7.01,0,0,225,198,205.9,202
dinner,4,5.24,0,1,250,241,242.8,226
lunch,5,1.02,0,0,200,136,151.0,144
dinner,2,4.06,0,0,250,230,237.2,228
dinner,1,8.32,0,0,200,200,191.0,188
dinner,2,4.49,1,0,150,99,93.8,88
breakfast,4,6.07,0,0,175,136,123.2,129
dinner,3,2.84,0,0,200,166,166.1,171
lunch,3,9.24,0,1,225,218,228.3,219
lunch,2,9.31,0,0,150,141,132.6,141
breakfast,3,2.31,0,1,200,159,153.3,163
lunch,4,7.52,0,1,250,243,239.4,235
breakfast,5,1.68,0,0,225,143,131.3,144
breakfast,1,6.39,0,1,200,163,154.7,181
breakfast,6,2.61,0,0,150,84,93.5,90
dinner,0,2.31,0,0,150,141,124.1,134
dinner,4,1.04,0,0,175,131,131.4,143
breakfast,6,9.47,0,0,200,124,133.4,136
dinner,4,8.46,0,0,200,166,158.7,178
dinner,0,1.7,0,0,175,154,160.0,152
dinner,0,6.39,0,0,150,131,129.6,139
breakfast,1,3.1,0,0,150,117,125.6,114
dinner,1,3.38,0,0,200,170,184.8,184
dinner,1,8.87,0,0,225,210,210.8,207
dinner,3,2.03,0,0,225,192,202.0,195
lunch,4,6.41,0,0,175,149,168.3,152
lunch,5,4.61,0,0,200,169,146.0,164
lunch,0,2.72,0,1,200,180,180.7,194
lunch,4,5.07,0,0,250,216,214.9,222
breakfast,6,9.46,0,1,200,158,144.2,149
breakfast,4,8.03,0,0,200,152,153.5,158
dinner,1,2.19,0,0,200,184,177.2,182
dinner,1,8.64,0,0,150,149,148.5,134
breakfast,4,9.44,0,1,200,158,161.4,165
dinner,1,3.49,0,0,225,209,180.8,202
breakfast,3,4.0,0,0,200,163,161.4,149
lunch,0,2.14,0,0,250,232,225.8,231
dinner,6,4.1,0,0,200,153,134.9,147
dinner,4,7.06,0,0,175,157,136.4,159
dinner,0,3.45,0,0,225,204,188.6,199
breakfast,3,1.06,0,0,150,113,98.6,105
dinner,6,4.05,0,0,175,121,136.7,129
breakfast,1,5.08,0,0,200,151,151.6,160
dinner,2,6.1,0,0,225,199,211.4,213
dinner,3,7.15,0,0,200,182,187.1,177
dinner,2,1.56,0,0,250,228,221.9,221
breakfast,0,5.23,0,0,200,166,155.8,158
dinner,4,3.4,0,1,225,206,205.2,199
breakfast,6,9.53,1,0,250,93,94.3,95
breakfast,1,4.24,0,0,200,149,152.9,162
dinner,6,1.9,0,0,225,158,168.3,159
lunch,3,1.37,0,0,175,155,148.7,158
dinner,1,3.39,0,0,200,181,180.8,173
lunch,2,2.61,0,0,250,210,218.9,222
breakfast,2,6.85,0,0,225,173,188.4,178
dinner,5,8.62,0,0,200,156,160.0,155
lunch,6,3.81,1,0,200,103,88.6,92
breakfast,4,6.2,0,0,225,179,157.4,176
dinner,2,7.57,0,0,175,175,174.2,166
lunch,4,4.59,1,0,225,140,135.8,127
lunch,5,1.6,1,0,225,108,97.6,105
lunch,3,3.06,0,0,175,142,157.9,159
dinner,5,8.95,0,0,225,180,179.6,178
dinner,4,8.42,0,0,225,189,184.9,199
dinner,2,1.78,0,0,175,163,145.2,161
breakfast,0,3.02,0,0,200,145,160.7,160
dinner,4,7.92,0,0,225,197,208.9,203
dinner,1,5.37,0,0,175,151,146.8,167
dinner,0,7.84,0,0,200,193,168.3,194
lunch,6,2.9,0,0,200,155,155.5,154
dinner,4,9.57,0,0,150,129,145.2,142
dinner,1,8.05,0,0,175,151,155.8,162
breakfast,6,2.78,0,0,200,127,114.0,121
lunch,5,6.03,0,0,200,147,151.5,165
dinner,0,2.02,0,0,200,173,157.5,175
breakfast,4,4.25,0,1,150,116,120.4,117
dinner,3,6.94,0,0,250,235,219.4,228
dinner,5,3.97,0,0,225,182,178.0,163
lunch,1,6.91,0,0,200,186,200.6,187
breakfast,3,3.2,0,0,175,117,140.3,126
breakfast,2,7.49,0,0,150,117,127.3,123
dinner,5,4.24,0,0,175,136,138.0,130
breakfast,5,8.11,0,0,200,126,132.9,137
dinner,4,2.23,0,0,225,187,164.7,187
lunch,4,4.26,0,0,175,138,137.2,154
breakfast,1,5.18,1,0,175,86,87.8,87
breakfast,5,4.81,0,0,200,116,122.8,127
lunch,4,4.9,0,1,200,182,193.5,185
dinner,2,5.0,0,0,200,173,179.7,181
lunch,6,9.9,0,0,225,191,167.4,190
lunch,6,2.74,0,0,200,153,144.4,148
lunch,6,7.92,0,0,200,158,168.1,156
lunch,4,5.97,1,0,150,75,92.6,86
lunch,5,4.72,0,0,200,166,143.4,153
dinner,6,6.7,0,0,150,108,103.5,113
lunch,0,8.68,0,1,250,249,226.9,240
lunch,3,5.2,0,0,175,175,143.8,164
breakfast,5,8.78,0,0,175,133,124.1,122
dinner,2,1.84,0,0,150,116,126.0,123
breakfast,5,6.88,0,0,150,92,92.0,97
breakfast,2,4.0,1,0,225,92,96.4,105
lunch,5,4.48,0,0,175,142,146.0,140
lunch,6,6.14,1,0,200,95,85.3,89
lunch,3,5.32,0,0,200,191,165.5,179
lunch,3,4.44,0,0,200,174,168.7,185
dinner,2,3.77,0,0,225,193,180.7,203
breakfast,5,6.56,0,1,175,131,126.1,132
dinner,3,5.55,0,0,150,126,124.7,145
lunch,1,3.91,0,0,150,144,136.6,135
lunch,5,2.84,1,0,200,89,96.8,86
lunch,3,7.97,0,0,200,200,198.5,186
breakfast,0,8.2,1,0,200,96,95.5,117
dinner,0,2.92,0,1,225,201,188.5,207
lunch,1,3.35,0,0,175,171,164.1,168
breakfast,3,3.15,0,0,200,146,139.2,157
lunch,0,8.96,0,0,175,152,172.0,156
dinner,6,7.97,0,0,250,191,189.5,197
lunch,5,1.67,0,0,250,195,170.3,188
dinner,4,8.49,0,1,175,175,178.4,171
lunch,3,1.33,0,0,200,178,155.9,182
breakfast,1,3.28,0,0,250,205,178.3,202
breakfast,3,9.27,0,0,150,109,129.3,125
lunch,2,8.78,0,0,175,175,161.1,170
breakfast,2,8.03,0,0,200,175,176.2,153
breakfast,0,5.12,1,0,150,78,65.9,66
dinner,2,3.89,0,0,225,202,183.2,198
dinner,1,8.93,0,1,225,198,187.5,214
dinner,0,6.91,0,0,250,230,215.2,227
breakfast,1,3.66,1,0,175,76,87.0,88
breakfast,5,5.17,0,0,150,86,99.4,102
breakfast,1,8.93,0,0,200,176,165.2,161
dinner,2,9.13,0,0,225,199,198.4,223
dinner,5,6.93,0,1,200,162,171.9,163
lunch,2,7.59,0,1,250,250,216.7,240
breakfast,1,1.35,0,0,250,200,197.4,186
lunch,2,6.44,0,0,200,200,196.1,190
lunch,2,7.2,0,0,150,147,137.5,132
lunch,2,1.18,0,0,150,135,121.3,138
lunch,3,8.59,0,0,200,200,191.1,183
dinner,5,9.35,0,1,250,209,229.1,220
breakfast,5,3.14,0,0,200,131,123.2,130
breakfast,6,8.61,0,0,225,150,146.8,148
dinner,5,6.99,0,0,200,153,170.0,154
breakfast,6,6.23,0,0,150,86,94.8,87
breakfast,1,8.59,0,0,225,180,169.4,192
breakfast,6,3.57,0,0,200,110,119.6,123
breakfast,6,8.12,0,0,150,90,96.9,95
lunch,4,3.83,1,0,225,118,119.2,127
dinner,1,8.09,0,1,225,209,201.0,206
lunch,5,5.06,0,0,200,172,168.5,152
lunch,0,2.05,0,0,150,132,121.5,138
dinner,2,4.43,1,0,200,128,123.9,119
lunch,2,3.1,0,0,200,167,191.9,175
dinner,4,1.9,0,0,175,147,133.3,149
dinner,0,1.99,0,1,175,172,143.8,160
breakfast,3,8.02,0,0,175,149,133.7,144
dinner,6,8.93,0,0,200,146,153.7,161
lunch,1,9.34,0,0,225,202,228.0,213
dinner,3,8.69,1,0,225,138,139.1,143
lunch,0,8.47,1,0,150,114,89.8,106
dinner,4,1.62,1,0,150,68,70.0,70
dinner,0,8.11,0,0,150,135,135.0,132
breakfast,4,8.05,0,0,200,161,142.1,151
lunch,3,2.18,0,0,225,201,177.5,196
dinner,3,6.96,0,0,175,170,147.3,153
dinner,0,5.07,0,1,200,180,171.2,192
breakfast,0,9.1,0,0,150,119,115.1,124
dinner,6,7.26,1,0,150,67,76.6,74
lunch,2,9.56,0,0,150,128,137.6,142
breakfast,4,1.94,0,0,225,171,159.9,151
lunch,2,1.37,0,1,150,125,127.8,136
breakfast,1,9.76,0,0,175,163,158.5,151
dinner,1,1.72,0,0,200,166,166.1,185
lunch,0,4.48,0,0,200,183,198.1,184
dinner,3,6.85,0,0,150,124,144.5,138
breakfast,1,8.92,0,0,175,161,159.5,155
breakfast,1,3.29,0,0,200,164,159.1,159
breakfast,2,1.26,0,0,200,160,150.7,149
breakfast,2,5.69,0,0,200,166,166.7,155
breakfast,6,5.24,0,0,175,97,112.5,120
breakfast,6,3.76,0,0,150,103,92.1,86
lunch,1,8.87,0,0,200,200,180.8,187
breakfast,0,7.74,0,0,200,165,151.6,154
lunch,2,8.72,0,1,225,199,220.8,222
lunch,1,2.46,0,0,200,180,175.2,182
dinner,3,7.23,0,0,200,177,165.1,190
dinner,2,9.78,0,0,200,194,185.4,191
lunch,1,6.51,0,0,225,216,215.4,216
lunch,6,2.54,0,0,225,160,146.8,164
breakfast,4,9.96,0,0,150,110,121.5,104
dinner,2,5.75,0,1,225,223,197.0,218
breakfast,4,8.56,0,0,150,105,108.2,117
breakfast,2,2.34,0,0,225,172,168.7,171
breakfast,2,6.99,0,0,200,149,153.5,163
breakfast,6,9.21,0,0,200,135,131.9,133
breakfast,5,5.79,0,0,175,119,113.0,119
dinner,5,3.6,0,0,200,151,159.6,143
breakfast,4,2.15,0,0,225,166,145.5,158
lunch,0,3.66,0,0,175,170,154.7,156
breakfast,1,4.19,0,1,200,162,176.3,170
breakfast,0,7.39,0,0,200,168,150.1,163
dinner,0,2.61,0,1,175,161,145.2,165
breakfast,5,1.95,0,0,225,135,121.9,130
dinner,1,4.48,0,0,250,228,207.2,219
lunch,5,5.13,0,0,175,144,129.0,137
breakfast,5,6.66,0,0,225,138,144.3,161
dinner,6,7.37,1,0,175,78,82.9,91
breakfast,5,9.0,0,0,250,188,160.1,172
dinner,3,3.6,0,0,200,163,164.4,182
breakfast,0,5.76,0,0,250,202,202.9,206
dinner,6,4.29,0,0,150,108,117.9,105
breakfast,6,1.01,0,0,225,118,117.9,131
lunch,0,6.21,0,0,200,185,183.2,176
dinner,6,8.34,1,0,175,84,79.8,82
dinner,0,1.33,0,0,225,184,191.2,190
dinner,3,1.03,0,1,200,182,162.7,182
dinner,2,7.55,0,0,250,241,219.5,233
dinner,6,7.15,1,0,175,75,84.8,81
breakfast,4,4.65,0,0,250,176,191.0,189
breakfast,4,6.95,0,0,200,165,152.7,142
breakfast,3,9.58,0,0,200,170,177.4,159
lunch,0,3.23,0,0,150,141,137.4,139
lunch,4,3.21,0,0,225,201,198.7,190
lunch,3,2.68,0,0,225,210,190.3,202
breakfast,5,7.52,0,0,225,139,139.8,159
dinner,1,4.18,0,1,225,207,215.5,217
breakfast,4,9.9,0,0,250,185,211.7,205
breakfast,1,7.43,0,1,225,193,215.3,201
lunch,0,4.31,0,1,250,248,229.9,232
dinner,4,2.34,0,0,225,192,183.8,180
dinner,3,6.33,0,1,225,223,200.7,210
lunch,2,3.65,0,0,175,152,161.3,163
breakfast,4,9.15,0,0,200,154,162.2,159
lunch,4,4.97,0,0,175,147,135.9,159
breakfast,4,3.63,0,0,150,99,113.3,115
lunch,4,6.3,0,0,200,176,175.9,174
lunch,3,2.23,0,0,225,188,198.2,203
breakfast,3,6.05,0,0,150,114,108.7,116
breakfast,2,1.51,0,0,175,123,114.7,124
dinner,3,6.46,0,0,150,130,146.7,145
dinner,3,5.77,0,0,200,183,192.9,180
lunch,0,5.69,0,0,150,148,144.9,145
breakfast,6,7.16,0,0,150,90,95.5,109
breakfast,0,1.4,0,0,175,132,122.7,122
lunch,6,5.14,0,1,175,137,130.3,143
dinner,1,5.0,0,0,200,193,166.7,182
breakfast,2,5.14,0,0,150,103,114.6,117
dinner,6,9.82,0,0,200,166,167.2,162
breakfast,0,2.25,0,0,200,156,154.8,147
dinner,2,7.21,0,0,175,157,168.1,166
lunch,2,4.62,0,0,200,174,167.2,191
dinner,4,5.61,0,0,200,175,182.1,176
lunch,5,7.86,0,0,225,199,192.5,188
lunch,5,2.42,0,0,250,192,169.9,188
breakfast,5,7.87,0,0,225,150,145.5,150
breakfast,2,1.63,0,0,225,158,160.4,167
dinner,4,5.35,0,0,200,173,176.6,172
dinner,1,7.68,0,0,200,200,199.9,189
dinner,1,2.73,0,0,150,147,128.9,135
lunch,5,7.94,0,1,225,202,177.6,192
dinner,1,2.5,0,1,200,188,170.3,195
breakfast,4,8.19,1,0,175,73,83.6,82
lunch,5,5.22,0,0,200,165,154.8,166
breakfast,6,7.16,0,0,200,140,138.9,136
lunch,6,9.26,0,0,200,164,175.6,169
lunch,4,4.68,0,0,225,190,208.7,195
breakfast,1,3.1,0,0,225,165,158.4,175
lunch,5,8.8,0,0,175,148,136.8,145
dinner,6,2.45,0,0,200,132,132.7,145
lunch,4,6.68,0,1,200,175,169.8,192
breakfast,3,9.31,0,0,175,158,154.2,143
breakfast,6,7.07,0,1,225,157,167.3,168
breakfast,3,2.76,0,1,200,156,153.3,158
breakfast,4,2.37,1,0,200,79,86.8,68
lunch,4,3.27,0,0,150,140,127.1,124
lunch,0,4.52,0,0,200,197,177.9,185
dinner,6,2.43,0,0,225,166,159.4,159
lunch,0,8.18,0,0,225,209,205.4,216
dinner,2,4.21,0,0,150,145,126.7,135
breakfast,6,9.42,0,1,225,161,150.3,163
lunch,5,8.58,0,1,175,141,149.7,149
dinner,2,9.18,0,0,250,235,233.7,241
breakfast,2,3.65,0,0,225,181,181.7,168
breakfast,1,6.16,0,0,250,196,199.8,201
dinner,3,3.89,0,0,225,186,208.1,206
lunch,1,3.31,0,0,225,214,223.8,207
dinner,5,6.46,1,0,175,78,87.1,74
breakfast,4,8.36,0,0,200,144,141.0,160
dinner,0,1.84,0,0,200,160,169.2,182
breakfast,5,3.48,0,0,175,97,115.6,103
breakfast,4,2.85,1,0,200,93,80.2,82
lunch,5,8.19,0,1,250,204,228.2,230
breakfast,4,9.4,0,0,200,147,163.6,165
lunch,6,1.72,0,0,200,139,133.1,155
breakfast,0,4.41,0,0,175,139,129.6,134
breakfast,4,9.23,0,1,200,165,173.5,166
breakfast,2,4.1,0,0,200,158,141.3,162
breakfast,5,7.41,0,1,175,130,122.5,128
dinner,0,1.91,0,0,200,165,157.9,180
breakfast,4,5.0,1,0,225,111,91.8,98
lunch,2,5.53,0,0,225,220,196.8,215
breakfast,2,7.82,0,0,250,196,202.1,202
breakfast,6,3.6,0,0,200,121,129.6,117
dinner,3,3.38,0,0,150,143,126.3,133
breakfast,2,3.73,0,0,225,175,182.7,170
dinner,1,6.0,0,0,150,128,143.7,133
breakfast,0,8.88,0,1,225,200,206.2,191
dinner,0,8.48,0,0,250,246,244.7,240
lunch,0,1.52,0,1,250,248,220.1,234
dinner,4,8.91,0,0,250,240,209.6,222
lunch,5,1.86,0,0,150,119,120.5,113
lunch,4,4.74,0,1,150,137,142.8,142
breakfast,1,7.89,0,0,175,160,140.1,149
breakfast,5,1.73,0,1,225,137,146.6,150
dinner,6,1.36,0,0,150,96,108.7,107
breakfast,2,3.97,0,0,225,177,155.1,171
lunch,4,7.57,0,0,150,139,122.4,139
dinner,5,5.7,0,1,225,171,164.6,180
lunch,2,4.75,0,1,175,171,151.5,168
dinner,5,8.32,0,0,200,168,145.5,157
dinner,2,7.9,0,0,250,239,229.5,227
lunch,5,8.07,0,0,200,170,154.7,156
dinner,4,5.14,0,0,150,139,114.7,119
breakfast,4,1.18,0,0,225,157,151.3,159
breakfast,1,2.55,0,0,200,170,155.3,162
lunch,6,7.67,0,0,200,167,152.6,166
breakfast,6,7.78,0,0,225,162,138.9,152
dinner,3,9.75,0,0,225,224,204.1,212
dinner,0,2.71,0,0,200,175,173.2,169
lunch,4,2.11,0,0,225,182,183.8,192
lunch,4,2.25,0,0,175,140,133.0,152
dinner,2,2.66,0,0,200,161,171.0,175
lunch,3,5.76,0,0,150,143,142.3,144
lunch,6,9.78,0,0,200,158,172.3,161
lunch,4,6.3,0,0,200,165,173.3,183
dinner,5,5.7,0,0,250,179,209.3,192
lunch,6,7.06,0,0,200,158,165.7,162
dinner,3,1.67,0,1,250,233,209.5,233
dinner,0,8.34,0,0,200,200,184.6,185
lunch,5,6.82,0,0,200,175,152.1,160
lunch,2,2.54,0,0,200,177,178.2,177
dinner,1,6.68,0,0,200,200,175.7,196
lunch,5,6.37,0,0,225,176,160.6,187
dinner,6,1.58,1,0,225,77,97.6,90
dinner,0,3.4,0,0,200,168,175.1,181
lunch,5,4.52,1,0,200,81,102.0,94
dinner,3,3.2,0,1,200,175,167.2,181
dinner,3,3.19,1,0,200,108,104.7,118
dinner,0,6.16,0,1,150,139,131.4,145
lunch,6,5.24,0,0,250,193,187.5,188
breakfast,3,7.01,0,0,175,145,147.8,140
lunch,5,9.61,0,0,175,151,148.5,146
dinner,1,6.95,0,0,200,198,169.3,181
lunch,5,6.24,0,0,150,108,115.4,117
dinner,1,8.63,0,0,225,217,218.3,214
lunch,3,6.69,0,0,225,206,199.3,207
lunch,5,2.49,0,0,200,148,147.8,147
breakfast,3,3.83,0,0,250,200,195.3,191
dinner,6,7.6,0,0,200,141,167.4,156
lunch,1,7.65,0,1,175,175,157.1,167
breakfast,6,9.88,0,1,250,171,189.3,184
breakfast,3,6.64,0,0,175,134,143.1,143
dinner,4,9.1,0,0,200,185,178.9,185
lunch,2,1.49,1,0,200,109,122.0,121
breakfast,5,6.1,0,0,200,117,130.3,138
dinner,4,9.28,0,0,200,185,182.9,187
dinner,6,3.59,0,1,225,174,184.4,172
dinner,3,2.39,0,1,225,220,200.9,200
lunch,3,4.15,0,0,225,206,199.0,207
lunch,2,8.13,0,0,200,180,189.7,197
dinner,3,1.76,0,0,175,162,156.1,147
lunch,2,6.4,1,0,200,122,116.8,133
dinner,5,2.22,1,0,250,119,112.7,118
breakfast,1,4.92,0,0,225,195,170.9,181
lunch,2,9.69,0,0,150,135,127.0,135
breakfast,2,2.76,0,0,225,170,177.6,178
breakfast,4,1.31,0,0,200,149,126.4,142
breakfast,3,4.84,0,0,150,105,107.0,117
breakfast,5,6.2,0,0,200,135,134.8,136
dinner,1,3.68,0,0,225,213,203.5,204
breakfast,0,5.88,0,0,200,153,170.3,168
lunch,6,9.58,0,0,250,199,220.6,206
dinner,2,3.81,0,0,175,167,147.1,147
lunch,0,3.78,0,0,200,184,172.9,181
breakfast,3,5.34,1,0,150,84,66.4,62
dinner,6,5.64,0,0,150,112,111.1,113
lunch,2,1.01,0,0,200,186,168.2,187
dinner,0,6.54,0,0,200,190,163.3,179
dinner,4,9.98,0,0,175,173,153.4,157
dinner,0,3.63,0,0,175,150,139.2,149
lunch,6,6.68,0,0,200,170,164.3,157
lunch,4,1.04,0,0,175,138,154.5,146
lunch,6,6.44,0,0,200,168,147.4,147
breakfast,1,5.02,0,0,250,205,204.0,205
dinner,3,5.77,0,1,225,204,191.2,212
breakfast,5,5.9,0,0,175,124,109.6,114
breakfast,0,2.59,0,0,250,204,189.1,185
dinner,2,7.93,0,0,225,209,191.0,212
lunch,6,6.0,0,1,175,131,138.5,153
lunch,6,3.43,0,0,200,152,160.7,154
lunch,3,9.44,1,0,250,173,153.4,172
dinner,0,1.11,0,0,150,121,129.5,122
lunch,2,7.53,0,0,175,175,173.7,175
dinner,2,4.43,0,1,200,195,196.5,188
breakfast,6,5.7,0,0,175,103,114.8,114
dinner,5,3.62,0,0,175,135,116.8,132
dinner,6,3.89,0,0,200,140,158.0,148
breakfast,5,1.14,0,0,200,117,123.1,124
lunch,6,7.57,0,0,200,164,171.3,165
breakfast,6,7.4,0,1,200,146,151.7,133
dinner,2,6.89,0,0,225,221,198.8,202
lunch,5,8.9,1,0,250,130,132.5,133
lunch,2,9.11,0,0,200,200,194.9,193
breakfast,0,6.01,0,0,225,171,189.0,180
breakfast,6,7.16,0,0,200,140,140.7,126
breakfast,1,1.1,0,0,225,176,183.8,175
breakfast,5,8.62,0,0,200,152,130.5,146
lunch,4,8.35,0,0,250,237,233.7,229
dinner,4,1.18,0,0,225,180,166.4,186
lunch,4,5.89,0,0,225,197,208.4,192
lunch,1,9.16,0,0,175,154,151.4,164
dinner,2,2.63,0,1,225,195,221.2,212
dinner,2,4.17,0,0,175,143,168.9,158
dinner,3,3.98,0,0,200,166,158.8,173
lunch,4,4.2,0,0,225,181,191.6,193
breakfast,4,1.38,0,0,225,170,145.5,160
breakfast,2,3.51,0,0,200,153,150.0,152
dinner,4,3.65,0,0,175,133,138.0,144
breakfast,2,8.79,1,0,225,106,107.2,122
breakfast,6,4.17,0,0,225,143,133.3,139
lunch,6,5.02,0,0,175,126,123.4,139
lunch,2,4.43,0,0,225,214,204.9,204
lunch,5,2.09,0,1,250,190,204.2,203
breakfast,2,9.91,0,0,200,169,162.4,163
lunch,0,8.43,0,0,150,149,130.7,143
lunch,0,5.87,0,0,250,241,215.8,242
dinner,0,5.29,0,0,175,167,140.0,148
dinner,0,6.84,0,0,200,184,189.8,188
dinner,1,3.94,0,0,200,175,170.3,181
dinner,3,1.45,0,0,250,221,229.9,214
lunch,3,4.64,0,0,250,233,234.7,226
breakfast,2,9.86,1,0,225,129,115.5,123
lunch,6,2.64,0,0,175,124,117.6,132
lunch,4,5.75,0,0,200,172,177.9,170
lunch,0,1.08,0,0,200,186,185.3,179
lunch,3,2.1,0,0,175,146,153.5,162
lunch,3,6.28,0,1,225,220,187.9,212
lunch,0,3.68,0,0,150,137,142.1,134
lunch,6,9.15,1,0,200,108,110.5,102
breakfast,1,4.66,0,0,200,171,143.2,162
dinner,1,2.87,0,0,225,195,211.5,199
breakfast,3,5.91,0,0,200,162,161.8,161
breakfast,1,8.15,0,0,200,182,162.2,179
lunch,5,1.17,0,0,200,154,149.0,156
lunch,0,5.55,0,0,200,191,170.5,192
lunch,6,7.96,0,1,175,145,152.6,154
breakfast,3,1.93,1,0,175,66,76.7,83
lunch,0,9.13,0,0,225,223,191.1,213
lunch,1,3.38,0,0,175,149,170.7,155
dinner,0,2.54,1,0,175,103,91.5,106
dinner,1,6.3,0,0,250,247,228.4,229
lunch,6,2.58,0,1,175,123,125.1,135
breakfast,1,7.12,0,0,200,170,168.5,170
dinner,0,5.41,0,1,200,187,195.2,186
breakfast,6,1.99,0,1,200,123,136.9,138
lunch,1,9.21,0,1,200,175,176.8,188
lunch,5,7.06,1,0,175,104,85.8,84
dinner,2,5.91,0,0,200,190,176.2,185
breakfast,0,4.37,0,0,175,147,122.3,132
lunch,2,2.21,0,0,225,203,209.4,199
dinner,0,7.37,0,0,200,190,167.7,190
lunch,1,8.32,0,1,225,210,201.9,217
breakfast,1,2.13,0,0,175,127,123.9,138
dinner,6,5.45,0,0,200,156,152.9,151
lunch,3,5.36,0,0,225,219,219.7,200
lunch,5,4.15,0,0,225,177,180.1,178
breakfast,3,8.1,0,0,250,190,211.1,204
lunch,2,1.9,0,1,175,167,146.9,165
lunch,1,2.85,0,0,200,187,189.1,181
breakfast,3,1.01,0,0,150,117,97.3,110
breakfast,1,4.36,1,0,250,114,122.1,122
dinner,0,3.62,0,0,175,148,158.9,157
breakfast,3,8.8,1,0,250,135,122.0,122
breakfast,2,7.71,0,0,200,173,166.7,172
lunch,6,1.76,0,0,250,169,192.2,183
dinner,3,7.67,0,0,175,149,172.1,161
breakfast,1,7.08,0,0,200,156,152.5,164
lunch,4,3.54,0,0,175,161,140.2,156
breakfast,4,1.14,0,0,200,138,139.8,133
breakfast,6,2.04,0,0,250,147,155.1,145
breakfast,6,3.25,0,0,200,109,117.5,115
dinner,5,8.35,0,0,200,148,172.4,163
breakfast,6,5.19,1,0,200,64,65.7,69
breakfast,1,9.27,0,0,200,162,160.4,173
lunch,0,8.1,0,0,225,217,188.3,215
dinner,3,3.58,0,0,200,186,183.3,181
breakfast,6,8.61,0,0,175,128,105.1,116
lunch,4,2.05,0,0,200,172,150.5,164
breakfast,0,1.33,1,0,200,102,92.2,84
lunch,1,6.48,0,0,250,247,210.1,233
lunch,0,4.08,0,0,200,171,191.9,189
lunch,1,3.96,0,0,200,191,187.0,191
lunch,5,7.18,0,0,225,191,184.3,171
breakfast,3,8.65,0,0,175,129,153.7,145
breakfast,0,3.9,0,1,150,133,130.6,126
lunch,3,3.93,0,0,225,202,182.6,200
breakfast,0,5.8,0,0,200,146,167.0,157
dinner,1,6.88,0,0,175,171,168.2,161
dinner,1,2.83,0,1,200,195,179.2,184
dinner,0,9.21,0,0,200,178,199.6,187
dinner,5,6.89,0,1,200,172,148.6,176
lunch,1,6.63,0,0,200,197,199.0,187
dinner,2,9.14,0,0,200,188,190.8,189
breakfast,2,9.17,0,0,225,193,176.2,184
lunch,3,2.22,0,0,150,142,116.3,122
lunch,6,2.31,0,0,200,150,144.7,146
lunch,2,7.86,1,0,200,143,127.3,137
dinner,2,9.61,0,0,200,183,200.0,192
breakfast,5,7.0,0,0,250,166,174.3,165
breakfast,5,4.7,0,1,225,144,155.7,159
dinner,6,7.15,0,0,175,123,122.9,133
breakfast,4,3.06,0,0,200,153,146.6,136
lunch,6,9.98,0,0,225,182,185.8,175
dinner,4,4.88,0,0,250,206,189.3,213
lunch,5,9.39,0,1,200,190,183.8,190
lunch,4,4.88,0,0,200,175,183.1,169
breakfast,5,9.35,0,0,200,135,144.9,136
lunch,4,4.02,0,0,150,121,119.0,135
dinner,1,7.84,0,0,200,194,186.3,185
lunch,5,9.56,0,0,225,188,187.2,191
lunch,6,6.81,0,0,200,166,168.6,153
breakfast,3,7.1,0,0,200,155,171.5,153
breakfast,3,1.93,0,1,250,184,176.7,192
dinner,5,5.27,0,0,175,148,145.8,135
lunch,2,8.98,0,1,175,163,172.2,175
lunch,3,3.17,1,0,175,97,99.3,103
breakfast,6,8.1,0,0,200,135,136.8,138
dinner,2,7.08,0,0,225,224,200.6,206
dinner,3,3.01,0,0,200,169,186.8,175
lunch,0,3.55,0,0,150,134,130.0,129
breakfast,0,4.85,0,0,175,151,141.6,136
lunch,5,2.13,0,0,225,157,154.9,167
dinner,6,9.22,0,0,200,173,168.1,166
lunch,6,7.65,0,0,250,206,200.8,199
dinner,3,4.28,0,0,225,191,208.3,200
lunch,1,3.7,0,1,200,199,183.1,196
dinner,2,7.21,0,0,200,195,177.5,190
lunch,3,4.82,0,0,200,178,180.5,187
breakfast,5,3.06,0,0,225,131,135.0,134
breakfast,2,4.87,0,0,200,156,154.3,163
breakfast,4,8.84,0,0,175,136,132.4,144
dinner,5,1.62,0,0,200,137,133.3,150
dinner,3,4.32,0,0,225,211,215.1,203
dinner,1,9.66,0,0,200,200,167.8,192
breakfast,4,1.13,0,1,200,159,157.6,156
breakfast,5,9.02,0,1,225,173,175.6,168
dinner,3,4.37,0,1,200,198,181.3,193
lunch,0,2.71,0,0,200,190,170.0,184
breakfast,6,1.13,1,0,200,53,51.1,58
lunch,3,1.63,0,0,250,233,198.5,224
breakfast,0,2.55,0,0,225,167,169.3,172
breakfast,0,1.23,0,0,175,126,117.1,135
lunch,5,4.02,0,0,175,129,132.6,140
breakfast,3,1.4,0,1,175,141,142.9,136
dinner,6,7.23,0,0,225,175,179.5,177
breakfast,3,8.37,0,0,200,163,148.7,156
breakfast,0,8.99,0,0,250,206,224.1,212
breakfast,2,5.94,0,1,150,125,119.0,114
dinner,4,9.52,0,0,150,129,139.9,144
lunch,1,1.05,0,1,200,195,178.6,183
lunch,3,2.21,0,1,175,160,163.6,162
breakfast,4,3.64,0,0,200,153,143.2,150
breakfast,4,8.1,0,1,225,173,170.3,189
lunch,2,8.97,0,0,200,199,192.0,187
dinner,4,6.56,0,0,250,211,207.0,217
dinner,3,4.45,0,0,225,215,201.4,205
breakfast,5,6.99,0,1,200,134,142.3,140
lunch,5,2.63,1,0,200,87,96.5,93
dinner,4,5.12,0,0,225,187,178.1,190
lunch,3,5.57,0,0,200,195,168.4,187
dinner,3,1.94,0,0,175,162,158.7,154
breakfast,0,1.3,0,0,200,141,144.4,147
dinner,2,7.75,0,1,175,158,172.0,162
dinner,6,5.81,0,0,250,196,202.6,186
dinner,1,3.99,0,0,175,174,158.2,154
dinner,6,4.94,0,0,200,140,140.1,142
lunch,0,9.62,0,0,175,169,172.4,171
dinner,1,4.46,0,0,200,191,196.2,186
breakfast,6,1.93,0,0,150,84,81.8,85
lunch,3,5.17,0,1,250,224,241.2,244
dinner,5,6.83,0,0,200,153,163.7,161
dinner,0,1.11,0,0,250,212,190.3,217
dinner,6,3.99,0,1,175,137,136.8,142
breakfast,4,4.54,0,0,200,139,147.0,151
dinner,4,5.17,0,0,200,183,173.3,175
dinner,1,3.72,0,0,200,182,163.2,182
breakfast,3,7.0,0,0,200,149,141.5,160
lunch,5,9.5,0,0,225,200,177.4,180
breakfast,1,9.23,0,0,200,164,163.7,174
breakfast,6,6.98,0,0,200,126,118.2,133
dinner,6,5.56,0,0,225,157,166.9,170
lunch,5,8.43,1,0,250,119,122.2,122
dinner,6,8.52,0,0,200,155,149.7,147
dinner,2,8.47,0,0,175,153,155.8,155
lunch,5,2.42,0,0,225,183,175.8,163
dinner,4,1.23,0,0,225,191,193.1,184
lunch,6,9.85,0,0,175,137,135.3,144
dinner,6,9.64,0,1,200,184,163.4,171
breakfast,0,6.08,0,0,175,154,146.0,138
dinner,0,9.94,0,0,150,149,146.5,138
breakfast,0,7.93,0,1,225,181,200.3,193
breakfast,5,5.66,0,0,200,121,133.8,130
dinner,4,4.5,1,0,175,99,90.2,99
lunch,5,6.34,0,0,175,141,150.5,145
lunch,3,5.64,0,0,150,124,144.8,139
lunch,4,9.94,0,0,250,228,215.8,225
dinner,4,5.41,0,0,200,186,174.1,171
breakfast,5,8.52,1,0,175,54,61.9,69
breakfast,5,8.32,0,0,225,168,154.3,151
breakfast,0,1.64,1,0,225,113,94.7,111
lunch,4,1.78,0,0,200,155,151.4,165
breakfast,0,6.94,0,0,175,133,142.1,140
lunch,3,3.33,0,0,200,169,189.2,178
lunch,2,6.92,1,0,225,145,132.6,140
breakfast,0,2.3,0,0,200,137,160.0,142
lunch,5,4.57,0,0,200,168,141.3,153
dinner,6,1.92,0,0,175,129,127.5,109
breakfast,1,3.54,0,0,250,199,213.4,199
lunch,2,1.79,0,0,250,225,199.5,220
lunch,3,9.74,0,0,225,211,196.5,210
lunch,6,4.56,0,0,200,153,147.9,154
dinner,5,9.11,0,1,200,176,177.8,169
lunch,2,9.74,0,0,250,223,251.1,232
lunch,5,9.19,0,0,200,168,172.3,159
breakfast,0,5.09,0,0,150,122,122.0,110
dinner,6,8.01,0,0,150,122,113.5,122
lunch,5,2.38,0,0,250,189,179.8,185
breakfast,6,1.85,0,0,250,135,145.3,147
lunch,3,8.89,0,0,200,200,191.9,187
dinner,1,1.28,0,0,175,152,151.0,157
lunch,0,9.75,1,0,200,142,142.2,133
lunch,0,7.05,0,0,225,224,194.1,208
dinner,6,4.78,0,0,150,103,107.4,104
dinner,3,2.27,0,0,225,189,174.2,196
lunch,3,7.51,0,0,200,200,192.7,194
dinner,2,6.07,0,0,200,177,189.8,187
dinner,1,7.4,0,0,200,182,192.6,195
lunch,5,4.76,0,0,200,156,168.2,157
lunch,2,1.6,0,1,175,160,174.9,167
lunch,5,3.83,0,1,200,177,154.1,169
dinner,5,3.84,0,0,150,103,104.9,108
dinner,5,1.08,0,0,225,161,143.4,168
breakfast,2,1.09,0,1,225,177,174.5,180
dinner,0,3.98,0,1,200,200,198.9,194
lunch,3,7.55,0,0,175,175,151.3,170
breakfast,0,6.62,0,0,225,174,181.8,174
lunch,1,3.15,0,0,200,181,189.5,189
lunch,2,6.42,0,0,250,240,225.0,237
dinner,1,6.83,0,0,200,200,193.9,188
breakfast,3,5.7,0,0,225,163,185.4,180
dinner,3,5.69,0,1,150,135,125.3,145
lunch,4,4.33,0,0,225,202,201.3,203
breakfast,1,2.11,0,0,200,165,155.0,164
dinner,0,4.47,0,0,200,172,188.8,183
lunch,6,4.11,0,0,250,181,171.6,191
breakfast,1,6.33,0,0,250,194,214.5,210
lunch,2,8.71,0,0,250,247,215.3,234
dinner,3,4.38,0,0,200,167,177.5,183
breakfast,3,7.39,0,0,200,162,150.4,158
breakfast,1,8.31,0,0,175,157,137.3,147
breakfast,1,2.91,0,0,175,128,134.2,134
breakfast,5,9.11,0,0,200,124,143.4,135
dinner,1,1.63,0,0,175,166,156.4,160
lunch,5,9.12,0,0,175,140,157.3,147
breakfast,2,2.47,0,0,200,161,136.5,153
breakfast,2,4.03,0,1,175,142,147.5,146
lunch,0,6.45,0,0,200,192,168.4,184
dinner,1,9.15,0,0,200,183,180.8,184
lunch,0,3.3,0,1,200,185,180.3,199
dinner,6,7.87,0,1,200,177,154.6,162
lunch,4,7.39,0,0,200,177,178.6,183
breakfast,2,2.44,0,1,200,146,149.5,160
dinner,3,5.32,0,0,175,164,150.7,158
lunch,5,5.33,0,0,200,163,166.2,161
dinner,4,3.74,0,0,200,182,158.7,163
dinner,3,8.02,0,0,175,167,175.6,161
breakfast,4,9.33,0,0,225,179,166.5,184
breakfast,0,7.45,0,1,225,202,206.8,195
dinner,0,9.76,0,0,200,175,183.6,197
breakfast,5,1.45,1,0,175,38,56.3,56
breakfast,2,1.34,0,0,200,151,143.8,153
breakfast,6,9.04,0,0,150,94,104.4,103
breakfast,5,9.08,0,0,200,140,133.4,153
dinner,6,1.96,0,0,175,132,124.5,120
breakfast,3,4.22,0,0,200,151,137.1,146
lunch,4,8.52,0,0,200,185,184.0,180
lunch,5,2.16,0,0,225,165,160.3,169
lunch,6,3.41,0,0,200,151,161.9,163
breakfast,1,7.13,0,0,175,139,152.2,150
dinner,1,9.84,0,0,175,174,148.7,172
breakfast,2,8.17,0,0,200,163,151.7,154
dinner,6,8.0,0,0,200,142,157.5,155
dinner,5,4.08,0,0,150,120,106.2,116
lunch,3,6.95,0,1,175,158,153.1,167
lunch,1,2.02,0,0,175,145,151.2,151
lunch,2,9.93,0,0,225,201,192.0,215
lunch,5,5.33,0,0,225,180,176.4,174
dinner,2,6.75,0,0,200,183,174.2,188
dinner,3,8.89,0,0,225,211,224.4,206
lunch,1,1.01,1,0,225,141,119.7,135
lunch,1,9.78,0,0,150,147,134.9,148
dinner,1,4.23,1,0,200,119,122.8,122
dinner,6,4.06,0,0,175,124,119.6,136
lunch,0,2.31,0,0,200,184,159.6,173
lunch,6,8.72,0,0,200,174,144.9,160
breakfast,1,8.84,0,1,200,195,165.0,183
dinner,4,1.18,0,0,175,134,132.7,139
breakfast,0,1.5,0,0,225,164,171.6,166
lunch,5,9.27,0,0,225,202,184.3,183
breakfast,6,2.11,0,0,175,89,92.2,96
breakfast,0,6.59,0,0,200,171,146.7,163
lunch,0,6.58,0,0,250,237,226.0,235
dinner,6,8.83,0,0,150,121,114.7,125
breakfast,6,6.15,1,0,175,45,53.6,54
lunch,0,4.91,0,0,225,213,189.0,207
breakfast,2,9.77,0,1,200,181,166.9,175
breakfast,4,3.06,0,0,250,173,187.5,174
lunch,3,3.36,0,1,200,185,175.1,197
lunch,1,1.76,0,0,200,189,168.4,177
breakfast,6,9.78,0,1,200,147,143.9,147
breakfast,0,7.36,0,0,175,155,151.3,144
breakfast,3,1.11,0,0,200,135,143.9,141
breakfast,6,7.34,0,0,200,136,117.4,135
dinner,2,4.64,0,1,200,175,174.3,184
dinner,3,9.71,0,0,250,239,249.1,243
lunch,0,3.5,0,0,225,210,216.3,202
lunch,5,7.39,0,1,175,143,157.9,154
dinner,4,6.65,0,0,250,204,216.5,230
breakfast,3,1.11,0,0,225,171,158.7,169
dinner,6,8.97,0,0,225,190,167.1,173
dinner,0,2.26,0,0,175,165,151.4,140
breakfast,6,6.97,0,0,150,84,99.6,105
breakfast,0,7.98,0,0,200,151,165.0,166
dinner,1,6.68,0,1,200,199,175.8,198
lunch,5,1.87,0,0,225,169,179.2,173
breakfast,1,9.78,0,1,175,152,153.3,160
breakfast,5,3.13,0,0,150,88,99.4,100
lunch,4,6.65,0,0,200,183,171.7,177
dinner,1,8.17,0,0,175,166,147.4,175
dinner,4,9.45,0,0,150,126,140.8,135
dinner,6,6.44,0,0,150,124,122.4,113
breakfast,2,3.33,1,0,175,70,76.3,85
lunch,2,8.53,0,0,200,200,187.8,188
lunch,5,2.47,0,0,225,167,177.1,174
lunch,5,1.2,0,0,225,179,157.7,166
breakfast,1,9.17,0,0,200,164,161.2,174
dinner,2,6.18,0,0,200,181,177.0,190
dinner,3,1.63,0,0,200,160,169.3,172
lunch,3,6.22,0,1,225,214,211.0,212
lunch,6,2.31,0,0,225,164,161.2,164
breakfast,3,1.28,0,1,175,128,143.0,141
lunch,6,2.05,0,0,250,177,166.6,189
dinner,2,7.98,0,1,225,224,191.1,204
lunch,3,7.8,0,0,150,150,129.7,145
dinner,4,6.44,0,0,200,162,178.6,170
lunch,0,2.88,0,0,200,187,163.6,178
lunch,5,7.65,0,1,150,138,122.8,130
dinner,1,4.67,0,0,200,185,195.3,185
breakfast,6,5.6,0,0,200,131,115.3,126
lunch,4,9.08,0,0,225,220,206.0,211
lunch,3,5.12,0,0,250,229,225.7,227
lunch,0,6.64,0,0,175,175,147.2,169
dinner,1,9.66,0,0,200,180,171.6,189
lunch,4,5.06,0,0,225,192,211.9,200
dinner,1,6.05,0,0,225,203,227.3,210
lunch,6,6.26,0,0,200,165,165.6,153
lunch,6,3.17,0,0,175,133,125.6,125
dinner,5,7.63,0,0,225,187,179.7,178
breakfast,2,7.54,0,0,200,153,171.4,159
breakfast,6,2.92,0,0,175,96,106.6,110
lunch,3,1.12,0,0,250,224,230.9,220
breakfast,4,9.99,0,0,250,212,187.7,193
breakfast,4,6.23,0,0,200,155,150.7,141
lunch,0,2.63,0,0,225,189,200.7,206
lunch,0,3.55,0,0,200,192,196.0,185
lunch,0,6.56,0,0,200,175,199.5,182
dinner,1,2.24,0,0,200,182,163.4,176
lunch,3,1.34,0,0,250,205,195.3,222
dinner,1,8.19,0,0,200,200,184.2,178
breakfast,3,7.44,0,0,200,164,159.2,156
lunch,4,3.79,0,0,175,153,156.7,148
dinner,6,1.53,0,0,175,108,112.2,127
lunch,6,5.38,0,0,200,147,163.9,153
dinner,1,3.49,0,0,250,237,225.7,231
lunch,1,4.58,0,0,200,193,197.1,184
breakfast,1,3.47,0,0,200,158,165.5,160
lunch,2,2.58,0,0,200,194,192.7,181
lunch,5,4.48,0,0,200,165,157.8,152
dinner,3,9.68,0,0,225,205,220.8,211
breakfast,6,3.4,0,0,250,166,158.7,154
dinner,3,4.02,0,0,175,162,150.9,155
dinner,1,3.96,0,0,225,218,199.1,208
breakfast,2,5.32,0,0,200,164,169.0,162
lunch,1,8.59,0,1,250,232,211.7,236
dinner,3,4.62,0,0,250,223,238.7,209
dinner,5,8.26,0,0,200,165,160.3,155
lunch,6,2.04,0,0,200,156,137.1,138
breakfast,5,9.05,0,0,225,151,155.7,150
lunch,4,2.67,0,1,200,187,181.4,179
dinner,2,1.35,0,0,150,129,116.4,131
breakfast,5,2.43,0,0,200,120,124.7,117
dinner,2,2.72,0,1,200,177,197.3,190
breakfast,1,5.58,0,0,225,168,196.6,187
breakfast,4,5.05,0,0,200,146,148.0,158
lunch,3,7.44,0,0,225,206,201.4,218
lunch,5,1.46,0,0,200,147,147.9,154
breakfast,5,5.48,0,0,200,119,115.4,132
lunch,0,3.99,0,0,225,213,219.2,201
breakfast,6,6.68,0,0,175,106,117.2,112
breakfast,3,1.39,0,0,150,96,100.5,115
breakfast,5,1.31,0,0,150,103,90.2,89
dinner,5,4.85,0,0,150,123,101.7,116
lunch,3,8.3,0,1,200,185,175.4,194
lunch,4,7.04,0,0,175,162,144.4,159
lunch,2,1.15,1,0,225,129,119.4,130
dinner,3,2.61,0,1,225,195,205.0,204
breakfast,2,3.04,1,0,200,80,99.8,103
dinner,4,4.81,0,0,175,144,135.9,152
dinner,4,6.28,0,0,200,179,184.5,169
lunch,1,2.95,0,0,225,217,186.5,204
breakfast,0,4.44,0,0,200,141,139.9,156
dinner,4,6.26,0,1,150,131,138.8,141
breakfast,4,4.45,0,0,150,107,109.4,109
lunch,2,2.29,0,0,175,152,149.0,149
dinner,4,5.42,0,0,200,167,170.7,163
breakfast,3,3.92,0,0,200,162,157.7,144
dinner,1,8.78,0,0,225,198,220.4,216
breakfast,1,7.98,0,1,175,153,137.7,157
dinner,3,2.71,0,0,175,145,136.1,148
lunch,5,2.37,0,0,225,176,149.7,180
breakfast,4,4.13,0,0,250,174,160.7,182
breakfast,6,4.71,0,0,200,122,131.0,117
dinner,0,9.39,0,0,225,221,191.0,212
breakfast,4,3.71,0,0,200,158,147.2,146
breakfast,1,8.81,0,0,250,205,229.2,210
lunch,0,5.55,0,0,250,245,244.3,233
lunch,6,8.97,0,0,225,191,163.5,186
lunch,5,7.32,0,0,150,134,129.2,123
breakfast,2,7.38,1,0,200,104,110.4,106
breakfast,2,5.67,0,0,150,104,121.5,123
breakfast,6,8.56,0,0,200,141,134.4,126
breakfast,4,3.29,0,0,175,136,125.0,128
lunch,4,9.17,0,0,200,182,194.2,189
dinner,0,6.73,0,0,150,150,137.7,140
breakfast,0,4.95,0,0,225,173,167.6,179
lunch,5,9.84,0,0,225,199,204.1,185
lunch,4,8.76,1,0,150,88,82.7,101
dinner,1,7.95,0,0,225,225,215.8,216
dinner,2,3.47,0,0,175,166,155.6,159
dinner,5,9.76,0,0,175,152,145.1,151
breakfast,0,7.69,0,0,200,159,165.4,168
breakfast,1,6.45,0,1,200,188,158.3,179
breakfast,4,9.3,0,0,175,138,125.1,126
breakfast,3,2.46,0,1,200,148,142.1,145
lunch,0,2.25,0,0,200,187,191.1,178
dinner,5,6.07,0,1,250,201,208.4,209
dinner,3,1.51,0,0,175,157,134.3,152
dinner,1,6.98,0,0,175,175,160.5,167
lunch,6,3.17,0,0,200,143,141.8,150
dinner,2,2.07,1,0,225,124,117.3,130
breakfast,6,4.69,0,0,150,106,97.1,89
breakfast,6,5.19,0,0,175,97,113.9,103
dinner,6,2.53,0,0,200,153,140.1,143
breakfast,1,1.37,0,0,200,158,150.6,150
lunch,2,4.73,0,0,175,157,156.7,160
breakfast,1,7.84,0,0,200,160,166.4,160
dinner,6,8.87,0,0,150,130,122.2,118
dinner,0,1.88,0,0,200,159,183.6,175
breakfast,6,5.72,0,0,200,128,126.8,120
dinner,0,3.37,0,0,225,200,181.0,202
breakfast,5,4.37,0,0,200,128,132.4,121
lunch,6,9.4,0,0,200,151,156.5,166
dinner,3,4.17,0,0,200,177,179.1,174
dinner,1,4.29,0,0,200,170,169.2,189
dinner,6,2.88,0,0,150,113,98.6,104
breakfast,1,9.64,0,1,225,201,183.5,201
lunch,6,5.11,0,1,250,198,193.3,205
lunch,3,6.13,0,0,200,199,185.9,188
dinner,6,5.08,0,1,175,149,132.1,145
breakfast,4,3.28,0,0,200,151,132.7,146
dinner,5,8.29,0,0,200,150,173.7,156
lunch,1,1.26,0,0,150,122,145.8,136
breakfast,5,7.21,0,0,225,158,152.2,146
lunch,1,6.35,0,1,225,205,201.2,218
lunch,1,2.3,1,0,225,128,145.2,145
lunch,4,2.49,0,0,225,182,196.2,192
dinner,6,6.93,0,0,200,150,154.5,152
lunch,0,3.81,0,1,200,200,201.7,198
lunch,5,3.39,0,0,175,146,129.9,141
lunch,3,1.53,0,0,225,210,183.4,187
breakfast,5,7.9,0,0,200,143,146.0,138
breakfast,6,8.94,0,1,200,136,152.5,144
lunch,4,8.38,0,0,200,177,195.5,176
breakfast,2,5.19,0,0,200,151,168.1,166
breakfast,2,5.81,0,0,200,144,152.1,154
lunch,4,3.18,0,0,225,180,203.1,197
breakfast,6,2.56,0,0,175,94,111.1,102
breakfast,4,8.41,0,0,200,151,154.4,150
lunch,0,8.19,0,0,225,201,214.1,213
breakfast,5,8.0,0,0,150,98,101.5,94
dinner,6,5.17,0,0,250,173,166.0,198
dinner,5,8.78,0,0,175,127,140.2,145
dinner,2,9.34,0,0,250,234,210.4,234
breakfast,6,3.96,0,0,225,142,133.9,137
dinner,3,3.02,1,0,225,118,114.7,124
dinner,5,5.18,0,0,175,139,131.1,136
dinner,1,2.61,0,0,175,143,147.7,150
breakfast,1,8.96,0,0,175,155,155.2,142
lunch,0,4.04,0,0,225,216,201.0,207
dinner,6,6.19,0,0,175,136,130.7,141
lunch,0,6.35,0,0,200,180,200.5,184
lunch,6,5.63,0,1,225,186,181.6,182
lunch,2,2.41,1,0,200,107,108.4,117
lunch,3,9.92,0,0,225,215,192.2,210
breakfast,3,2.55,0,0,200,145,141.2,148
lunch,4,7.76,0,1,200,198,177.3,192
breakfast,0,8.12,0,0,200,165,172.2,163
lunch,6,2.31,0,0,225,178,170.2,156
breakfast,5,9.4,0,0,150,99,93.6,103
lunch,1,5.39,0,0,200,176,174.8,192
breakfast,5,6.66,0,1,250,190,173.6,175
dinner,1,6.78,0,0,150,149,127.4,144
dinner,2,5.54,0,0,175,168,146.1,165
breakfast,1,2.28,0,1,200,159,175.2,166
breakfast,5,7.77,0,0,225,140,151.2,149
breakfast,5,6.24,0,0,150,105,102.9,106
dinner,3,2.07,0,0,150,125,122.0,134
lunch,6,7.3,0,0,200,163,151.8,160
lunch,3,7.32,0,0,200,200,198.8,187
breakfast,0,5.94,0,0,175,126,141.6,145
lunch,5,1.81,0,0,250,179,189.9,188
dinner,6,4.17,0,0,200,150,149.2,153
dinner,2,1.46,0,1,200,176,180.8,181
lunch,1,5.3,0,0,200,199,204.9,188
breakfast,0,9.16,0,0,250,204,221.3,200
breakfast,4,1.02,0,0,175,129,123.7,129
breakfast,4,3.4,0,0,225,172,164.5,168
breakfast,6,8.2,0,0,175,103,104.0,113
breakfast,1,1.09,0,1,200,154,158.3,163
breakfast,1,1.09,0,0,200,141,148.8,155
lunch,6,6.5,0,0,175,136,122.0,140
dinner,1,8.1,0,1,200,184,195.9,191
lunch,3,7.99,0,0,175,164,146.1,164
dinner,1,8.02,0,0,225,202,205.6,211
dinner,4,4.25,0,1,200,182,190.9,180
breakfast,1,8.94,0,0,200,167,162.1,169
dinner,5,1.12,0,1,200,141,153.5,163
breakfast,6,3.81,0,0,200,115,115.8,122
lunch,2,4.03,0,0,200,181,167.6,182
lunch,4,2.49,0,0,200,154,173.4,167
dinner,2,4.03,0,0,175,145,144.6,151
breakfast,4,6.27,0,0,175,138,118.1,136
breakfast,0,5.68,0,1,250,221,205.0,203
dinner,5,3.87,0,0,175,124,134.9,134
breakfast,4,7.74,0,0,200,164,153.4,147
dinner,5,7.43,0,0,225,184,166.3,181
dinner,4,3.53,0,0,200,165,175.3,173
dinner,2,3.91,0,0,200,179,161.0,182
dinner,2,3.59,0,0,175,156,158.2,152
dinner,6,2.16,0,1,200,167,153.2,148
breakfast,4,7.78,0,1,200,171,173.8,163
dinner,4,1.42,0,0,175,150,139.9,136
lunch,3,2.36,0,0,200,189,184.8,173
lunch,5,1.95,0,0,200,143,138.5,148
breakfast,5,8.43,0,0,225,169,153.3,158
lunch,5,1.4,0,1,175,142,137.1,150
dinner,5,6.98,0,0,250,209,185.9,199
dinner,0,1.4,0,1,250,221,201.8,226
lunch,0,8.08,0,0,150,145,146.1,148
breakfast,1,9.21,0,0,200,157,165.0,177
lunch,4,5.38,0,0,150,129,124.1,136
dinner,4,8.24,0,0,200,176,164.5,184
dinner,4,7.36,0,1,200,175,196.4,196
lunch,4,8.16,0,0,200,190,173.3,171
breakfast,5,7.9,0,1,150,119,101.3,109
lunch,5,2.85,0,0,200,146,149.7,146
lunch,0,5.5,0,0,225,217,217.6,213
dinner,2,9.64,0,0,200,200,190.1,192
lunch,3,4.09,0,0,200,176,194.0,183
breakfast,5,9.73,0,0,150,120,113.6,104
lunch,5,6.25,0,0,200,159,170.7,163
breakfast,6,5.15,0,0,200,140,125.1,128
dinner,5,6.92,0,1,225,178,195.4,187
lunch,2,8.34,0,0,150,139,133.2,137
lunch,2,4.55,0,0,200,183,183.1,191
lunch,0,1.3,0,0,200,178,158.1,181
dinner,5,7.38,1,0,225,112,104.5,93
lunch,6,9.61,0,0,225,170,174.8,179
dinner,3,6.62,0,0,250,225,218.1,227
breakfast,4,2.7,0,0,225,169,146.0,163
breakfast,5,3.23,0,0,200,129,112.1,115
breakfast,0,9.19,0,0,250,213,209.1,204
lunch,0,1.12,0,0,175,165,150.7,153
breakfast,3,5.94,0,0,150,123,117.6,119
lunch,6,2.43,1,0,175,83,68.8,73
dinner,1,3.54,0,0,200,173,194.7,184
dinner,0,3.76,0,0,225,190,193.5,198
lunch,2,2.97,0,0,200,173,175.6,173
lunch,2,8.13,1,0,225,155,148.4,152
breakfast,4,3.99,0,0,225,173,165.9,166
dinner,0,4.11,1,0,225,122,128.2,139
dinner,6,5.08,0,1,175,138,127.2,134
breakfast,4,9.12,1,0,200,87,100.6,100
lunch,0,7.19,0,0,225,216,198.5,215
dinner,3,1.56,0,0,175,138,145.3,159
dinner,5,1.35,0,1,225,182,175.1,169
breakfast,6,6.1,0,0,225,154,154.5,144
lunch,0,8.98,1,0,175,112,104.6,118
breakfast,6,3.91,0,0,175,110,105.3,99
breakfast,1,3.23,0,0,175,149,147.3,145
dinner,6,7.73,0,0,225,189,163.9,171
dinner,6,6.42,0,0,175,128,120.9,130
dinner,2,6.09,0,1,200,187,189.9,189
breakfast,3,2.34,0,0,150,99,102.0,108
dinner,5,2.58,0,0,200,154,156.3,151
lunch,5,3.54,0,0,175,127,138.3,135
lunch,2,2.86,0,0,200,174,162.8,170
lunch,6,9.74,0,0,200,151,164.3,156
breakfast,5,1.17,0,0,200,105,106.3,122
dinner,4,6.63,0,0,200,169,183.6,171
lunch,3,5.66,1,0,225,138,129.9,141
breakfast,1,3.91,0,1,225,175,195.0,192
breakfast,2,8.99,0,0,225,195,169.4,182
breakfast,0,7.03,0,0,175,128,138.4,135
breakfast,0,9.99,0,0,175,157,157.7,151
lunch,0,2.52,0,1,200,184,170.0,188
dinner,3,1.79,0,0,225,181,181.2,199
breakfast,1,2.25,0,0,175,149,139.9,138
breakfast,5,3.42,0,0,175,101,107.0,112
lunch,1,4.75,0,0,225,202,215.1,223
dinner,1,8.76,0,0,200,195,198.1,187
breakfast,2,3.55,0,0,200,154,159.7,152
lunch,3,9.24,0,0,200,181,182.2,193
lunch,0,5.17,0,0,200,179,179.7,186
breakfast,2,6.82,0,0,225,186,180.9,178
breakfast,5,3.38,0,0,225,150,127.5,138
dinner,1,2.4,0,0,250,217,236.1,217
lunch,6,8.83,0,0,150,117,109.6,122
lunch,0,1.99,0,1,200,196,172.4,191
dinner,3,7.97,0,0,150,141,149.7,140
dinner,4,6.23,1,0,250,153,133.9,147
breakfast,1,8.75,0,0,200,166,158.8,171
lunch,1,7.46,0,0,250,248,228.7,236
breakfast,1,3.53,0,0,175,131,141.4,140
breakfast,1,6.17,0,0,175,147,137.3,143
dinner,0,1.12,0,0,250,207,226.8,215
dinner,3,5.28,0,0,250,214,204.7,225
dinner,2,1.77,0,0,225,186,177.1,189
lunch,0,4.86,0,0,175,165,145.1,163
breakfast,3,1.99,0,0,175,125,122.2,124
breakfast,2,9.6,0,0,225,197,174.8,188
dinner,1,5.71,0,0,200,173,181.8,197
lunch,3,9.22,0,0,225,225,229.9,218
lunch,1,1.2,0,0,175,145,166.5,154
dinner,6,6.74,1,0,175,68,86.8,77
dinner,3,3.76,0,0,225,196,208.2,197
dinner,5,4.89,1,0,175,77,76.6,83
breakfast,4,8.86,0,0,200,166,145.3,148
dinner,1,9.82,0,0,200,185,195.0,188
dinner,1,3.22,0,0,200,195,181.0,187
breakfast,1,9.53,0,0,200,169,158.5,170
lunch,5,7.2,0,0,225,197,196.4,178
breakfast,0,9.56,0,0,200,171,162.1,162
dinner,2,6.06,0,0,150,146,143.9,132
breakfast,1,9.65,0,1,150,143,122.6,143
lunch,1,9.03,0,0,250,234,210.2,238
breakfast,0,2.16,1,0,200,76,88.4,91
dinner,0,3.8,0,0,200,190,161.8,183
breakfast,4,3.19,0,1,225,169,185.0,176
breakfast,3,6.15,0,1,225,179,197.0,189
lunch,1,8.23,0,0,175,158,161.2,169
dinner,3,7.83,0,0,150,150,150.6,134
breakfast,6,7.54,0,0,250,179,153.1,165
breakfast,0,4.38,0,0,200,159,158.5,155
dinner,0,2.26,0,0,200,189,154.6,168
lunch,4,2.9,0,0,250,220,203.3,211
dinner,2,7.68,0,0,200,186,168.4,198
breakfast,5,2.33,0,0,225,129,132.5,141
lunch,5,3.01,0,0,200,154,146.3,153
breakfast,5,4.82,0,0,200,115,123.2,124
breakfast,0,1.65,0,0,200,149,143.5,158
dinner,1,2.91,0,0,150,149,135.5,140
lunch,4,2.35,0,1,225,213,185.4,205
dinner,2,9.56,0,0,250,226,219.7,235
breakfast,6,2.72,0,0,200,127,121.1,109
lunch,5,8.76,0,0,200,171,162.5,174
lunch,4,2.03,0,0,200,158,153.3,175
dinner,0,8.83,0,0,225,199,221.0,213
breakfast,5,6.39,1,0,225,71,87.4,75
breakfast,2,8.65,0,0,225,181,182.0,189
lunch,6,8.81,0,0,225,186,183.5,182
lunch,3,6.37,0,0,175,148,170.0,171
breakfast,6,9.26,0,0,175,109,127.7,119
dinner,2,6.27,0,0,200,194,198.7,184
breakfast,6,7.41,0,0,200,131,139.5,129
dinner,1,4.74,0,1,200,200,198.2,188
breakfast,5,9.23,0,0,175,136,117.7,116
lunch,5,8.42,0,0,150,118,125.7,129
dinner,3,2.5,1,0,175,91,102.2,93
breakfast,6,6.19,0,1,175,125,108.7,120
dinner,3,9.07,0,0,250,245,214.1,239
lunch,6,8.14,0,1,225,203,196.0,184
dinner,5,9.66,0,1,175,158,155.0,150
dinner,1,3.08,0,0,200,184,188.4,182
breakfast,6,4.31,0,0,200,128,113.7,124
breakfast,3,5.56,0,0,250,187,209.2,196
breakfast,0,3.09,0,1,175,141,131.7,135
breakfast,5,4.55,0,0,175,101,101.6,106
breakfast,2,5.84,1,0,200,88,94.5,103
breakfast,2,2.72,0,1,225,185,189.6,187
lunch,1,3.31,0,1,175,169,147.0,172
dinner,0,2.12,0,0,175,147,141.6,153
breakfast,3,7.42,1,0,175,95,95.3,92
breakfast,6,4.25,0,0,200,116,109.5,116
lunch,5,2.98,0,1,200,167,152.5,157
breakfast,2,5.57,0,1,225,175,179.6,188
breakfast,2,1.61,0,0,250,191,199.1,186
breakfast,2,9.31,0,1,200,190,186.9,176
dinner,2,3.65,0,0,225,206,195.4,199
dinner,4,8.98,0,0,150,144,128.3,130
lunch,1,5.48,0,0,200,200,203.1,187
lunch,3,8.65,0,0,225,210,195.5,206
lunch,5,3.22,0,0,200,144,149.2,159
dinner,5,2.58,0,0,175,115,124.3,124
dinner,5,8.64,0,1,175,144,161.1,154
lunch,3,2.92,0,0,200,182,184.6,179
breakfast,1,7.72,0,1,225,193,194.5,203
breakfast,0,4.1,0,0,225,176,175.2,175
lunch,6,7.73,0,0,150,129,127.4,118
dinner,6,9.17,0,0,200,167,167.4,158
lunch,1,9.83,0,1,225,215,213.7,218
dinner,2,4.24,0,0,200,174,191.4,176
dinner,6,4.31,0,1,150,125,112.8,117
breakfast,2,9.83,0,0,225,175,195.1,198
dinner,1,8.75,0,0,250,232,209.3,236
dinner,1,1.41,1,0,200,120,116.6,117
dinner,3,6.16,0,0,200,189,165.1,173
dinner,3,2.63,0,0,200,177,171.4,173
dinner,4,9.95,0,0,250,215,212.8,228
breakfast,5,2.25,0,0,225,127,131.9,137
dinner,4,6.03,0,0,225,183,203.5,198
breakfast,5,6.99,0,0,175,114,104.3,116
dinner,2,9.43,0,1,225,222,210.3,209
dinner,4,8.63,0,0,200,171,163.6,178
lunch,4,3.21,0,0,250,209,212.9,216
lunch,0,6.15,0,0,200,189,189.3,181
lunch,1,9.58,0,0,225,198,195.2,212
lunch,3,7.62,0,0,175,172,146.3,166
breakfast,4,7.2,0,0,225,160,154.3,179
dinner,3,7.79,0,0,175,148,165.9,171
dinner,5,3.9,0,0,175,125,126.2,134
dinner,4,7.56,0,0,200,192,169.9,178
breakfast,5,3.1,1,0,200,67,66.2,71
dinner,4,4.85,1,0,200,112,108.7,116
dinner,6,9.01,0,0,150,122,119.9,121
breakfast,2,1.17,0,0,175,129,138.3,134
breakfast,0,4.73,0,0,175,131,134.4,135
breakfast,5,3.4,0,0,200,122,127.0,119
dinner,1,2.79,0,0,200,180,181.4,184
lunch,1,8.55,0,0,200,186,187.5,189
dinner,2,7.27,0,0,250,219,237.0,234
breakfast,2,2.01,0,1,150,117,125.6,121
dinner,6,5.45,0,0,175,120,137.5,137
breakfast,1,5.2,0,0,200,166,144.4,159
lunch,5,2.28,1,0,225,108,109.2,95
lunch,1,8.2,0,0,150,138,149.0,143
breakfast,0,4.3,0,0,225,178,188.0,181
dinner,4,7.86,0,0,200,191,163.5,171
breakfast,0,2.73,0,0,225,170,168.8,172
lunch,6,3.84,0,0,250,182,182.9,190
lunch,6,1.86,0,0,175,134,122.3,137
lunch,1,2.29,0,1,200,200,182.6,193
breakfast,4,8.95,0,1,225,179,199.4,183
breakfast,1,1.98,0,0,225,164,177.4,176
dinner,0,1.86,0,0,200,167,164.4,175
breakfast,0,9.46,0,0,250,212,200.7,212
dinner,5,6.81,0,1,225,200,184.0,181
dinner,5,1.91,0,1,200,170,148.7,150
breakfast,0,9.75,0,0,150,119,117.1,122
breakfast,4,2.32,0,0,200,146,136.4,150
lunch,6,7.9,0,1,200,172,152.3,170
dinner,5,1.31,1,0,200,82,89.3,80
dinner,5,6.62,0,0,250,188,205.9,198
lunch,3,5.92,0,0,250,228,245.5,233
dinner,3,2.87,0,1,200,173,178.3,186
breakfast,5,6.79,0,0,200,134,135.4,129
dinner,1,6.55,0,1,225,205,221.9,214
dinner,4,8.19,0,0,225,216,190.5,200
breakfast,2,8.88,0,0,175,156,147.0,142
breakfast,5,5.59,0,0,200,142,126.8,137
breakfast,3,5.41,0,0,250,202,187.1,203
breakfast,4,6.59,0,0,200,142,158.8,152
dinner,4,7.56,1,0,200,129,118.6,115
lunch,3,4.21,0,1,225,225,214.0,214
breakfast,4,5.54,0,1,200,144,144.9,142
lunch,4,6.27,0,0,250,209,211.7,231
dinner,3,9.9,0,0,250,230,248.4,245
lunch,0,6.29,0,1,200,189,175.3,198
lunch,5,3.02,0,1,150,113,131.0,118
breakfast,1,6.29,0,1,200,166,183.1,175
dinner,2,8.38,1,0,175,117,105.5,119
dinner,1,8.72,0,0,175,163,149.7,159
breakfast,0,8.2,0,1,225,210,180.0,198
breakfast,6,8.99,0,0,225,140,141.1,150
breakfast,0,4.01,0,0,150,119,107.6,105
breakfast,4,5.57,0,1,250,193,175.8,202
lunch,1,8.02,0,0,250,225,242.5,238
dinner,0,3.38,1,0,250,143,158.1,147
lunch,1,4.34,0,0,225,221,197.8,205
dinner,0,8.48,1,0,150,103,85.7,103
lunch,2,7.93,0,0,200,200,202.1,192
dinner,0,9.74,0,0,150,129,130.8,144
dinner,1,9.96,0,0,225,223,187.7,218
breakfast,4,3.17,0,1,175,126,123.9,137
lunch,1,9.1,0,0,250,238,213.5,234
lunch,3,1.85,0,0,250,210,225.5,223
breakfast,1,7.39,0,0,200,164,147.0,167
lunch,2,2.98,1,0,225,138,131.7,136
lunch,5,3.7,0,0,225,174,170.2,177
dinner,2,9.52,1,0,200,127,136.9,127
lunch,2,3.37,0,0,200,180,179.2,169
dinner,0,7.06,0,1,175,151,150.2,164
lunch,2,2.6,0,0,250,221,217.2,217
dinner,1,1.84,1,0,250,152,157.9,146
lunch,5,4.05,0,1,200,177,153.0,157
dinner,6,6.62,0,0,200,166,143.8,153
lunch,4,3.23,0,0,200,161,180.3,170
lunch,6,3.7,0,0,150,104,117.2,113
lunch,2,7.38,0,0,175,161,155.9,169
lunch,1,1.93,0,0,175,144,162.4,165
breakfast,0,5.02,0,0,200,145,141.7,155
breakfast,0,9.48,0,0,175,153,145.3,148
breakfast,4,4.57,0,0,225,162,173.9,166
dinner,4,4.91,0,0,200,184,179.3,164
breakfast,1,7.64,0,0,225,179,174.0,193
breakfast,4,8.01,0,1,200,159,162.8,160
dinner,4,7.93,0,0,200,185,171.8,175
breakfast,0,9.98,0,0,225,182,189.5,189
lunch,1,1.64,0,0,225,199,182.6,199
breakfast,5,9.84,1,0,150,68,65.7,57
dinner,4,9.55,0,0,200,194,180.7,184
dinner,1,8.67,0,0,200,200,171.7,184
dinner,2,5.09,0,0,200,181,183.5,187
lunch,0,8.84,0,0,225,221,187.8,208
dinner,5,2.99,0,0,150,106,97.8,115
breakfast,0,8.12,0,0,150,126,113.6,126
breakfast,0,2.67,0,0,150,124,106.5,109
breakfast,3,8.34,0,0,225,198,171.6,179
lunch,1,6.53,0,0,200,175,184.0,193
lunch,2,1.88,0,0,200,188,174.9,183
lunch,4,9.06,0,0,200,183,178.4,185
breakfast,2,6.2,0,0,175,153,133.7,146
lunch,1,6.91,0,0,150,149,144.0,148
dinner,0,3.55,0,0,250,219,207.3,219
lunch,3,8.84,0,0,175,151,166.9,173
dinner,1,5.91,0,0,225,213,226.1,214
breakfast,5,4.79,0,0,250,162,156.9,157
dinner,5,5.81,0,0,200,153,152.2,152
lunch,1,7.33,0,0,200,186,194.9,196
breakfast,4,7.26,0,0,225,184,168.8,180
breakfast,2,4.22,0,0,150,102,106.3,116
lunch,2,4.47,0,1,250,240,237.5,249
dinner,4,6.06,0,0,200,162,170.8,182
lunch,3,9.32,0,0,200,179,203.4,194
breakfast,0,7.71,0,0,175,132,128.5,146
dinner,6,4.51,0,0,250,172,183.6,189
lunch,6,4.03,0,0,225,165,170.6,162
lunch,0,5.71,0,0,225,198,211.8,208
lunch,5,8.83,0,0,250,222,185.5,208
breakfast,3,1.08,0,0,250,175,173.0,181
lunch,4,7.39,1,0,175,92,98.8,109
lunch,6,3.65,0,1,225,168,182.9,181
dinner,1,2.88,0,0,225,194,208.5,206
lunch,2,1.11,0,1,200,195,171.5,185
lunch,1,9.07,0,1,175,169,173.5,173
lunch,2,9.21,0,0,250,240,231.6,238
dinner,1,1.55,0,1,200,178,174.4,186
dinner,4,5.7,0,0,200,165,162.6,176
lunch,4,2.37,1,0,150,80,76.5,86
dinner,3,7.83,0,1,200,178,190.2,191
lunch,1,6.99,0,1,200,188,187.2,183
lunch,1,3.67,0,0,200,171,198.6,191
breakfast,3,2.05,0,0,200,137,138.3,140
lunch,3,8.48,0,0,175,161,156.7,159
breakfast,4,7.07,0,0,200,166,134.0,153
dinner,4,1.06,0,0,225,181,171.0,180
lunch,5,6.65,0,0,250,206,187.9,203
dinner,1,8.29,0,0,200,188,182.5,197
lunch,4,6.32,0,0,200,190,175.3,181
lunch,6,4.82,0,1,250,212,206.9,200
lunch,4,6.26,0,0,225,198,184.6,205
breakfast,1,6.58,0,0,150,115,122.9,117
lunch,3,6.76,0,0,250,237,241.0,232
breakfast,1,9.7,0,0,225,184,180.1,194
lunch,6,2.61,0,0,175,133,122.6,126
lunch,0,6.61,0,0,175,157,152.9,170
dinner,1,2.69,0,1,225,206,192.2,213
breakfast,0,2.89,0,1,200,169,167.1,164
breakfast,1,7.02,0,0,175,131,134.6,146
lunch,6,9.24,0,0,225,176,175.4,189
dinner,0,2.43,0,0,200,165,162.7,170
dinner,0,9.66,0,1,200,183,168.9,182
lunch,6,3.87,0,0,200,142,154.9,155
lunch,1,4.52,0,0,200,177,189.6,185
breakfast,5,2.38,0,0,200,131,120.0,118
dinner,4,6.54,0,1,200,192,187.8,186
lunch,2,6.37,0,0,150,142,148.0,142
breakfast,4,4.98,1,0,175,87,76.3,82
lunch,0,5.28,0,0,200,191,197.4,187
breakfast,1,6.61,1,0,175,83,84.7,92
dinner,1,6.25,0,1,225,213,225.1,210
breakfast,1,4.37,0,0,225,190,177.9,188
lunch,1,8.96,0,1,225,220,223.3,219
breakfast,5,7.01,0,0,200,129,137.9,125
dinner,2,2.85,0,0,200,174,156.9,183
dinner,3,3.88,0,1,150,127,146.7,137
dinner,0,8.09,0,0,175,170,156.3,170
lunch,2,1.94,0,0,150,125,128.3,135
dinner,4,7.75,0,0,250,222,196.7,228
breakfast,3,4.23,0,0,200,163,158.9,159
lunch,3,5.97,0,0,175,175,158.7,165
breakfast,1,3.53,0,0,225,171,190.1,182
dinner,2,9.88,0,0,200,190,177.9,186
lunch,4,9.15,0,0,200,195,181.2,200
dinner,1,9.36,0,0,250,242,228.0,234
dinner,1,2.66,0,0,225,204,209.8,204
breakfast,6,8.58,0,0,200,126,132.3,135
breakfast,6,5.82,0,0,150,86,92.3,97
breakfast,6,7.37,0,0,150,102,104.8,93
lunch,5,2.96,0,0,200,158,146.2,153
breakfast,0,7.41,0,0,175,155,139.9,139
breakfast,3,9.23,0,0,200,160,164.5,158
dinner,4,3.41,0,0,200,164,149.6,166
dinner,3,3.1,0,1,200,181,182.3,194
lunch,2,1.94,0,0,150,144,126.0,130
lunch,0,3.4,1,0,225,148,138.4,139
breakfast,1,5.82,0,1,225,189,196.7,198
dinner,0,8.49,1,0,175,100,116.5,118
dinner,1,3.51,0,0,225,214,196.8,206
breakfast,6,6.59,0,1,225,171,141.5,161
breakfast,0,5.32,0,1,200,164,162.6,170
dinner,1,3.6,0,0,200,172,180.3,190
lunch,3,5.59,0,0,200,194,163.7,181
breakfast,6,2.51,0,0,200,128,118.7,125
lunch,6,6.76,0,1,225,174,181.4,191
breakfast,6,2.04,0,0,200,131,115.1,115
lunch,3,7.58,0,0,200,183,178.7,190
dinner,3,2.6,1,0,150,94,83.2,94
dinner,3,9.98,0,0,175,170,175.4,166
lunch,6,8.41,0,0,250,202,209.6,207
dinner,0,4.09,0,0,175,158,157.5,158
lunch,1,4.84,0,0,250,241,238.3,244
dinner,3,3.33,0,0,200,165,185.3,174
lunch,0,7.9,0,0,250,225,231.3,242
dinner,1,4.43,0,1,225,206,210.4,211
dinner,6,7.8,0,0,225,180,185.2,177
breakfast,0,1.17,0,0,200,158,152.6,142
dinner,6,2.22,0,0,225,153,155.6,156
dinner,5,4.28,0,0,200,154,143.0,152
dinner,3,1.98,0,0,150,125,126.9,129
breakfast,2,6.41,0,0,200,152,145.6,153
dinner,0,1.46,0,0,225,187,198.1,196
dinner,3,8.74,0,0,175,175,160.5,166
breakfast,4,7.85,0,0,225,180,173.8,169
dinner,1,2.95,0,1,150,136,149.0,147
breakfast,5,5.35,0,0,200,143,123.7,130
breakfast,3,5.07,0,0,200,162,152.8,151
lunch,4,7.52,0,0,150,144,134.8,140
lunch,0,4.61,0,0,150,125,129.2,128
lunch,0,1.3,0,0,200,179,165.5,169
breakfast,4,3.46,0,0,200,137,141.9,137
dinner,5,5.2,0,0,225,181,161.1,174
breakfast,4,9.77,0,0,200,169,167.3,162
breakfast,1,8.93,0,0,175,139,161.8,146
breakfast,0,2.63,0,0,175,130,122.6,135
lunch,4,7.51,0,0,200,171,181.1,189
dinner,2,9.43,0,0,250,243,215.5,234
lunch,2,1.08,0,0,225,204,181.6,191
dinner,4,7.49,0,0,175,141,160.1,167
breakfast,1,5.13,1,0,150,67,69.9,77
lunch,0,7.12,0,0,150,129,146.2,136
lunch,2,6.45,0,0,200,197,181.6,186
lunch,4,9.86,0,0,200,180,182.5,174
breakfast,6,3.6,0,1,150,86,92.3,94
dinner,4,8.08,0,0,150,140,132.6,135
lunch,3,3.11,1,0,250,157,141.0,150
dinner,4,4.92,0,0,250,204,195.8,205
lunch,1,9.78,0,0,175,160,150.7,168
breakfast,2,7.9,0,0,175,131,155.5,142
lunch,3,3.84,0,0,250,230,214.5,228
breakfast,2,6.57,0,0,200,154,167.6,168
dinner,2,1.45,0,0,250,212,204.8,220
lunch,1,3.4,0,0,200,182,186.9,186
breakfast,4,7.47,0,0,200,153,160.4,151
dinner,1,6.13,0,0,175,160,168.2,160
lunch,4,5.23,0,1,225,205,186.8,202
breakfast,3,7.22,1,0,225,114,103.8,109
lunch,1,4.59,0,0,200,177,199.3,193
breakfast,1,1.24,0,0,200,146,148.1,151
dinner,6,4.97,0,0,200,150,149.0,140
dinner,5,9.12,0,0,200,155,144.2,160
dinner,0,8.71,0,0,225,204,208.2,219
lunch,1,4.68,0,0,200,196,182.6,187
lunch,5,1.2,0,0,225,169,169.9,160
dinner,0,6.73,0,0,250,242,216.9,234
breakfast,6,7.67,0,1,200,148,146.1,143
lunch,4,3.65,0,0,225,202,196.8,191
lunch,4,5.29,0,0,200,184,172.8,178
breakfast,4,9.93,0,0,150,124,113.7,120
lunch,5,6.19,0,0,150,112,112.8,120
dinner,5,4.16,0,1,225,195,179.6,189
dinner,0,6.65,0,0,175,148,161.2,163
breakfast,4,2.62,0,0,250,175,171.6,177
breakfast,2,2.79,0,0,225,171,161.4,172
breakfast,1,9.32,0,0,200,176,181.6,173
dinner,5,3.15,0,1,200,153,149.8,161
breakfast,5,3.8,0,0,200,129,128.8,127
dinner,5,5.89,0,0,225,164,185.7,182
breakfast,0,9.1,0,0,200,167,168.6,162
lunch,4,8.03,0,0,200,178,174.4,187
lunch,2,1.39,0,0,250,224,207.6,218
dinner,1,7.24,0,1,150,132,149.2,142
breakfast,1,5.54,0,0,200,154,159.4,169
lunch,4,5.28,0,0,200,182,175.8,179
breakfast,2,7.22,0,0,225,178,182.9,183
dinner,0,2.77,0,0,150,134,130.3,132
dinner,5,9.83,0,0,200,167,175.9,159
breakfast,5,6.81,0,1,200,148,153.5,151
dinner,6,4.29,0,0,200,162,131.4,149
lunch,4,6.4,0,0,200,186,175.6,181
breakfast,1,2.95,0,0,225,168,174.8,183
lunch,5,6.7,0,0,175,146,150.2,139
breakfast,6,1.25,0,1,225,156,126.9,136
dinner,1,4.07,0,0,225,200,213.8,203
dinner,1,7.73,0,0,250,238,239.0,231
breakfast,4,8.27,1,0,175,97,85.2,92
lunch,3,3.28,1,0,225,127,125.7,132
dinner,6,5.85,1,0,200,89,94.7,83
dinner,3,5.76,0,0,175,151,148.9,152
lunch,3,4.79,0,1,200,191,192.9,200
dinner,6,3.06,0,0,175,127,131.8,128
lunch,2,7.33,0,0,175,175,172.1,170
lunch,4,3.27,0,0,225,193,190.9,187
dinner,6,9.2,0,0,200,165,154.0,165
lunch,1,5.76,0,0,175,175,154.2,160
lunch,6,8.83,0,0,200,155,144.5,162
lunch,5,3.62,0,0,200,164,137.0,155
dinner,6,8.26,0,0,250,191,189.8,197
dinner,2,2.02,0,1,200,180,165.4,185
lunch,3,7.9,1,0,150,100,88.4,94
lunch,0,4.48,0,1,200,197,174.6,189
lunch,2,5.23,0,0,200,179,181.6,181
lunch,2,2.5,0,0,150,142,134.8,142
breakfast,4,1.17,1,0,200,87,79.5,77
dinner,5,7.0,0,0,250,186,193.5,193
lunch,2,6.29,0,0,225,201,214.7,221
lunch,6,6.6,0,0,200,164,165.2,155
breakfast,5,3.3,0,0,200,125,119.4,129
breakfast,4,3.15,0,0,175,110,127.2,122
dinner,6,8.47,0,0,200,160,159.8,158
breakfast,0,7.85,0,1,175,154,153.1,155
breakfast,1,4.03,0,0,150,129,118.6,118
lunch,1,6.74,0,0,200,199,194.8,193
breakfast,3,8.45,0,0,225,187,192.0,190
breakfast,3,9.0,0,0,150,117,118.8,119
breakfast,0,1.05,0,1,200,143,159.7,149
lunch,1,8.32,0,0,175,175,154.3,164
lunch,3,4.15,0,0,200,168,186.6,185
lunch,5,7.47,0,0,225,194,194.3,181
lunch,2,4.34,0,0,150,124,142.5,144
dinner,4,6.46,1,0,200,101,112.5,118
lunch,6,6.82,0,1,150,127,114.2,129
breakfast,3,4.64,0,0,200,145,163.5,154
breakfast,0,5.62,0,0,200,148,165.8,156
lunch,6,7.54,0,1,200,184,173.3,169
dinner,1,5.29,0,0,200,198,195.4,186
breakfast,0,1.13,0,0,250,190,182.5,185
dinner,4,1.12,0,1,175,146,162.8,151
breakfast,4,6.95,0,0,200,145,159.2,150
lunch,0,8.63,0,0,200,196,173.4,188
dinner,3,8.07,0,0,250,243,224.7,240
lunch,3,3.79,0,0,250,214,206.6,221
lunch,1,5.24,0,0,150,133,131.3,141
breakfast,5,3.11,0,0,250,153,152.9,164
dinner,1,9.9,1,0,225,154,146.7,153
breakfast,2,3.34,0,0,250,203,203.9,196
dinner,5,4.75,0,0,225,176,151.4,169
breakfast,6,7.13,0,0,175,115,100.6,109
dinner,2,8.88,1,0,225,151,156.4,156
lunch,1,1.46,0,1,225,199,197.6,208
dinner,5,3.71,0,0,175,121,116.2,132
breakfast,5,6.12,0,1,225,171,154.8,168
dinner,2,6.56,0,0,200,187,170.0,179
breakfast,0,1.63,0,0,250,184,166.6,190
breakfast,3,6.98,0,0,200,162,157.8,163
lunch,5,5.75,0,0,200,171,144.4,159
breakfast,6,8.45,0,1,250,175,188.5,189
breakfast,6,3.0,0,1,200,129,123.2,132
dinner,5,2.76,0,0,200,144,136.8,149
dinner,2,8.14,1,0,150,85,99.7,93
lunch,5,7.33,0,0,225,175,193.2,184
dinner,2,8.13,0,0,175,162,148.3,168
lunch,0,8.04,0,0,250,240,215.7,241
breakfast,6,1.94,0,0,250,143,144.3,152
dinner,5,3.51,0,0,175,143,130.7,123
lunch,4,3.34,0,0,175,141,134.5,150
dinner,1,9.41,0,0,200,200,181.5,186
breakfast,6,5.39,1,0,175,67,61.5,51
dinner,0,2.0,0,0,200,173,183.6,171
breakfast,4,3.61,0,1,200,157,145.1,152
breakfast,6,8.85,0,1,225,167,150.9,158
breakfast,0,8.62,0,0,250,209,207.3,208
dinner,3,9.1,0,0,200,196,170.0,193
dinner,0,4.5,0,0,200,165,166.8,182
dinner,0,6.77,0,0,200,199,169.9,184
lunch,3,3.5,0,0,225,198,186.2,206
breakfast,5,2.63,0,0,150,96,85.8,90
breakfast,1,1.2,0,0,200,166,152.8,160
breakfast,4,3.01,0,0,175,134,122.2,126
lunch,6,6.44,0,0,175,149,144.2,141
dinner,2,9.14,0,0,200,179,195.2,188
lunch,1,2.2,0,0,200,177,179.3,182
breakfast,6,9.26,0,0,200,146,128.0,137
breakfast,0,4.11,0,0,200,150,162.2,154
breakfast,2,4.84,0,0,200,157,140.7,155
lunch,3,4.28,0,1,175,168,168.7,159
dinner,1,4.68,0,0,225,201,187.7,205
lunch,5,3.33,0,0,200,159,150.9,147
dinner,4,7.29,0,0,175,148,164.4,146
lunch,1,7.82,0,0,150,150,131.7,143
lunch,1,8.41,0,0,150,150,127.2,138
breakfast,5,4.07,0,0,200,125,120.4,133
dinner,2,7.88,0,0,200,192,183.4,184
dinner,3,6.74,0,0,175,151,165.0,157
breakfast,5,9.62,0,0,200,137,124.9,146
lunch,6,4.82,1,0,225,112,95.1,108
lunch,3,9.93,0,0,150,137,136.6,147
lunch,5,7.66,0,0,175,157,128.6,142
dinner,1,7.99,0,0,200,196,203.5,182
lunch,3,1.23,0,0,200,162,170.9,177
lunch,2,5.48,0,0,200,195,178.7,192
breakfast,2,5.76,0,0,200,149,171.1,158
breakfast,4,1.37,0,0,150,106,105.0,112
breakfast,3,3.81,0,0,200,166,150.4,156
breakfast,4,9.6,0,0,225,190,165.2,178
dinner,6,4.84,0,0,250,177,174.0,190
dinner,5,2.68,0,0,200,133,141.0,144
breakfast,0,5.62,0,0,175,148,143.2,140
dinner,6,1.3,0,0,225,152,164.8,151
breakfast,2,5.64,0,0,225,175,164.4,180
breakfast,1,6.35,0,1,175,144,159.7,154
breakfast,2,4.22,0,1,200,174,157.1,167
lunch,0,7.86,0,1,250,249,218.1,236
breakfast,1,2.22,0,0,225,169,159.9,169
lunch,3,8.9,0,0,200,194,184.8,200
lunch,3,9.6,0,0,200,198,196.4,185
dinner,6,1.01,0,0,150,117,104.4,99
breakfast,2,8.58,0,0,200,151,161.5,166
breakfast,1,5.55,0,0,225,194,161.7,182
breakfast,5,5.15,0,0,250,162,160.8,163
lunch,1,3.15,0,0,200,173,187.8,189
breakfast,4,5.03,0,0,200,138,133.1,143
dinner,0,9.55,0,0,150,136,152.1,149
lunch,6,2.9,0,0,225,158,150.0,165
lunch,3,2.61,0,1,225,207,214.8,203
lunch,2,3.18,0,0,200,184,178.3,183
breakfast,1,5.97,0,0,225,178,194.5,183
breakfast,3,9.37,0,0,200,176,159.8,167
breakfast,2,6.16,0,0,225,166,176.7,184
lunch,3,3.19,0,0,200,172,177.3,185
breakfast,2,4.96,0,0,200,142,165.6,153
breakfast,3,4.51,0,1,200,158,170.5,152
dinner,5,1.42,0,0,150,123,102.0,107
breakfast,4,5.6,0,0,175,115,139.2,127
dinner,0,2.13,0,0,225,207,203.0,196
dinner,3,8.58,0,0,175,151,145.6,157
breakfast,0,5.94,0,0,200,149,146.7,158
breakfast,3,8.6,0,0,175,145,151.4,140
breakfast,6,9.6,1,0,175,64,67.6,62
dinner,1,9.49,0,1,175,156,154.6,157
lunch,4,1.9,0,0,200,182,153.6,166
dinner,6,9.5,0,1,225,200,174.6,198
dinner,5,8.16,0,0,250,195,189.7,199
dinner,4,8.0,0,0,200,165,189.7,170
breakfast,0,1.81,0,0,200,139,142.6,158
breakfast,1,2.62,0,0,225,178,177.1,166
dinner,2,9.78,0,0,200,176,171.4,189
breakfast,6,2.92,0,0,225,150,134.1,133
breakfast,4,2.52,0,0,225,165,150.8,156
dinner,5,4.26,0,0,200,137,138.6,149
lunch,6,9.22,0,0,200,176,170.5,167
dinner,1,5.29,0,0,200,178,194.0,185
lunch,1,9.29,0,0,200,189,178.8,194
breakfast,0,4.01,0,1,200,155,166.8,177
dinner,5,3.04,1,0,200,77,85.3,92
breakfast,1,5.46,1,0,225,111,102.2,118
lunch,1,6.54,1,0,250,167,161.2,165
lunch,2,4.52,0,0,200,189,183.1,188
breakfast,0,4.11,0,0,175,122,127.8,137
lunch,0,2.96,0,0,150,127,144.4,132
breakfast,5,3.48,0,0,225,148,140.8,142
lunch,1,7.06,0,0,225,203,203.3,211
lunch,2,4.33,0,0,200,171,189.0,187
dinner,3,1.72,0,0,200,157,163.1,165
dinner,4,2.24,0,0,225,178,164.6,186
breakfast,6,4.35,0,0,200,120,109.3,128
lunch,0,9.32,0,0,175,157,156.1,172
lunch,2,4.41,0,0,175,173,146.7,160
breakfast,5,1.55,0,0,175,107,100.8,110
dinner,2,4.76,0,0,200,193,187.1,187
dinner,1,7.02,0,1,200,187,178.9,189
breakfast,4,6.34,0,0,225,178,168.6,177
lunch,0,3.51,1,0,150,101,96.8,89
breakfast,3,7.19,0,0,200,163,164.2,154
lunch,1,6.68,0,0,175,175,164.7,162
breakfast,0,2.55,0,1,225,182,191.7,181
dinner,6,2.46,0,0,225,153,152.3,165
dinner,5,5.92,0,0,250,200,179.3,188
lunch,0,6.93,0,0,175,174,170.9,166
lunch,2,9.66,0,1,225,224,189.9,221
dinner,6,4.8,0,1,175,135,134.1,137
lunch,4,7.88,0,1,175,156,155.6,168
breakfast,3,2.05,0,0,150,97,119.2,111
lunch,4,9.01,1,0,200,116,119.4,125
dinner,2,6.7,0,0,175,173,164.1,157
lunch,3,6.66,0,0,200,198,174.6,181
lunch,3,2.28,0,0,175,168,166.9,156
dinner,1,1.36,0,0,250,227,202.5,224
dinner,3,7.31,1,0,200,113,132.7,128
dinner,0,2.05,0,0,200,183,168.6,177
breakfast,4,2.14,0,0,225,171,152.5,160
lunch,5,2.69,1,0,150,82,70.4,68
dinner,5,1.88,0,0,200,150,131.2,143
dinner,4,6.63,0,0,200,175,173.1,180
lunch,1,4.8,0,0,150,143,131.2,139
breakfast,3,3.39,0,0,175,146,121.2,133
dinner,2,4.97,1,0,225,124,144.6,127
dinner,6,8.6,0,0,175,149,149.0,146
breakfast,6,9.34,0,0,250,178,182.6,168
lunch,0,5.39,0,0,150,127,146.2,131
breakfast,1,6.1,0,0,225,183,196.8,192
lunch,6,3.31,0,1,200,157,169.3,159
breakfast,3,5.62,0,0,200,148,143.7,157
lunch,5,7.73,0,0,175,154,128.3,151
lunch,2,5.43,0,0,175,148,147.6,161
lunch,3,3.72,0,0,200,179,164.3,187
lunch,1,6.24,0,0,200,188,198.5,184
dinner,2,9.52,0,1,150,130,151.7,144
breakfast,6,8.99,0,0,200,123,128.3,137
breakfast,2,7.92,0,0,175,153,127.7,148
dinner,2,3.49,0,0,225,212,188.3,195
breakfast,2,3.17,1,0,225,100,107.2,97
dinner,6,8.55,0,0,175,123,147.5,149
dinner,3,2.63,0,0,225,191,190.1,201
lunch,2,6.45,0,0,200,185,179.0,188
dinner,3,4.95,0,1,225,212,215.3,216
breakfast,2,5.21,0,0,175,151,127.3,135
breakfast,2,5.09,0,0,150,127,121.9,118
lunch,1,9.1,0,0,225,223,205.1,209
lunch,3,1.78,0,1,225,217,224.8,208
dinner,5,8.05,0,0,225,180,193.1,175
breakfast,3,8.52,0,0,200,174,166.1,173
lunch,4,9.49,0,0,150,146,141.3,139
lunch,6,5.07,1,0,175,93,74.2,79
lunch,5,5.5,0,0,250,187,186.3,194
breakfast,1,9.65,0,0,200,184,182.1,181
lunch,3,5.13,0,0,225,197,197.2,207
dinner,1,5.53,0,1,250,243,228.7,244
breakfast,5,3.99,0,0,200,113,133.1,128
dinner,1,1.28,0,0,225,206,192.1,202
lunch,1,4.9,0,0,175,159,174.3,167
dinner,0,6.9,1,0,200,118,112.6,120
dinner,3,7.21,0,0,225,211,211.8,215
breakfast,1,1.06,0,0,175,125,118.7,135
lunch,0,8.21,0,0,200,194,197.2,187
dinner,0,5.43,0,0,200,177,181.3,183
lunch,2,5.69,0,0,200,188,185.3,189
dinner,2,9.66,0,0,200,193,181.5,188
lunch,6,3.56,0,0,200,135,159.1,146
breakfast,5,7.85,0,0,175,124,116.8,114
lunch,3,6.17,0,0,250,243,217.2,232
dinner,2,7.31,0,0,200,186,195.4,192
breakfast,5,4.76,0,0,200,124,138.0,126
dinner,3,3.51,0,0,175,163,143.0,151
dinner,5,5.92,0,0,200,147,156.2,155
lunch,6,4.37,0,0,200,152,151.7,150
breakfast,6,3.01,0,0,175,93,106.2,107
dinner,0,8.55,0,0,200,197,188.6,189
breakfast,0,5.28,0,0,175,134,124.2,135
dinner,3,8.63,0,0,225,220,204.0,213
lunch,5,5.27,0,0,250,198,213.3,202
lunch,5,6.01,0,0,150,124,107.7,123
dinner,2,9.96,0,0,200,193,192.6,188
lunch,2,9.56,1,0,225,140,163.1,157
lunch,3,3.45,0,0,250,239,207.0,225
lunch,4,8.82,0,0,200,177,192.5,183
lunch,2,4.51,0,0,250,234,214.4,222
lunch,1,1.64,0,0,225,211,180.8,206
dinner,2,6.18,0,0,200,179,181.1,183
lunch,4,9.79,0,0,175,175,167.6,168
lunch,5,9.77,0,1,200,174,164.6,188
dinner,0,2.14,0,1,175,147,143.9,157
breakfast,0,7.94,1,0,200,94,104.0,98
breakfast,5,8.23,0,0,200,126,124.6,131
dinner,0,4.32,0,1,200,199,174.2,192
dinner,2,6.93,0,0,175,171,166.4,161
lunch,6,5.39,0,0,200,162,154.4,155
lunch,0,3.05,0,0,250,220,241.7,225
breakfast,6,7.85,0,0,175,102,109.6,121
lunch,4,3.36,0,0,200,171,158.7,172
lunch,6,4.06,0,0,200,153,152.7,146
lunch,4,2.71,0,1,200,176,193.4,176
lunch,2,7.47,0,0,200,184,188.2,195
breakfast,5,5.13,0,0,225,137,137.1,143
breakfast,1,4.99,0,0,200,160,171.0,164
dinner,2,6.44,0,0,200,184,185.4,185
lunch,0,2.42,0,1,200,185,174.4,193
lunch,2,9.08,0,0,200,200,203.3,197
breakfast,4,5.19,0,0,175,142,120.6,125
breakfast,2,4.3,0,0,200,160,165.3,162
dinner,2,2.14,0,0,175,152,153.4,148
lunch,1,2.51,0,0,225,194,203.0,211
lunch,4,9.28,0,0,175,162,153.3,160
breakfast,3,5.11,0,0,225,188,158.2,164
dinner,3,7.5,0,0,225,212,194.2,219
breakfast,4,1.72,0,0,150,96,99.4,104
breakfast,3,6.79,0,0,225,181,168.8,184
lunch,0,9.29,0,0,200,178,170.0,189
breakfast,3,3.7,0,0,150,120,113.5,118
breakfast,0,6.21,0,0,250,200,196.0,197
lunch,4,9.46,0,1,200,183,171.2,188
lunch,3,7.47,0,0,200,200,183.9,192
dinner,3,1.56,0,0,225,194,172.9,192
lunch,5,4.41,0,0,150,102,124.8,112
breakfast,6,1.77,0,0,225,119,123.9,135
breakfast,0,8.75,0,0,175,137,149.6,148
dinner,0,6.59,0,0,200,192,172.1,184
lunch,2,9.61,0,0,150,140,138.4,139
dinner,1,1.18,0,0,200,165,187.7,175
breakfast,3,4.81,0,0,200,143,163.4,159
lunch,5,1.94,0,0,150,109,116.0,110
breakfast,1,4.15,0,0,150,113,123.5,111
lunch,6,2.46,1,0,225,95,102.4,97
dinner,6,3.96,0,0,200,153,151.2,147
dinner,5,8.37,0,0,200,170,171.6,163
lunch,1,2.45,0,0,200,179,173.9,184
lunch,3,5.26,0,0,200,191,181.3,187
dinner,6,9.29,0,0,225,182,181.7,179
dinner,5,9.99,0,0,225,181,171.0,185
breakfast,0,3.26,0,1,250,206,200.1,205
lunch,2,9.42,0,0,225,219,192.7,204
breakfast,5,3.35,0,0,175,106,110.3,108
lunch,4,4.72,0,0,150,116,117.8,129
lunch,6,8.9,0,0,150,127,119.6,121
lunch,6,8.08,0,0,250,201,195.4,195
lunch,3,8.72,0,1,200,188,171.4,191
breakfast,3,8.2,0,0,175,128,138.4,142
lunch,4,3.12,0,0,200,162,173.7,164
dinner,6,6.03,0,0,225,174,170.8,168
lunch,1,4.47,0,1,150,150,138.0,142
lunch,2,5.14,0,0,200,175,177.3,191
dinner,1,2.39,0,1,175,167,148.0,174
dinner,4,3.84,0,0,250,205,226.0,210
breakfast,4,8.72,0,0,200,144,149.8,162
breakfast,2,9.08,0,0,200,175,160.9,172
dinner,4,6.49,0,1,250,229,209.2,234
dinner,4,5.48,0,0,225,201,191.4,190
dinner,6,7.42,0,0,200,145,166.8,158
dinner,5,6.48,0,0,200,166,146.1,154
lunch,6,9.85,0,0,225,198,175.3,190
lunch,2,2.71,0,0,175,153,145.6,156
breakfast,3,5.04,0,0,225,189,184.3,174
breakfast,1,9.26,0,1,225,209,199.9,208
lunch,3,9.23,0,0,225,223,222.5,221
lunch,3,5.46,0,0,150,134,144.9,140
lunch,5,2.21,0,0,200,165,155.5,160
dinner,1,8.33,0,0,200,175,177.1,186
breakfast,3,6.27,0,0,250,212,175.6,196
lunch,2,7.96,0,0,200,186,172.6,189
breakfast,1,5.16,0,1,200,182,175.3,169
lunch,0,2.83,0,0,175,148,162.4,162
dinner,5,1.22,0,0,225,151,168.4,160
dinner,3,6.03,0,0,200,183,169.0,179
dinner,4,2.45,0,0,225,180,169.4,179
breakfast,1,2.68,0,1,225,190,199.1,187
lunch,0,4.93,0,0,150,134,140.8,145
breakfast,4,4.98,0,0,200,132,151.2,150
lunch,0,3.47,0,0,200,171,163.6,192
dinner,3,2.19,0,1,200,191,176.1,188
dinner,4,9.5,0,1,200,200,169.6,196
dinner,3,2.18,0,0,200,171,175.0,183
breakfast,4,4.16,0,0,175,124,124.2,130
dinner,1,3.74,0,1,225,199,206.7,207
breakfast,6,8.8,0,0,200,147,143.2,138
dinner,2,4.69,0,0,200,179,186.1,184
breakfast,6,2.12,0,0,175,94,111.6,103
breakfast,2,1.09,0,0,200,138,131.6,144
lunch,6,7.5,0,0,225,184,179.6,182
dinner,0,7.43,0,0,200,194,188.1,186
breakfast,5,4.76,0,0,250,146,142.5,159
lunch,4,2.14,0,0,200,179,175.3,179
dinner,3,4.34,0,1,250,239,214.0,242
lunch,5,6.31,1,0,250,121,128.6,119
breakfast,1,7.34,0,0,200,173,148.2,180
lunch,1,1.7,0,0,200,196,182.5,183
lunch,1,6.01,0,1,175,154,163.4,170
dinner,2,3.49,0,0,250,212,216.8,227
dinner,3,6.56,0,0,225,192,196.4,212
lunch,1,6.83,0,0,200,200,183.2,195
dinner,1,9.2,0,1,200,199,185.3,187
lunch,6,4.69,0,1,225,187,171.9,186
breakfast,0,5.84,0,0,175,153,149.4,145
breakfast,4,3.41,0,0,200,133,154.5,150
lunch,4,3.58,0,0,175,150,141.9,146
breakfast,4,1.41,0,0,225,163,161.6,160
dinner,5,3.57,0,0,225,161,174.1,174
dinner,6,1.57,0,0,175,125,130.8,120
breakfast,6,9.68,0,0,175,127,105.7,123
lunch,0,6.62,0,0,175,160,157.3,165
dinner,2,2.56,0,0,200,169,160.0,173
dinner,5,2.05,0,0,175,114,122.6,124
dinner,0,4.33,0,0,200,175,179.1,179
lunch,1,3.77,0,1,225,199,226.2,217
dinner,3,3.51,0,0,150,143,138.3,120
lunch,5,5.21,0,0,200,158,154.8,152
lunch,5,9.22,0,0,200,156,148.6,166
breakfast,1,6.11,1,0,175,103,85.6,97
breakfast,1,5.69,0,0,200,164,146.9,163
lunch,3,8.26,0,1,200,183,191.9,196
breakfast,4,1.04,0,0,200,134,140.6,136
breakfast,5,2.78,0,0,150,82,93.9,85
dinner,0,5.47,0,0,175,147,149.6,153
breakfast,2,7.35,0,0,200,153,173.4,160
lunch,1,5.37,0,1,175,157,165.6,158
lunch,1,2.47,0,1,175,154,165.9,166
dinner,2,9.37,0,0,200,200,198.2,200
lunch,0,3.96,0,0,200,181,163.6,176
breakfast,1,8.09,0,0,200,182,155.8,173
lunch,2,9.02,0,0,200,188,189.6,197
dinner,6,4.12,0,0,175,115,129.3,127
dinner,1,8.61,0,0,200,200,184.9,189
lunch,4,7.4,0,0,200,186,187.5,175
breakfast,4,9.14,0,0,175,137,131.0,131
dinner,1,3.26,0,0,150,132,120.0,137
breakfast,6,9.38,0,0,200,134,128.9,147
lunch,1,1.59,0,0,200,188,194.2,178
lunch,4,8.14,0,0,225,200,213.4,209
breakfast,6,4.92,0,0,225,151,133.1,136
lunch,1,2.6,0,0,225,194,191.4,204
breakfast,6,1.71,0,0,175,89,107.3,98
dinner,0,4.51,0,1,200,176,174.8,186
dinner,0,4.5,0,0,150,130,134.5,136
breakfast,3,3.07,0,0,200,147,148.2,143
dinner,0,2.94,0,0,175,153,148.5,153
breakfast,5,4.6,0,0,225,141,140.0,134
lunch,6,4.69,0,0,200,148,156.1,151
breakfast,5,4.98,0,0,225,150,131.5,140
dinner,5,8.82,0,0,200,167,156.3,170
dinner,1,6.5,0,0,200,187,202.9,190
lunch,1,1.18,0,0,175,147,163.6,157
dinner,2,5.67,1,0,200,126,108.8,116
lunch,6,7.86,0,0,175,151,135.7,140
dinner,5,1.51,1,0,175,88,66.9,73
dinner,5,4.8,0,0,175,135,130.9,135
dinner,0,5.06,0,0,250,240,204.5,226
lunch,4,9.59,1,0,225,141,136.0,138
breakfast,6,5.28,1,0,225,79,74.2,75
lunch,4,7.75,0,0,250,229,217.4,221
breakfast,6,3.73,0,0,200,135,121.5,108
lunch,6,8.01,0,0,225,177,194.9,176
lunch,3,3.9,0,0,175,150,146.8,151
lunch,2,4.87,0,0,200,184,183.7,191
breakfast,4,5.32,0,0,200,153,144.2,154
breakfast,3,9.34,0,1,150,118,137.5,136
lunch,0,1.48,0,0,225,211,187.7,198
dinner,2,2.77,1,0,175,107,102.8,97
lunch,2,7.35,0,0,225,218,217.0,213
lunch,5,6.2,0,0,250,202,216.1,196
dinner,6,3.26,0,0,200,150,132.0,141
lunch,6,3.6,0,0,175,139,141.4,127
breakfast,1,4.31,0,1,200,164,174.1,174
lunch,6,5.05,0,1,175,145,138.9,141
breakfast,6,8.36,0,0,175,125,109.1,104
dinner,6,1.12,0,0,225,171,158.9,154
breakfast,5,9.08,0,1,200,157,135.3,148
lunch,0,4.72,0,1,150,138,151.8,143
breakfast,6,3.07,0,0,150,76,83.4,83
breakfast,5,5.58,0,0,225,135,152.1,150
dinner,2,6.94,0,0,200,175,176.5,191
breakfast,5,1.4,0,0,225,146,125.6,138
breakfast,6,7.44,0,0,175,123,119.8,115
lunch,3,7.85,0,0,200,177,200.9,193
breakfast,5,2.5,1,0,200,49,56.4,66
breakfast,4,2.51,0,0,200,133,152.6,137
dinner,0,2.83,0,0,150,136,127.3,137
dinner,0,8.17,0,0,250,247,213.1,242
dinner,2,3.45,0,0,225,196,194.1,191
dinner,5,8.16,0,0,175,146,127.4,134
dinner,2,5.86,0,0,150,128,128.6,139
breakfast,2,7.9,0,0,225,189,183.4,187
dinner,3,5.98,0,1,250,238,225.6,241
dinner,1,4.02,0,0,200,178,169.4,188
dinner,2,9.2,0,1,200,182,174.7,193
lunch,1,7.44,0,0,200,185,191.4,190
breakfast,1,5.36,0,0,200,159,172.0,157
dinner,0,6.74,0,0,200,179,165.8,190
dinner,4,6.54,0,0,225,200,183.0,200
dinner,4,4.22,0,0,175,158,149.9,153
breakfast,5,4.81,0,0,200,133,139.0,123
breakfast,3,3.86,0,0,200,142,155.5,159
breakfast,3,10.0,0,0,250,204,187.0,215
dinner,4,6.22,0,0,250,215,199.6,213
breakfast,5,1.83,1,0,225,79,66.5,71
breakfast,6,5.67,0,0,225,132,130.3,145
dinner,4,1.45,0,0,225,190,167.7,188
breakfast,5,3.6,0,0,225,129,132.7,141
dinner,5,5.01,0,0,175,135,127.9,133
lunch,5,5.81,0,1,200,175,162.0,169
dinner,5,9.79,0,1,250,232,214.6,214
lunch,0,9.84,0,0,225,207,227.0,213
dinner,0,1.88,0,0,200,175,187.7,177
dinner,4,5.84,1,0,175,89,87.5,102
breakfast,5,8.35,0,1,200,156,144.9,147
breakfast,2,3.14,0,0,200,151,157.7,156
breakfast,5,7.76,0,0,150,95,91.3,103
lunch,2,8.91,1,0,175,126,126.1,118
dinner,0,6.96,0,0,200,199,198.6,196
lunch,5,3.95,0,0,250,183,178.8,195
lunch,1,9.31,0,0,225,220,220.9,212
breakfast,4,8.95,0,0,175,143,136.5,138
dinner,5,7.44,0,0,225,188,158.7,179
dinner,3,4.27,0,0,200,182,167.2,177
breakfast,2,8.13,0,0,200,157,153.9,169
lunch,6,3.84,0,1,225,193,191.1,181
breakfast,6,3.28,0,0,225,148,145.2,142
lunch,5,5.64,0,0,175,148,123.3,138
lunch,1,9.97,0,0,225,213,219.0,221
breakfast,2,8.24,0,0,250,198,187.1,207
lunch,1,7.57,0,0,175,175,172.3,166
lunch,6,5.07,0,0,200,161,161.6,151
lunch,4,3.81,0,1,250,214,203.3,230
lunch,6,8.7,0,0,250,196,191.9,213
breakfast,4,6.11,0,0,200,162,143.4,150
dinner,4,8.32,1,0,150,94,95.3,93
dinner,0,5.39,0,0,250,222,217.6,227
lunch,6,7.79,0,0,150,123,111.7,108
breakfast,6,8.81,0,0,200,123,135.5,143
dinner,1,4.52,0,0,150,135,125.8,141
dinner,5,1.12,0,0,200,154,144.7,157
breakfast,3,3.29,0,0,150,99,109.8,114
breakfast,3,9.23,0,0,175,148,148.8,144
breakfast,4,7.19,0,0,200,143,152.4,153
lunch,3,7.63,0,0,150,142,130.0,146
breakfast,2,3.93,0,0,200,154,165.5,154
lunch,1,7.31,0,0,175,164,161.0,164
dinner,1,6.82,0,0,175,163,170.8,162
lunch,1,2.61,0,0,250,242,226.9,230
lunch,2,9.72,0,0,200,191,200.1,195
lunch,5,4.19,0,1,250,209,196.1,209
lunch,0,3.96,0,0,200,187,184.4,184
breakfast,2,4.32,0,0,250,180,174.7,194
breakfast,1,1.83,0,0,225,179,154.9,168
dinner,1,6.62,0,1,250,249,248.5,239
breakfast,6,3.15,0,0,200,109,126.3,118
dinner,1,8.23,0,0,200,190,180.9,191
dinner,5,4.55,0,0,175,135,135.0,139
breakfast,3,5.13,0,0,250,189,203.9,194
lunch,0,6.82,0,0,200,194,172.7,185
lunch,2,7.86,0,0,250,249,255.2,240
dinner,1,3.08,0,0,175,150,167.0,161
dinner,6,9.7,0,0,200,151,163.9,157
dinner,6,6.6,0,0,150,126,113.7,111
breakfast,4,1.05,1,0,200,79,82.6,80
lunch,0,4.74,0,0,150,150,142.9,145
lunch,6,4.93,0,1,200,152,162.5,166
lunch,4,8.28,0,0,200,194,193.7,180
breakfast,0,3.75,0,0,225,180,160.4,181
breakfast,1,3.98,0,0,175,127,129.1,137
dinner,0,1.63,0,0,200,161,184.4,179
lunch,0,3.55,0,0,150,139,121.5,142
breakfast,1,7.45,0,0,250,222,185.8,213
lunch,5,6.71,0,0,200,172,168.2,158
dinner,6,1.73,0,0,175,134,119.4,130
dinner,4,2.03,0,0,200,170,174.4,174
breakfast,5,4.39,0,0,200,140,120.3,134
breakfast,4,7.69,0,0,225,166,162.2,168
breakfast,3,8.5,0,1,250,215,233.6,212
dinner,6,1.13,0,1,175,122,129.8,133
lunch,4,3.96,0,1,150,146,137.4,131
lunch,4,4.82,0,0,200,187,185.4,176
lunch,0,9.2,0,0,225,225,203.7,213
lunch,3,5.51,0,0,200,191,172.0,181
dinner,1,3.43,0,0,150,149,135.2,141
lunch,1,4.51,0,0,200,190,180.9,183
breakfast,2,4.93,0,0,200,163,143.3,161
breakfast,3,7.03,0,1,200,177,153.6,169
lunch,0,1.37,0,0,225,201,204.0,199
dinner,2,4.51,0,1,175,175,147.2,166
breakfast,2,6.82,0,0,200,163,159.7,162
dinner,1,3.55,0,0,250,241,215.7,236
dinner,4,6.33,0,0,200,181,159.3,164
breakfast,0,4.22,0,0,150,129,123.8,124
breakfast,3,7.83,0,0,175,134,146.0,132
breakfast,2,1.55,0,0,225,163,173.8,174
dinner,0,9.26,0,0,150,132,137.3,141
breakfast,1,2.54,0,1,250,199,209.0,210
lunch,2,2.43,0,0,225,208,181.4,201
lunch,2,8.57,0,1,175,172,150.7,166
dinner,5,8.82,0,0,225,197,172.8,183
breakfast,1,1.84,0,0,200,146,149.6,155
lunch,5,9.18,0,0,200,171,151.0,164
lunch,1,3.46,0,0,175,162,161.9,157
lunch,1,6.57,1,0,175,120,108.6,104
dinner,5,1.62,0,1,200,145,160.4,155
breakfast,6,4.43,0,0,200,112,109.1,136
dinner,0,5.06,0,0,200,189,191.7,174
dinner,0,6.4,0,0,200,196,189.9,193
lunch,6,5.73,0,0,175,127,134.5,137
dinner,0,5.15,0,0,225,214,210.6,205
lunch,4,9.64,0,0,250,219,222.0,237
breakfast,2,2.67,0,0,225,182,156.0,170
lunch,0,2.42,0,1,175,152,146.4,163
lunch,4,7.42,0,0,150,142,134.6,128
lunch,2,1.67,0,0,200,176,167.0,178
lunch,0,5.35,0,0,200,179,171.6,185
dinner,1,5.36,0,0,200,199,195.9,184
lunch,6,3.79,0,0,250,179,192.7,193
breakfast,3,9.37,0,0,200,172,179.0,164
lunch,0,3.54,1,0,250,142,154.9,157
dinner,3,3.6,0,0,175,162,163.1,148
dinner,0,3.11,0,0,225,195,179.8,204
lunch,1,2.31,0,0,250,231,234.6,235
dinner,6,4.28,0,0,200,160,132.8,148
breakfast,6,7.13,0,0,250,166,146.5,163
lunch,3,7.68,0,1,200,190,199.8,194
dinner,4,8.32,0,0,250,220,213.3,227
dinner,1,2.78,0,0,225,193,191.5,201
dinner,3,1.32,0,0,200,156,156.8,172
dinner,3,9.77,0,0,150,138,138.7,150
breakfast,5,1.13,0,0,200,128,110.5,117
dinner,5,9.65,0,0,175,158,142.2,147
breakfast,1,8.46,0,0,175,144,150.8,151
breakfast,1,9.21,0,0,150,124,130.4,129
breakfast,1,4.48,0,0,200,153,152.5,166
lunch,2,2.77,0,0,175,144,161.3,166
breakfast,4,6.46,0,0,250,202,176.4,197
breakfast,0,7.67,0,0,225,193,191.6,188
breakfast,5,2.18,1,0,200,68,55.4,70
breakfast,6,8.18,0,0,175,108,124.5,111
lunch,6,2.88,1,0,225,85,96.7,92
lunch,3,5.43,0,0,175,146,152.4,148
lunch,5,8.71,0,1,200,188,176.9,173
dinner,0,2.74,0,0,175,150,162.6,162
dinner,1,3.18,0,1,175,154,157.8,167
dinner,6,1.56,0,1,150,98,101.0,109
lunch,5,2.32,0,0,200,147,143.6,163
dinner,4,2.32,0,0,250,204,181.5,202
breakfast,4,2.83,0,0,175,109,113.7,120
breakfast,2,3.58,0,0,200,150,137.1,151
lunch,5,8.33,0,0,175,134,138.8,149
dinner,1,9.24,0,1,200,176,169.5,184
breakfast,3,4.66,0,0,225,162,187.4,177
breakfast,2,2.15,0,1,200,169,166.9,155
breakfast,1,3.01,0,0,200,152,151.3,160
dinner,2,7.63,0,0,250,241,243.9,238
lunch,5,7.1,0,1,200,175,166.7,170
breakfast,0,9.7,0,0,200,172,170.6,168
lunch,6,1.13,0,0,200,146,150.4,134
lunch,5,7.76,0,0,200,168,166.8,166
lunch,1,5.55,0,0,200,189,170.4,189
breakfast,3,9.12,0,0,200,170,146.6,160
dinner,3,6.19,1,0,225,150,137.2,146
breakfast,1,5.02,0,1,200,186,158.1,173
dinner,2,6.99,0,0,250,232,250.9,232
breakfast,4,8.5,0,0,250,188,172.2,202
lunch,1,3.54,0,0,225,216,215.2,199
lunch,6,1.97,0,0,150,102,97.7,106
lunch,5,4.9,0,0,200,164,157.3,155
breakfast,3,2.93,0,0,200,162,145.6,141
dinner,0,4.87,0,1,200,184,191.2,188
breakfast,3,9.92,0,1,225,192,206.5,190
dinner,4,6.17,0,0,250,231,193.3,212
dinner,3,7.24,0,0,225,203,204.7,209
lunch,4,7.1,0,1,175,171,177.4,165
dinner,6,8.39,0,0,200,161,145.9,159
lunch,1,9.5,0,0,200,186,170.1,184
lunch,3,6.93,0,0,225,203,219.2,210
dinner,2,5.28,0,1,225,225,219.0,211
breakfast,5,3.86,0,0,175,96,106.3,102
lunch,2,4.24,0,1,200,177,198.7,193
dinner,5,4.01,0,1,225,188,179.0,188
lunch,3,3.92,0,0,150,133,132.6,142
breakfast,6,7.25,1,0,250,77,92.9,80
lunch,3,6.29,0,0,225,217,188.9,214
dinner,5,2.82,0,0,200,158,136.9,145
dinner,6,9.73,0,0,225,175,175.4,190
lunch,0,4.85,0,0,225,198,186.6,207
lunch,6,6.09,0,0,200,144,168.4,162
dinner,3,7.32,0,0,200,192,174.4,179
breakfast,0,6.52,0,0,225,173,193.6,181
breakfast,0,3.8,0,0,225,172,169.6,187
dinner,5,8.18,0,0,175,149,150.2,134
dinner,0,1.99,0,0,250,225,211.0,219
dinner,0,6.12,0,0,175,163,167.9,165
lunch,1,3.46,0,0,200,178,191.6,184
breakfast,6,6.54,0,0,225,134,155.1,141
lunch,2,2.96,0,0,175,156,159.2,164
breakfast,0,7.95,0,0,200,174,152.7,167
breakfast,2,3.05,1,0,225,110,102.8,113
dinner,0,9.01,0,0,175,165,150.9,165
breakfast,2,8.75,0,0,225,191,177.1,189
dinner,3,4.26,0,0,175,164,160.9,150
lunch,3,4.47,0,0,200,183,160.7,187
lunch,2,7.31,0,0,175,154,166.7,162
breakfast,6,1.81,0,0,175,114,104.9,106
lunch,0,1.73,0,0,250,227,235.3,221
breakfast,1,2.23,1,0,175,87,85.6,83
dinner,6,6.06,0,1,200,159,155.6,163
dinner,2,2.34,0,0,225,196,203.5,197
lunch,6,3.5,0,0,150,105,112.6,112
breakfast,4,6.82,0,0,225,172,170.5,164
dinner,1,1.14,0,0,175,141,137.8,156
lunch,4,2.62,0,1,200,173,177.8,177
breakfast,2,9.37,0,0,200,180,177.0,171
lunch,0,6.97,0,0,200,197,183.8,193
dinner,6,3.75,0,0,225,170,168.4,161
breakfast,6,1.41,0,0,250,141,154.9,140
breakfast,4,6.27,0,0,250,194,185.5,190
dinner,6,3.01,0,0,200,149,130.2,145
breakfast,2,9.64,0,0,200,174,150.6,170
breakfast,1,7.18,0,0,200,175,173.6,165
lunch,0,9.77,0,0,225,202,188.8,212
dinner,4,8.64,0,0,225,213,219.2,199
lunch,6,5.35,0,0,175,137,122.2,136
dinner,2,7.03,0,0,175,171,168.7,160
dinner,0,8.31,1,0,225,142,153.8,136
breakfast,0,6.2,0,0,200,163,150.6,160
dinner,3,1.55,0,0,200,160,169.0,171
lunch,0,5.23,0,0,200,199,199.1,195
breakfast,2,2.18,0,0,150,109,121.0,108
lunch,1,7.43,0,1,175,175,177.0,166
breakfast,5,7.13,0,0,200,125,126.2,140
breakfast,3,9.94,0,0,200,168,148.9,168
breakfast,2,6.66,0,0,175,139,127.0,145
lunch,2,8.2,0,0,250,224,215.3,238
dinner,2,3.41,1,0,200,103,119.7,118
lunch,4,4.06,0,0,225,202,202.9,195
dinner,6,9.25,0,0,175,137,124.6,142
breakfast,4,7.8,0,1,200,166,173.5,169
breakfast,1,6.9,0,0,225,181,192.5,195
breakfast,2,3.29,0,0,225,180,170.6,166
breakfast,6,7.29,0,0,175,127,124.0,111
breakfast,4,8.98,0,0,200,171,146.5,163
dinner,4,3.08,0,0,175,149,134.8,151
dinner,4,7.36,0,1,225,214,199.8,212
dinner,1,4.54,0,0,225,209,204.9,209
breakfast,1,2.07,0,0,200,145,147.4,157
dinner,2,7.87,0,1,200,200,198.7,192
breakfast,3,2.5,0,0,250,179,198.0,184
breakfast,2,3.28,0,0,200,153,164.2,146
dinner,4,8.05,0,0,150,134,139.8,130
lunch,5,7.68,0,0,150,134,123.2,122
breakfast,6,3.29,0,0,150,91,91.2,91
lunch,4,9.47,0,0,175,167,149.5,160
breakfast,0,2.94,0,0,200,146,142.7,162
dinner,5,9.94,0,0,250,221,223.4,203
lunch,5,7.64,0,0,200,161,152.9,159
dinner,6,4.53,0,0,225,155,162.6,166
breakfast,2,2.17,0,0,225,164,162.7,165
lunch,4,3.88,0,0,225,199,197.4,201
lunch,4,2.74,0,0,200,181,161.0,170
lunch,3,6.6,0,0,200,193,190.1,197
breakfast,0,4.21,0,1,200,159,178.0,173
dinner,2,3.66,0,0,200,187,165.6,177
dinner,1,7.81,0,0,200,198,181.3,186
dinner,2,3.08,0,1,200,197,177.4,189
dinner,5,6.28,0,0,200,169,147.6,164
dinner,2,2.75,0,0,200,178,164.4,171
lunch,3,7.43,0,0,200,185,190.1,179
dinner,2,6.63,0,0,225,219,206.8,207
breakfast,3,8.18,0,1,225,189,191.4,191
lunch,5,1.62,0,0,200,150,155.0,154
breakfast,3,2.89,0,0,200,146,136.4,145
lunch,6,2.39,0,0,225,152,151.7,168
breakfast,6,2.72,0,1,175,112,112.0,111
dinner,4,1.93,0,0,200,154,155.9,160
breakfast,1,6.06,0,0,225,180,169.2,187
breakfast,5,6.34,0,0,225,147,151.7,143
lunch,3,8.59,0,0,200,197,186.1,196
breakfast,0,4.76,0,0,200,155,144.5,158
breakfast,5,5.79,0,1,200,131,131.5,137
breakfast,0,9.92,0,0,175,133,151.6,159
lunch,1,5.79,0,0,150,143,134.3,150
lunch,3,6.16,0,1,150,143,130.8,132
dinner,5,9.96,0,1,175,154,164.2,151
dinner,5,9.95,0,0,175,139,130.2,143
lunch,1,4.82,0,0,200,200,171.9,185
lunch,4,6.71,0,0,175,151,160.7,163
breakfast,0,5.33,0,0,200,156,152.5,154
dinner,5,7.49,0,0,250,184,205.1,198
breakfast,2,9.45,0,0,200,154,166.4,167
breakfast,0,3.79,0,0,225,176,154.5,162
dinner,3,8.37,0,0,175,168,166.8,168
lunch,1,6.89,0,0,250,224,246.8,245
breakfast,0,3.52,0,0,175,123,133.7,131
breakfast,2,8.18,0,0,200,154,155.3,167
dinner,6,4.84,0,1,250,203,175.7,200
dinner,2,2.08,0,0,225,183,208.0,200
dinner,1,9.94,0,0,250,224,242.1,245
lunch,1,4.83,0,0,200,177,168.0,189
lunch,6,5.87,0,0,150,107,122.6,110
dinner,0,8.27,0,0,175,157,147.8,175
dinner,3,9.65,1,0,250,151,166.6,163
breakfast,4,8.86,1,0,200,105,98.8,92
dinner,2,5.73,1,0,175,107,114.8,106
breakfast,1,5.91,0,0,200,154,149.7,163
breakfast,4,3.53,0,0,200,133,143.1,138
dinner,4,5.17,0,0,150,121,127.6,125
lunch,4,9.52,0,1,200,180,168.5,195
dinner,3,7.54,0,0,200,187,187.4,187
breakfast,1,1.11,0,0,175,133,123.8,137
lunch,2,2.05,0,0,175,151,147.7,159
dinner,1,9.31,0,0,225,198,197.7,208
dinner,0,8.64,0,0,200,188,169.3,190
breakfast,2,5.38,0,1,175,144,134.3,154
lunch,1,6.55,0,0,200,184,175.1,190
lunch,2,3.61,0,0,225,199,204.1,209
breakfast,0,8.14,0,0,200,171,149.7,168
dinner,5,6.43,0,0,175,129,145.8,133
dinner,2,7.25,0,0,175,156,151.0,169
breakfast,5,4.37,0,0,150,84,97.0,103
breakfast,4,4.87,0,0,175,124,117.6,129
breakfast,6,2.87,0,0,150,97,93.5,95
dinner,3,9.53,0,1,225,206,190.5,214
breakfast,0,9.52,0,1,150,130,137.7,134
lunch,2,8.36,0,0,200,187,182.1,188
lunch,0,9.42,0,0,225,205,207.3,208
lunch,4,6.99,0,0,225,215,193.5,200
breakfast,5,3.11,0,0,200,122,120.1,120
breakfast,3,7.84,0,0,200,170,142.7,168
dinner,0,3.93,0,0,250,209,198.3,224
dinner,5,4.96,0,1,200,173,169.3,169
dinner,4,3.47,0,0,250,216,193.8,200
breakfast,4,4.81,0,0,200,142,147.2,142
breakfast,4,7.11,0,0,150,123,115.2,112
lunch,6,2.0,0,0,175,136,130.5,133
breakfast,5,1.95,0,0,250,139,152.9,154
dinner,2,7.15,0,1,225,202,214.2,213
lunch,1,8.02,0,0,200,185,189.3,182
breakfast,0,5.96,0,0,175,128,149.2,144
dinner,6,2.63,0,0,175,118,127.6,126
dinner,1,4.88,0,0,250,241,220.5,241
breakfast,4,7.82,1,0,175,78,78.0,71
lunch,1,7.17,0,0,200,177,170.2,189
breakfast,5,1.99,0,0,250,162,165.0,147
lunch,4,9.72,0,0,150,141,148.1,134
breakfast,6,3.01,0,0,200,128,107.5,118
lunch,4,2.98,0,0,200,163,180.0,179
dinner,3,5.14,0,0,175,147,142.5,157
lunch,3,3.95,1,0,200,109,112.3,120
breakfast,6,9.86,0,0,200,125,139.2,136
lunch,5,1.69,0,0,150,103,114.9,114
lunch,5,3.76,0,0,175,129,132.5,133
dinner,1,4.44,1,0,225,130,150.3,141
lunch,6,5.44,0,0,225,162,170.2,175
breakfast,0,1.15,0,0,200,153,137.9,147
breakfast,6,1.74,0,0,175,97,90.8,105
dinner,1,3.32,0,1,225,217,224.4,209
breakfast,5,5.99,0,1,175,125,118.9,123
dinner,0,7.91,0,0,225,216,219.7,205
breakfast,6,7.18,1,0,150,43,54.8,44
breakfast,1,6.1,0,0,200,159,145.7,171
lunch,2,4.58,0,0,200,186,192.2,188
dinner,2,8.84,0,0,150,149,133.2,149
dinner,0,5.14,0,0,175,152,166.7,164
breakfast,3,3.69,0,0,200,148,148.7,148
lunch,0,6.66,0,0,250,232,236.6,226
breakfast,1,7.23,0,0,225,198,169.3,184
lunch,4,4.59,0,1,225,210,198.8,210
lunch,2,1.25,0,0,200,184,190.1,177
dinner,4,1.85,0,0,175,129,152.3,143
dinner,2,8.61,0,0,225,213,229.8,211
lunch,1,1.51,0,0,200,174,177.7,175
lunch,2,6.33,0,0,200,189,197.3,197
dinner,0,2.65,1,0,175,97,98.1,104
dinner,4,3.06,0,0,175,147,156.0,149
breakfast,5,3.46,0,0,200,123,135.7,118
breakfast,4,1.34,0,1,200,137,157.3,148
lunch,1,2.6,0,0,150,135,138.6,141
breakfast,5,6.85,0,0,225,147,162.7,161
breakfast,4,5.49,0,1,200,145,171.2,164
breakfast,6,8.18,0,1,225,162,157.0,159
lunch,1,1.55,0,0,175,158,149.6,162
breakfast,6,9.0,0,0,200,132,123.9,137
breakfast,3,9.97,0,0,150,111,126.9,129
breakfast,0,1.14,0,0,175,140,115.3,128
dinner,2,9.71,0,0,200,180,196.2,191
dinner,6,3.12,0,0,175,132,113.1,123
lunch,2,7.23,0,0,200,186,177.3,188
lunch,2,3.63,0,0,250,241,223.3,234
dinner,3,5.7,0,1,150,127,127.7,143
breakfast,0,5.59,0,1,200,168,149.9,162
breakfast,4,4.25,0,0,175,114,123.9,125
breakfast,6,7.46,0,0,200,143,138.5,134
breakfast,4,6.4,0,0,200,145,145.2,142
lunch,0,5.57,0,0,250,224,215.3,238
dinner,5,9.85,0,0,200,154,158.7,170
lunch,0,9.46,0,0,225,219,218.2,215
lunch,2,9.6,0,0,175,158,147.5,163
dinner,4,8.93,1,0,175,96,93.9,98
breakfast,0,3.3,0,0,225,168,168.3,168
breakfast,4,4.15,0,0,200,143,147.2,153
lunch,0,3.08,0,0,225,209,204.6,203
lunch,1,9.88,0,0,175,175,167.3,172
breakfast,6,2.37,0,0,200,123,108.7,117
lunch,2,4.3,0,1,150,131,140.3,138
lunch,0,2.79,1,0,225,132,129.0,135
dinner,3,3.01,0,0,250,230,197.6,225
lunch,0,3.22,0,1,225,206,192.9,216
breakfast,1,6.76,0,0,200,180,167.5,161
breakfast,3,1.68,0,0,200,142,158.6,144
lunch,3,6.15,0,0,200,181,167.6,179
breakfast,0,8.37,0,0,200,156,162.5,173
dinner,1,7.9,0,0,200,195,176.6,191
lunch,3,2.36,0,0,200,188,165.7,178
breakfast,6,9.23,0,0,200,147,125.8,138
dinner,2,7.93,0,0,225,220,209.7,212
lunch,5,1.05,0,0,225,156,148.9,163
breakfast,2,7.64,0,0,225,173,189.2,174
dinner,4,7.64,0,0,175,156,156.2,157
dinner,4,5.47,0,0,175,159,144.5,162
dinner,1,1.41,1,0,200,126,108.1,112
breakfast,3,6.22,1,0,200,90,96.8,89
lunch,2,7.89,0,0,225,212,228.1,211
dinner,2,3.44,0,0,225,199,204.3,202
breakfast,5,7.0,0,1,250,174,169.4,176
breakfast,1,4.19,0,0,200,159,164.6,157
dinner,6,6.16,1,0,200,101,90.2,86
breakfast,3,4.46,0,0,200,146,137.0,154
dinner,1,3.73,0,0,225,203,205.7,207
lunch,0,8.7,0,1,200,181,176.1,188
lunch,2,7.78,0,0,200,200,182.8,185
breakfast,1,4.11,0,0,200,166,155.1,162
dinner,1,4.91,0,0,200,181,192.4,189
lunch,5,7.23,0,0,225,168,182.3,182
lunch,6,8.3,0,0,150,120,114.7,123
dinner,0,7.16,0,1,200,181,192.2,194
dinner,4,5.87,0,1,225,206,190.1,203
dinner,2,9.59,0,0,200,184,198.5,183
lunch,5,7.97,1,0,225,108,108.6,122
lunch,6,2.04,0,0,225,165,163.6,175
dinner,6,6.02,0,0,200,150,140.0,142
lunch,1,4.69,0,0,175,161,155.9,173
breakfast,2,8.15,0,0,225,187,179.4,186
breakfast,4,1.4,0,0,150,98,99.2,109
dinner,6,4.7,0,0,200,162,158.9,142
lunch,1,3.86,0,0,225,204,194.2,207
lunch,6,2.27,0,1,200,149,143.8,162
lunch,0,4.41,0,1,175,175,163.3,171
breakfast,6,7.06,0,0,225,142,157.3,146
lunch,2,4.26,0,1,250,248,232.4,237
breakfast,6,6.22,0,0,200,130,137.2,126
lunch,6,6.34,0,0,225,173,161.6,169
lunch,5,6.28,0,0,200,165,142.0,162
lunch,0,5.77,1,0,200,127,119.5,126
dinner,4,2.05,0,0,175,155,145.1,142
dinner,4,2.97,0,1,200,184,176.7,170
dinner,2,8.2,0,0,200,187,175.5,188
breakfast,4,5.52,0,0,200,145,150.8,150
breakfast,3,7.35,0,0,200,158,168.4,164
lunch,5,6.13,0,0,225,191,183.1,181
dinner,2,1.35,0,0,200,170,177.4,165
dinner,6,8.17,0,0,225,177,166.6,176
dinner,3,1.58,1,0,150,68,81.8,88
breakfast,4,9.49,0,0,225,186,158.2,175
lunch,6,2.94,0,0,175,126,123.7,120
lunch,2,5.61,0,1,200,183,198.2,188
breakfast,3,1.57,0,0,200,144,152.6,144
breakfast,4,9.05,0,0,200,154,167.7,162
dinner,1,9.82,0,0,250,229,254.5,240
breakfast,1,2.32,0,0,200,157,166.6,165
breakfast,0,3.66,0,0,150,124,105.7,117
breakfast,1,1.14,0,0,200,160,137.4,165
dinner,3,8.08,0,0,200,189,197.3,197
lunch,5,3.8,0,1,200,176,157.8,168
lunch,1,6.3,0,1,250,230,225.5,242
dinner,2,1.35,0,0,200,158,170.7,178
lunch,2,7.44,1,0,200,122,127.1,135
lunch,2,5.76,0,0,175,161,151.6,160
breakfast,1,7.52,0,0,175,146,154.2,146
breakfast,6,8.11,0,1,200,129,151.8,142
dinner,1,1.8,0,0,225,208,205.9,205
dinner,0,6.2,1,0,200,116,110.3,127
lunch,5,6.85,0,0,200,166,146.4,163
lunch,6,5.65,0,0,200,163,147.1,149
lunch,5,2.64,0,0,225,160,169.5,168
breakfast,6,8.16,0,0,200,126,133.3,130
breakfast,6,9.98,0,0,250,173,154.8,182
breakfast,4,9.72,0,0,200,172,170.5,158
breakfast,0,8.0,0,0,175,149,142.0,140
dinner,3,4.76,0,0,150,132,129.5,135
breakfast,2,4.04,0,0,200,168,142.3,156
breakfast,1,1.62,0,0,150,108,123.1,114
lunch,4,4.75,0,0,200,174,169.7,182
dinner,4,2.4,0,0,175,151,131.0,151
breakfast,6,3.29,1,0,200,65,61.2,58
breakfast,1,9.03,0,0,200,156,162.5,167
lunch,0,9.72,0,0,175,163,172.9,159
dinner,4,9.54,0,0,200,176,180.0,200
lunch,5,2.74,0,0,200,148,137.0,149
dinner,0,9.11,0,0,225,211,219.4,213
dinner,1,2.27,0,0,150,124,126.1,132
dinner,6,5.57,0,0,200,146,145.2,145
lunch,0,6.79,0,1,225,225,220.5,220
lunch,6,5.16,0,0,200,161,138.8,156
breakfast,5,9.57,0,0,250,167,189.3,175
dinner,2,4.0,0,0,175,166,160.2,148
lunch,6,5.75,0,1,200,169,151.6,164
breakfast,6,1.68,0,0,175,91,91.8,106
lunch,1,8.67,0,1,175,171,164.2,161
breakfast,5,4.72,0,0,200,125,123.3,134
lunch,1,7.3,0,0,200,200,168.3,196
lunch,5,7.14,0,1,175,160,151.3,153
lunch,5,7.09,0,0,200,149,153.5,158
dinner,4,5.56,0,0,225,199,184.2,192
breakfast,4,3.5,0,0,200,142,131.4,146
lunch,4,6.63,0,0,150,127,121.7,140
lunch,2,9.66,0,0,150,148,129.1,140
lunch,2,8.51,0,0,200,188,200.9,190
dinner,5,1.98,0,0,200,136,144.0,143
lunch,3,1.21,0,0,225,203,190.9,194
lunch,1,5.49,0,1,250,226,242.0,244
breakfast,4,7.98,0,0,250,197,182.2,193
dinner,1,3.83,0,0,200,194,191.1,178
lunch,6,7.31,1,0,150,77,68.0,67
dinner,5,9.39,0,0,175,145,148.8,142
breakfast,0,5.13,0,0,200,149,140.8,165
breakfast,5,3.2,0,0,225,146,128.5,136
lunch,2,9.26,0,0,150,127,150.3,145
dinner,3,5.25,0,0,200,184,162.3,184
lunch,0,4.67,0,0,200,178,171.9,178
dinner,1,4.18,0,0,175,153,143.1,156
lunch,2,4.81,0,0,200,180,185.0,182
lunch,4,7.06,0,0,200,171,170.2,183
breakfast,0,4.9,0,0,175,143,138.9,128
dinner,2,3.92,0,1,200,190,169.6,195
breakfast,1,7.69,0,0,175,159,141.0,142
dinner,5,2.83,0,1,175,143,131.7,135
dinner,1,2.82,0,0,150,134,133.3,124
dinner,0,7.27,0,0,200,179,175.6,184
lunch,0,8.8,0,0,225,217,229.4,221
dinner,5,3.17,0,1,200,155,150.0,154
dinner,0,2.72,0,0,200,165,179.4,183
breakfast,3,7.03,0,0,200,152,152.5,152
lunch,4,6.59,0,0,200,168,176.6,174
breakfast,2,5.03,0,0,175,136,127.7,138
lunch,5,1.86,0,0,175,119,119.8,132
breakfast,1,1.83,0,0,250,203,206.3,194
breakfast,1,8.0,0,0,200,168,167.0,162
lunch,4,5.07,0,0,225,202,192.5,206
lunch,0,8.72,0,0,250,250,239.0,236
lunch,0,6.17,0,0,200,194,173.8,192
breakfast,1,6.57,0,0,175,139,151.4,141
lunch,4,9.41,0,0,200,187,172.9,188
breakfast,1,2.48,0,1,200,153,163.1,163
lunch,0,5.89,0,0,250,249,212.8,240
lunch,5,1.52,0,0,225,153,167.1,171
lunch,2,4.23,0,0,225,219,202.2,209
dinner,0,2.33,0,0,200,165,163.8,175
lunch,5,2.69,0,0,150,106,107.3,106
dinner,2,9.41,0,0,225,201,187.9,221
lunch,6,6.5,0,0,150,126,104.5,129
lunch,3,9.03,0,0,175,164,166.0,167
lunch,4,4.99,0,0,225,183,201.7,194
breakfast,5,6.38,0,0,175,105,114.8,115
lunch,3,1.29,0,1,225,207,186.4,214
lunch,0,5.23,1,0,175,124,117.5,108
breakfast,6,6.08,0,1,225,158,158.5,163
breakfast,4,1.15,0,0,200,136,128.0,140
breakfast,5,8.11,0,0,200,128,139.0,132
dinner,6,3.66,0,0,225,178,148.9,170
dinner,0,5.07,1,0,250,145,157.5,156
breakfast,4,5.82,0,0,150,97,109.3,109
lunch,4,9.93,0,0,200,195,179.9,188
lunch,0,1.89,0,0,250,227,196.6,217
dinner,0,6.0,0,0,200,197,185.9,184
breakfast,6,5.78,1,0,200,61,70.1,70
breakfast,6,1.62,0,0,200,112,109.7,114
dinner,5,6.71,0,1,200,173,148.2,172
breakfast,4,3.58,0,1,175,131,139.7,134
breakfast,5,1.93,0,0,175,92,107.8,105
dinner,6,2.61,0,0,175,131,130.5,135
lunch,4,8.41,0,0,225,216,204.4,212
breakfast,5,1.94,0,0,250,145,148.7,141
breakfast,0,5.2,0,1,225,197,174.6,196
breakfast,0,2.76,0,0,200,142,136.2,152
breakfast,1,2.46,0,0,200,151,151.0,157
dinner,6,2.85,1,0,200,77,88.5,82
lunch,5,5.44,0,1,200,157,150.7,164
dinner,1,3.14,0,0,250,216,243.6,233
dinner,1,1.87,0,1,225,199,226.7,211
lunch,3,8.21,0,0,150,128,143.2,140
breakfast,4,5.86,0,0,225,177,178.6,161
lunch,2,2.41,0,0,175,162,155.5,160
dinner,3,5.24,0,0,200,191,173.0,175
dinner,6,1.62,0,1,175,134,131.3,127
breakfast,4,6.22,1,0,225,91,107.6,107
dinner,2,4.06,0,0,150,140,143.6,120
lunch,1,1.93,0,0,200,190,190.7,176
dinner,2,2.65,0,0,150,137,120.9,135
breakfast,0,4.11,0,0,250,190,193.7,199
lunch,6,8.26,0,0,150,107,117.2,114
dinner,0,2.56,0,0,175,167,150.3,161
lunch,5,1.99,0,0,200,157,144.8,154
lunch,4,5.64,0,0,200,166,158.2,173
breakfast,3,6.03,0,0,225,191,186.8,182
breakfast,6,1.81,0,0,175,114,110.8,104
breakfast,1,3.56,0,0,200,160,145.7,157
dinner,6,3.36,0,0,175,139,127.6,130
breakfast,4,2.68,0,0,175,114,122.4,121
lunch,1,3.84,0,0,225,205,222.5,214
dinner,0,1.33,0,0,250,207,220.5,213
breakfast,6,6.86,1,0,200,70,72.1,72
lunch,3,9.9,0,0,175,158,177.7,163
dinner,3,6.71,0,0,150,125,139.8,137
dinner,0,4.25,0,0,175,152,152.4,152
lunch,2,7.01,0,0,175,170,147.8,160
lunch,3,6.14,0,0,200,198,197.4,192
breakfast,2,8.62,0,0,200,172,165.7,171
dinner,1,6.6,0,0,150,145,144.3,149
breakfast,3,6.71,0,0,200,155,157.0,162
dinner,5,2.99,0,0,200,155,142.8,160
breakfast,0,4.74,1,0,175,78,83.4,81
dinner,6,4.1,0,0,250,180,163.7,186
dinner,2,1.1,0,0,200,172,178.8,161
dinner,5,3.82,0,1,200,150,146.8,163
breakfast,1,5.37,0,0,150,108,115.5,117
lunch,1,6.4,0,0,200,184,170.5,189
lunch,3,9.41,0,0,200,176,198.4,183
dinner,3,3.15,0,0,250,233,200.1,215
breakfast,5,2.37,0,0,200,134,118.1,132
dinner,4,8.83,0,1,250,244,228.3,240
dinner,4,9.48,0,1,200,200,179.2,184
breakfast,3,5.39,0,0,150,105,123.1,117
dinner,4,2.04,0,0,250,215,213.1,212
lunch,0,5.37,1,0,175,120,114.2,101
lunch,5,1.98,0,0,200,150,138.8,156
breakfast,0,8.95,0,0,250,199,191.8,208
lunch,4,7.37,1,0,225,130,126.4,149
dinner,3,3.17,0,0,200,188,167.5,171
lunch,0,8.98,0,0,175,171,162.0,170
lunch,1,6.74,0,0,200,181,176.7,180
dinner,6,9.58,0,0,200,149,155.4,159
dinner,3,9.82,0,0,250,234,217.3,236
breakfast,5,1.03,0,0,225,128,126.1,131
dinner,2,2.08,0,0,225,189,182.7,196
lunch,2,5.92,0,0,250,242,241.0,238
breakfast,3,9.6,0,0,200,166,162.3,175
breakfast,4,9.95,0,1,200,157,169.5,171
lunch,0,6.11,0,0,200,173,190.6,188
dinner,0,2.56,0,0,175,158,137.6,155
lunch,3,2.47,0,0,200,189,183.9,180
dinner,1,7.87,0,0,200,188,178.0,190
breakfast,5,6.33,0,1,175,128,122.7,132
lunch,4,5.94,0,0,225,185,189.5,198
dinner,1,5.19,0,0,175,175,168.7,155
dinner,3,7.53,0,0,200,180,172.2,184
breakfast,3,8.72,0,0,200,152,175.9,165
lunch,1,3.73,0,0,150,147,134.4,142
breakfast,2,2.99,0,0,225,174,175.8,177
lunch,3,7.03,0,0,200,200,189.6,195
dinner,5,9.23,0,0,225,196,189.2,178
dinner,6,4.13,0,0,175,125,127.7,129
breakfast,4,3.45,0,0,200,135,137.8,153
dinner,1,3.04,0,0,200,171,165.8,174
lunch,2,3.29,0,0,175,152,156.4,155
lunch,1,2.21,0,0,200,194,163.3,185
lunch,2,6.37,0,0,200,175,168.5,179
lunch,2,3.53,0,0,200,196,182.5,174
lunch,5,6.53,0,0,200,160,157.2,164
lunch,4,1.75,0,0,225,195,185.5,192
lunch,3,2.04,0,0,200,173,166.1,179
breakfast,2,5.83,0,1,250,207,220.1,213
dinner,3,5.6,0,1,200,196,174.8,185
lunch,4,3.44,0,0,175,156,149.6,150
breakfast,3,8.44,0,0,175,146,150.4,148
dinner,5,2.68,0,0,175,119,135.0,121
dinner,5,4.25,0,1,200,155,143.5,167
dinner,0,6.0,0,0,200,198,172.2,177
lunch,5,8.8,0,0,175,142,149.4,150
breakfast,2,4.77,0,0,200,170,161.4,154
lunch,4,4.59,0,0,200,170,170.9,173
breakfast,5,6.22,0,0,200,119,121.5,126
dinner,1,3.85,0,0,200,185,171.3,199
breakfast,4,7.38,0,0,200,161,159.1,155
breakfast,2,3.24,0,0,200,150,140.5,160
lunch,4,8.41,0,0,250,244,245.7,221
lunch,5,3.45,0,1,200,161,160.7,168
dinner,1,9.93,0,1,225,212,199.5,218
lunch,0,3.85,0,1,200,193,182.0,190
breakfast,2,8.91,1,0,200,106,99.6,105
breakfast,6,4.58,0,0,250,168,149.3,151
lunch,2,3.21,1,0,225,135,123.2,139
breakfast,4,3.04,0,0,200,132,149.4,139
lunch,6,8.65,0,0,200,151,173.8,163
lunch,6,3.78,1,0,175,65,79.9,85
dinner,3,4.05,0,1,175,166,170.8,172
dinner,6,2.77,0,0,200,134,133.3,146
dinner,3,9.65,0,1,225,215,190.1,211
dinner,6,3.2,0,0,225,177,163.9,166
breakfast,1,3.23,0,0,225,183,184.7,181
breakfast,0,9.5,1,0,200,120,113.1,100
breakfast,0,9.11,1,0,175,106,92.7,93
dinner,6,3.24,0,1,200,146,155.7,152
dinner,4,8.78,0,0,200,194,172.6,184
dinner,4,3.25,0,0,200,171,174.7,155
breakfast,3,1.76,0,0,200,158,150.9,147
dinner,5,8.38,0,1,200,176,157.8,174
lunch,0,7.94,1,0,225,162,139.4,143
breakfast,5,3.65,0,1,225,140,139.3,153
lunch,0,1.81,0,0,225,201,196.2,202
breakfast,5,2.86,0,1,250,172,154.6,156
lunch,5,7.94,0,0,225,188,168.7,185
lunch,0,9.68,0,0,200,182,173.3,186
lunch,1,3.33,0,0,200,190,172.6,180
lunch,1,8.36,0,0,200,197,197.9,195
dinner,4,3.05,0,1,200,180,189.0,188
lunch,5,7.12,0,0,225,186,197.5,187
lunch,5,1.75,0,0,200,161,133.2,153
dinner,5,6.27,0,0,150,107,116.3,108
dinner,5,3.42,0,1,200,170,149.3,157
breakfast,5,9.33,0,0,175,126,131.5,123
lunch,3,3.61,0,0,175,150,170.1,154
breakfast,2,4.59,0,0,250,183,209.1,208
breakfast,5,8.57,0,1,175,118,113.9,129
lunch,3,4.94,0,0,175,145,145.7,168
dinner,1,3.15,0,0,175,172,156.5,160
breakfast,5,5.93,0,0,200,117,121.1,134
dinner,1,8.56,0,1,200,198,199.7,192
dinner,4,4.9,0,0,200,178,174.4,181
dinner,2,2.2,0,0,175,138,140.3,152
breakfast,0,4.45,0,0,200,146,162.8,151
dinner,2,9.59,0,0,200,176,186.1,189
breakfast,5,1.65,0,0,175,102,108.3,101
lunch,5,4.68,0,0,225,177,159.8,171
breakfast,2,6.83,0,0,200,156,159.3,159
breakfast,2,1.71,0,0,225,157,173.9,165
dinner,4,4.1,0,0,250,201,201.2,198
lunch,6,9.47,1,0,200,90,95.4,104
breakfast,1,1.28,0,1,225,179,184.4,186
breakfast,0,7.77,0,0,175,133,145.3,143
lunch,6,8.57,0,0,175,156,130.8,151
breakfast,2,3.49,0,1,200,163,146.6,167
dinner,0,2.93,0,0,175,161,140.6,158
breakfast,2,9.23,0,0,200,172,157.1,161
breakfast,1,7.88,0,0,175,149,130.4,147
lunch,0,2.02,0,0,200,191,189.5,182
lunch,6,2.91,0,0,225,172,154.7,164
lunch,3,6.59,0,0,150,150,143.9,150
breakfast,1,4.77,0,0,200,151,155.0,166
dinner,6,5.54,0,0,225,183,166.7,173
lunch,0,9.56,0,1,200,198,187.6,189
breakfast,2,4.78,0,0,150,116,122.1,106
lunch,6,8.94,0,1,200,182,179.5,177
dinner,2,6.95,0,1,175,161,150.8,163
breakfast,1,2.09,0,0,200,165,145.8,151
breakfast,1,7.7,0,1,250,215,221.8,221
dinner,6,5.68,0,1,200,168,152.3,154
lunch,2,3.03,0,0,225,212,184.0,198
lunch,0,3.61,0,1,225,206,204.8,217
breakfast,6,6.02,0,0,175,102,103.5,115
breakfast,3,6.42,0,1,200,181,153.6,170
lunch,4,9.71,0,0,250,221,220.1,226
breakfast,1,8.69,0,0,200,184,159.8,176
lunch,2,2.85,0,0,225,215,182.6,206
lunch,0,7.97,0,0,200,200,189.4,182
breakfast,1,1.07,0,0,225,163,161.2,175
dinner,0,2.17,1,0,150,86,78.7,83
dinner,1,2.8,0,1,225,216,222.3,216
dinner,2,6.37,0,0,200,170,162.9,177
breakfast,0,2.75,0,0,200,149,147.6,149
breakfast,2,4.29,0,0,200,152,150.9,144
lunch,0,3.19,0,0,200,185,183.6,181
breakfast,1,4.04,0,0,200,173,152.3,162
dinner,4,9.48,0,0,175,168,156.2,155
breakfast,4,9.98,0,0,225,192,190.0,180
lunch,6,7.17,1,0,200,91,90.5,93
lunch,3,6.15,0,1,150,150,128.0,142
lunch,3,7.38,0,0,200,187,194.5,196
breakfast,6,7.94,0,0,250,156,170.7,165
lunch,6,7.65,1,0,150,62,79.8,80
breakfast,5,1.74,0,0,175,93,114.1,109
dinner,2,3.79,0,0,200,186,171.3,184
breakfast,0,4.09,0,1,225,184,177.7,178
dinner,3,4.32,0,0,200,183,188.8,182
dinner,1,4.1,0,0,200,170,192.5,190
breakfast,6,8.08,0,0,250,178,158.5,174
dinner,4,7.73,0,0,175,152,139.7,152
breakfast,0,1.04,0,0,225,163,166.4,167
dinner,5,3.67,0,0,175,132,122.3,124
lunch,4,6.61,0,0,175,152,166.7,154
breakfast,6,2.08,0,0,175,97,108.3,98
lunch,0,1.64,0,0,225,211,212.0,205
breakfast,6,8.46,0,1,200,156,129.1,149
dinner,3,5.07,0,1,200,200,200.1,193
breakfast,3,8.7,0,0,200,153,163.8,165
lunch,2,8.41,1,0,200,129,123.7,135
lunch,5,9.04,0,0,200,158,157.0,166
dinner,0,1.43,0,0,250,210,209.8,219
breakfast,5,2.68,0,1,175,110,117.6,123
lunch,1,3.67,0,1,200,194,176.0,194
lunch,5,2.23,0,0,200,164,139.1,157
dinner,6,5.37,0,0,200,149,158.8,163
breakfast,6,8.19,0,0,250,180,175.2,170
breakfast,3,9.56,0,0,175,158,150.9,141
breakfast,2,9.01,0,0,250,204,215.7,204
dinner,6,5.12,0,1,225,185,186.0,174
breakfast,3,6.73,0,0,225,167,191.7,179
lunch,4,3.08,0,0,150,135,134.2,127
breakfast,3,4.63,0,0,250,206,184.8,193
dinner,0,8.84,0,1,225,212,207.5,213
dinner,2,1.26,1,0,200,114,113.1,115
lunch,6,5.79,0,1,175,153,141.4,146
lunch,0,8.86,0,0,200,177,178.5,197
breakfast,1,2.1,0,0,225,187,183.1,181
breakfast,1,9.84,0,0,200,177,180.0,172
breakfast,3,1.11,0,0,200,156,139.9,147
lunch,2,8.98,0,0,175,154,149.9,175
lunch,5,4.18,0,1,150,119,109.2,121
dinner,2,2.19,0,1,200,192,166.2,181
lunch,2,2.42,0,0,225,216,184.0,198
dinner,2,7.31,0,0,175,175,165.9,157
lunch,3,8.84,1,0,225,140,137.7,146
lunch,0,6.77,0,0,200,194,191.3,182
breakfast,3,9.36,1,0,225,125,112.5,115
lunch,5,8.58,0,0,200,174,175.8,173
lunch,0,1.08,0,1,175,173,158.7,155
dinner,5,7.02,0,1,250,209,214.1,211
dinner,4,3.74,0,0,225,178,184.7,186
breakfast,4,5.09,0,1,150,115,125.4,118
breakfast,6,1.85,0,0,200,103,120.1,118
lunch,6,3.54,0,0,200,157,151.3,153
lunch,0,6.69,0,0,225,215,212.7,214
breakfast,3,2.97,0,1,175,151,150.9,133
dinner,5,6.83,0,0,200,155,160.7,158
dinner,5,9.31,0,0,200,151,169.1,154
dinner,6,1.04,0,0,175,114,109.4,112
breakfast,6,8.07,0,0,150,102,104.3,106
dinner,1,6.77,0,0,200,176,189.9,192
dinner,5,1.42,0,0,200,149,137.4,141
lunch,3,8.11,1,0,200,121,130.5,130
lunch,1,3.02,0,0,225,218,209.1,213
dinner,3,3.39,1,0,200,127,108.1,116
lunch,2,1.84,1,0,175,105,99.6,99
lunch,5,5.81,0,0,200,168,162.9,155
lunch,2,5.48,0,1,150,150,131.4,134
lunch,4,4.12,0,0,250,219,227.2,213
breakfast,4,2.52,0,0,150,99,94.9,100
dinner,0,8.54,0,0,175,165,165.4,169
dinner,5,8.89,1,0,200,110,98.5,105
lunch,6,5.87,0,1,250,218,184.4,201
breakfast,1,3.2,0,1,175,133,151.1,141
lunch,2,1.86,0,0,200,187,176.1,176
breakfast,3,8.82,0,0,250,199,210.8,203
breakfast,5,1.86,0,0,200,128,116.6,128
lunch,0,1.12,0,0,200,178,185.1,187
lunch,3,5.22,0,0,250,237,206.3,225
lunch,2,7.58,0,0,200,194,176.1,195
breakfast,5,5.12,0,0,150,101,100.8,96
lunch,6,1.46,1,0,150,55,68.5,64
breakfast,2,7.21,0,0,200,168,171.0,164
dinner,5,6.78,0,1,175,148,136.1,144
lunch,5,7.13,0,1,200,160,164.3,169
dinner,2,2.9,1,0,200,107,119.8,113
breakfast,2,8.16,0,0,200,162,176.4,166
breakfast,3,5.31,0,0,150,110,109.7,119
dinner,0,5.83,0,0,225,199,197.2,216
breakfast,2,5.91,1,0,250,132,110.6,124
lunch,4,3.58,0,0,175,140,148.1,148
lunch,0,3.25,0,1,200,178,170.6,188
breakfast,4,1.04,0,0,225,148,139.1,153
dinner,3,4.57,0,0,175,146,161.0,155
lunch,2,5.37,0,0,200,199,176.5,187
breakfast,0,7.69,0,0,200,158,175.0,176
breakfast,6,1.6,0,0,225,134,135.1,131
breakfast,2,9.32,0,0,200,155,157.7,161
dinner,5,3.38,0,0,200,157,152.5,158
dinner,2,4.3,0,1,175,170,174.8,168
breakfast,6,1.44,0,0,200,108,113.2,109
breakfast,0,6.88,0,0,150,134,120.1,122
dinner,2,7.38,0,0,175,160,151.5,165
lunch,2,9.36,0,0,200,200,182.5,194
lunch,1,4.03,0,0,200,176,186.2,199
lunch,1,3.32,0,0,225,210,209.6,209
breakfast,0,7.53,0,0,200,174,167.9,162
lunch,0,7.36,0,0,150,145,152.1,142
dinner,5,9.43,0,0,225,194,193.8,183
breakfast,5,2.85,0,0,200,112,130.2,117
lunch,2,7.35,0,0,250,233,235.0,241
lunch,4,1.6,0,1,200,182,160.9,166
lunch,0,5.32,0,0,200,185,187.3,179
breakfast,6,2.07,0,0,175,90,100.0,97
dinner,2,6.88,0,0,175,173,144.5,163
lunch,4,6.41,0,0,175,155,143.4,153
lunch,1,1.44,0,0,200,176,186.8,185
breakfast,5,3.88,0,0,175,119,111.7,117
breakfast,6,4.56,0,0,225,125,150.6,133
breakfast,0,3.23,0,0,225,170,183.1,165
dinner,2,1.35,0,1,225,217,205.8,199
breakfast,1,3.87,0,1,150,114,114.8,132
dinner,3,8.13,0,0,150,130,132.6,141
lunch,1,4.24,0,0,200,180,174.2,184
lunch,2,3.91,0,0,225,210,200.7,209
lunch,5,9.48,0,0,150,112,131.1,123
lunch,4,1.37,0,0,175,134,152.5,148
breakfast,6,7.91,0,1,175,126,114.5,123
breakfast,6,5.35,0,0,175,118,108.9,104
lunch,3,9.5,0,1,200,183,192.9,194
lunch,6,4.54,0,0,175,136,127.6,131
breakfast,3,7.37,0,0,175,155,149.6,146
lunch,5,1.63,0,0,200,141,141.8,158
breakfast,3,9.36,0,1,200,169,172.1,180
breakfast,0,4.1,1,0,225,119,106.7,112
breakfast,2,5.72,0,0,175,136,134.2,143
dinner,6,2.25,0,0,200,135,153.4,141
breakfast,3,9.51,0,0,250,206,214.7,212
breakfast,1,7.06,1,0,225,122,125.5,120
breakfast,4,1.49,0,0,200,141,143.2,130
breakfast,2,2.4,0,0,225,164,169.6,173
lunch,5,4.6,0,0,200,170,139.0,161
breakfast,6,2.95,0,0,250,155,156.0,148
breakfast,1,3.74,0,0,200,143,158.4,150
lunch,0,9.98,0,0,200,186,170.3,198
lunch,3,6.93,0,0,200,175,169.9,190
dinner,1,9.3,0,0,200,194,185.5,195
lunch,2,4.92,0,0,200,181,194.4,183
breakfast,6,7.39,0,0,150,100,97.1,97
lunch,1,5.14,0,0,200,186,202.1,185
breakfast,0,3.95,0,0,225,165,181.5,183
lunch,4,5.67,0,1,150,150,140.9,150
lunch,3,4.85,0,0,225,216,194.2,205
breakfast,2,9.82,0,0,250,198,221.7,212
lunch,6,5.47,0,0,175,126,136.6,143
dinner,3,8.3,0,0,200,194,185.2,177
dinner,3,7.0,0,0,175,158,157.8,174
lunch,5,5.32,0,0,175,151,127.3,148
lunch,3,5.27,1,0,200,119,109.5,118
breakfast,1,4.08,1,0,200,108,101.3,94
breakfast,1,1.96,0,0,200,158,163.8,147
lunch,4,7.85,0,0,225,209,187.9,198
lunch,0,9.26,0,0,200,191,202.7,193
dinner,6,2.96,0,0,200,144,129.7,141
lunch,6,9.33,0,0,200,178,162.4,166
lunch,2,3.09,0,0,225,215,184.2,211
lunch,1,5.77,0,0,200,180,201.0,195
dinner,3,4.09,0,0,225,190,180.1,205
lunch,0,2.03,0,0,200,169,165.6,182
lunch,2,1.48,0,0,200,170,184.3,183
lunch,6,4.29,0,1,225,192,185.2,182
dinner,2,1.43,0,0,200,183,165.7,170
breakfast,2,1.94,1,0,175,89,82.7,72
dinner,6,2.28,0,0,175,118,125.9,129
lunch,2,1.02,0,1,200,191,173.3,191
lunch,4,2.38,1,0,200,111,112.1,105
lunch,2,6.2,0,0,200,173,178.0,186
lunch,0,8.38,0,0,200,192,198.2,190
breakfast,1,2.74,0,0,200,158,161.7,155
dinner,0,1.73,0,0,200,170,163.9,169
lunch,3,7.57,0,1,200,175,171.1,198
lunch,5,1.07,0,0,200,160,154.5,146
breakfast,4,7.61,0,0,200,162,146.7,156
lunch,4,2.18,1,0,200,112,103.0,106
lunch,3,3.05,0,0,225,211,177.6,197
lunch,6,2.08,1,0,200,84,88.2,84
dinner,0,3.23,0,0,175,153,144.9,150
lunch,0,8.18,1,0,175,126,112.2,108
dinner,3,2.19,0,0,200,173,183.4,172
lunch,6,9.95,0,1,200,187,158.4,177
dinner,5,3.94,0,0,150,121,100.3,116
breakfast,2,9.3,0,1,250,212,220.2,222
lunch,6,2.71,0,1,200,159,161.2,156
lunch,2,2.69,0,0,225,200,200.1,205
lunch,1,6.09,0,1,200,200,180.1,185
dinner,0,1.46,0,0,225,208,185.7,202
breakfast,0,8.21,0,1,150,138,119.2,131
breakfast,3,4.96,0,0,175,139,128.2,141
dinner,3,7.29,0,0,200,194,190.9,188
breakfast,2,2.57,0,0,200,161,148.9,151
lunch,6,6.78,0,0,225,182,188.4,179
lunch,0,6.35,0,0,200,175,172.7,183
dinner,0,7.8,0,0,150,135,136.6,142
breakfast,4,3.68,0,0,200,137,146.9,140
breakfast,1,9.4,0,1,225,210,191.6,201
lunch,1,9.65,0,0,200,200,177.3,196
dinner,2,8.81,0,0,175,162,149.6,163
lunch,5,6.15,0,1,225,184,203.2,198
breakfast,6,4.78,0,1,250,162,154.6,165
lunch,0,1.52,0,0,200,172,190.1,182
dinner,4,9.53,0,0,225,190,198.8,201
dinner,6,9.57,0,0,250,196,216.3,201
dinner,0,1.17,0,0,200,175,152.7,173
breakfast,3,4.21,0,1,250,212,203.7,207
breakfast,6,8.92,0,0,200,149,137.5,135
lunch,2,1.73,0,0,225,186,196.7,194
dinner,6,2.77,0,0,250,178,178.9,172
breakfast,5,9.81,0,0,200,129,139.3,141
breakfast,6,8.63,0,0,200,138,121.9,144
dinner,6,9.21,0,0,250,207,197.3,198
breakfast,6,2.28,0,0,175,118,102.8,111
lunch,1,2.9,0,0,200,183,175.0,189
lunch,0,6.45,0,0,225,199,213.3,217
lunch,5,5.52,0,0,200,167,153.0,153
dinner,2,3.69,0,1,200,196,193.8,191
lunch,1,8.95,0,0,150,150,126.0,145
lunch,0,9.11,0,0,200,190,167.6,190
lunch,4,3.63,1,0,200,118,110.3,114
lunch,2,2.4,0,0,150,122,144.4,131
lunch,0,2.34,0,0,175,143,152.1,160
breakfast,1,5.36,0,0,200,161,142.9,167
breakfast,1,2.2,0,0,225,177,164.2,164
breakfast,4,5.26,0,0,150,114,108.1,111
breakfast,2,5.16,0,0,200,158,167.5,151
lunch,2,8.96,0,0,150,138,128.4,138
dinner,5,3.67,0,0,200,137,159.7,152
dinner,0,6.05,0,1,200,194,202.9,192
dinner,5,7.69,0,0,225,179,181.5,177
lunch,1,6.36,1,0,150,90,91.6,109
lunch,1,9.59,0,0,225,206,210.3,214
lunch,6,6.42,0,0,225,187,184.7,174
breakfast,4,9.12,0,0,200,170,149.4,159
breakfast,4,3.21,0,0,200,142,151.7,135
lunch,2,6.05,0,0,150,145,126.5,143
dinner,5,5.89,0,0,200,153,146.9,155
breakfast,1,9.91,0,1,200,174,197.4,190
breakfast,6,2.84,0,0,175,115,104.7,100
dinner,0,2.27,0,0,200,181,174.7,179
breakfast,6,6.51,0,1,200,139,129.0,139
dinner,3,3.01,0,0,200,169,184.0,179
dinner,0,6.75,0,0,175,171,156.5,167
dinner,4,9.75,0,1,225,221,221.2,215
lunch,0,9.52,0,1,200,176,198.0,195
lunch,1,3.08,0,0,200,188,169.3,187
lunch,5,2.54,1,0,200,82,90.2,89
lunch,6,6.05,0,0,225,181,168.4,185
lunch,2,6.28,0,0,200,191,172.2,179
breakfast,5,6.96,0,0,175,103,105.8,111
lunch,3,7.67,0,0,200,195,168.9,188
lunch,2,6.41,0,0,200,194,192.9,185
dinner,3,2.01,0,0,150,114,133.7,129
dinner,3,8.11,0,0,200,186,182.2,187
lunch,1,1.72,0,1,150,136,141.0,139
breakfast,1,1.18,0,1,225,194,170.6,185
dinner,4,7.93,0,0,200,166,183.1,173
lunch,4,5.94,0,0,200,187,177.4,181
dinner,3,7.29,0,0,225,202,219.7,205
dinner,5,4.44,0,0,175,146,136.9,132
breakfast,4,1.1,0,0,200,125,122.0,132
dinner,1,3.98,0,0,150,143,142.7,148
breakfast,4,6.47,0,0,250,179,167.3,186
lunch,3,3.03,0,0,150,120,139.7,142
lunch,6,7.19,0,1,175,155,159.5,143
breakfast,2,8.15,0,1,200,184,170.8,173
dinner,5,5.09,0,0,200,147,142.5,156
breakfast,5,8.88,0,0,200,131,122.6,140
breakfast,0,8.69,0,0,225,201,170.2,184
lunch,4,8.9,0,0,175,167,158.9,162
dinner,5,6.95,0,0,200,166,164.5,164
dinner,6,3.74,0,0,150,119,116.0,103
dinner,6,5.33,0,0,225,154,171.8,174
dinner,1,7.39,0,0,225,214,191.1,215
lunch,2,2.9,0,0,200,191,194.1,182
breakfast,1,7.65,0,1,175,153,160.6,148
breakfast,4,5.93,0,1,225,169,173.8,184
lunch,3,1.86,0,0,250,211,229.4,211
dinner,6,6.02,0,0,150,127,113.7,112
lunch,6,1.6,0,0,200,138,145.1,142
dinner,0,1.13,0,1,250,237,244.9,228
lunch,0,9.01,0,0,200,188,197.6,189
breakfast,6,5.41,0,0,225,145,132.4,141
breakfast,2,5.89,0,0,175,125,128.1,140
dinner,5,3.52,0,0,175,118,119.8,136
dinner,5,5.88,0,0,200,156,151.5,170
dinner,6,2.52,0,0,200,136,137.9,135
breakfast,5,7.71,0,0,225,144,148.5,149
dinner,0,8.41,0,0,200,195,169.6,190
breakfast,3,8.7,0,0,175,139,132.5,142
breakfast,5,1.96,0,0,225,148,143.5,137
dinner,1,6.02,0,1,225,225,219.7,212
breakfast,6,8.28,0,0,200,132,127.5,134
lunch,5,2.15,1,0,175,88,75.7,87
breakfast,3,1.9,0,0,175,126,136.3,136
lunch,6,8.35,0,0,200,166,148.5,157
dinner,2,8.17,0,1,200,180,180.8,185
breakfast,2,5.04,0,0,175,150,142.5,132
dinner,0,1.99,0,0,175,141,151.2,145
breakfast,3,5.65,0,0,200,163,140.1,148
lunch,1,4.55,0,0,200,176,165.9,195
lunch,3,5.67,0,0,150,142,122.9,143
breakfast,1,4.96,0,0,200,160,162.8,158
breakfast,1,6.12,0,1,150,136,131.6,130
breakfast,3,7.54,0,1,175,139,133.3,146
dinner,6,7.97,0,0,175,151,124.2,131
lunch,4,6.84,0,0,200,175,184.4,184
breakfast,3,2.79,0,0,200,152,141.3,152
lunch,6,4.57,0,0,225,166,185.5,168
breakfast,1,1.64,0,0,175,134,126.3,142
dinner,6,5.07,0,0,175,119,124.1,138
dinner,6,9.73,1,0,225,127,109.9,108
lunch,5,6.78,0,0,200,165,169.4,155
dinner,2,2.39,0,0,175,167,151.7,155
lunch,2,3.42,0,0,200,189,191.4,193
breakfast,0,1.58,0,0,200,138,143.9,145
dinner,2,2.64,0,0,200,175,176.3,180
lunch,4,5.39,0,0,150,122,116.3,130
lunch,1,4.1,1,0,175,125,110.5,114
dinner,3,2.84,0,0,200,185,155.9,164
lunch,3,2.32,0,0,200,184,162.6,173
dinner,4,6.9,0,0,175,140,166.2,155
dinner,2,6.02,0,0,175,155,162.2,163
lunch,1,8.58,0,0,225,217,224.5,203
lunch,2,2.65,1,0,225,149,120.3,131
breakfast,6,8.63,0,0,150,91,96.6,98
dinner,0,6.2,1,0,250,159,164.2,159
lunch,2,3.4,0,0,200,172,175.1,181
breakfast,0,3.46,0,0,200,164,143.3,156
breakfast,3,4.51,0,0,200,153,150.3,161
lunch,1,5.14,0,0,200,175,185.1,189
breakfast,5,1.74,0,0,200,114,131.5,125
breakfast,6,8.58,0,0,200,144,127.4,139
lunch,0,2.09,0,0,225,206,215.4,199
lunch,2,5.35,1,0,200,140,133.9,124
lunch,6,4.45,0,0,200,166,147.4,156
breakfast,2,5.61,0,0,175,153,148.6,141
breakfast,6,8.99,0,1,150,104,111.8,115
dinner,3,9.9,0,0,200,188,200.8,192
lunch,4,1.18,0,0,200,151,175.7,165
breakfast,6,4.54,0,1,250,166,150.7,169
breakfast,5,8.36,1,0,150,68,61.4,55
lunch,4,3.94,0,0,150,124,127.1,120
breakfast,2,6.84,0,0,175,153,143.1,146
breakfast,4,9.93,0,0,200,160,149.5,153
breakfast,6,6.82,1,0,175,56,61.6,63
dinner,5,2.0,0,0,200,140,129.3,146
dinner,5,8.59,0,0,200,161,154.6,163
dinner,1,9.7,0,0,250,233,238.4,231
dinner,4,7.41,0,1,250,221,215.1,227
lunch,1,4.77,0,1,200,196,192.8,190
lunch,2,9.54,0,0,225,215,222.8,214
lunch,2,9.72,1,0,175,128,106.5,122
breakfast,2,9.42,0,0,150,137,126.1,123
lunch,3,4.71,0,0,150,147,136.5,131
dinner,4,8.11,1,0,150,80,92.2,93
lunch,0,6.89,0,0,225,208,217.2,222
lunch,5,2.62,0,0,200,154,147.6,155
breakfast,0,5.82,0,0,225,180,170.2,184
lunch,2,7.73,0,0,225,220,229.4,204
dinner,6,9.06,0,0,200,159,155.9,163
dinner,6,8.76,0,0,175,152,133.7,136
lunch,4,2.39,0,0,200,182,182.3,168
dinner,6,5.39,1,0,200,97,82.4,97
lunch,1,5.3,0,0,150,129,130.2,140
dinner,0,9.09,0,0,150,150,152.7,145
lunch,6,1.02,0,0,225,172,163.9,160
lunch,2,7.65,0,0,225,210,209.6,205
lunch,0,6.57,0,0,175,158,148.3,170
dinner,0,9.29,0,0,200,198,180.7,190
dinner,5,5.11,0,0,175,123,129.5,135
breakfast,0,6.92,0,0,225,173,178.8,184
breakfast,2,9.75,1,0,200,112,105.4,116
dinner,5,7.7,0,1,225,197,184.8,191
lunch,2,1.61,1,0,250,150,158.6,135
lunch,3,2.51,0,1,200,199,202.1,195
lunch,6,8.39,0,0,250,198,181.2,203
breakfast,3,4.01,0,0,150,108,105.1,110
dinner,6,7.35,0,0,200,162,165.6,159
dinner,3,7.3,0,0,200,186,174.6,178
breakfast,0,9.94,0,0,200,177,169.4,158
breakfast,4,5.23,0,1,200,167,164.3,163
dinner,2,7.64,0,0,225,205,205.6,217
breakfast,3,1.44,0,0,200,149,129.8,153
dinner,4,5.16,0,0,150,114,134.9,127
breakfast,3,2.68,0,0,250,187,193.9,186
lunch,6,8.57,0,0,225,177,161.7,180
dinner,3,8.56,0,0,200,176,199.2,181
dinner,4,3.13,1,0,175,103,98.8,92
lunch,3,3.86,0,0,200,171,169.2,179
dinner,0,7.32,0,0,150,150,125.4,134
lunch,0,7.64,0,0,200,187,182.5,197
breakfast,5,6.92,0,0,200,146,141.4,130
dinner,0,9.97,0,0,200,200,185.5,198
dinner,1,8.82,0,0,250,229,221.9,242
lunch,5,4.75,0,0,225,168,164.0,178
lunch,3,3.94,1,0,250,140,143.6,144
breakfast,1,6.37,0,0,250,195,222.2,210
breakfast,2,8.36,0,0,175,145,153.1,155
lunch,4,5.28,0,0,200,190,174.1,173
dinner,2,7.64,0,0,200,178,195.8,190
lunch,1,1.17,1,0,150,90,84.9,88
dinner,0,9.33,0,0,200,189,190.6,181
breakfast,6,7.96,0,0,200,123,140.3,133
lunch,3,4.55,0,0,200,187,173.5,181
breakfast,5,4.46,0,0,225,136,149.8,138
lunch,6,1.93,0,0,200,133,146.4,151
breakfast,6,8.35,0,0,200,127,134.4,130
dinner,3,7.92,0,0,225,215,186.5,207
breakfast,0,6.67,0,0,200,155,171.7,165
dinner,3,1.91,0,0,225,183,200.8,188
lunch,4,3.36,0,1,250,230,201.4,231
dinner,6,5.13,0,0,200,159,150.3,151
lunch,4,3.39,0,0,200,172,177.0,173
dinner,4,4.91,0,0,225,193,200.5,199
breakfast,2,3.03,0,1,225,185,164.3,181
dinner,0,4.15,0,0,225,198,203.6,197
dinner,4,6.87,0,0,200,176,163.1,163
breakfast,1,9.03,0,0,225,206,187.3,189
breakfast,4,4.47,0,0,175,117,126.1,127
lunch,5,7.23,0,0,225,170,162.0,180
dinner,2,2.21,0,0,200,166,164.5,177
lunch,1,5.87,0,1,225,217,221.4,207
lunch,6,9.3,0,0,175,141,149.9,141
breakfast,0,1.25,0,1,150,127,112.6,122
breakfast,0,3.41,0,0,150,115,111.4,120
dinner,5,2.19,1,0,175,61,79.5,84
breakfast,6,5.8,1,0,175,48,54.3,56
lunch,4,7.12,0,0,200,173,185.7,175
dinner,1,1.52,0,0,200,163,170.2,181
breakfast,5,1.63,0,0,200,127,130.4,121
lunch,1,8.83,0,1,175,157,166.1,163
breakfast,4,5.11,0,0,225,156,151.0,161
lunch,6,5.17,0,0,200,148,140.8,149
breakfast,4,9.5,0,0,175,125,122.2,136
dinner,3,3.88,0,0,200,167,181.1,190
breakfast,3,9.07,0,0,225,193,180.2,186
lunch,4,9.77,0,0,200,200,165.0,191
lunch,2,3.18,0,0,200,184,163.0,176
breakfast,5,5.63,0,0,250,176,153.8,153
dinner,3,5.81,0,0,175,169,153.4,162
breakfast,4,8.8,0,0,200,143,167.6,152
lunch,1,3.74,0,0,200,189,183.8,181
breakfast,5,8.18,0,0,250,184,182.1,172
dinner,6,9.74,0,0,200,175,149.7,168
breakfast,3,8.56,0,0,200,165,155.2,169
lunch,6,9.18,0,0,250,212,216.5,202
breakfast,2,7.38,0,1,200,161,169.2,175
dinner,5,9.14,0,0,250,191,203.6,206
breakfast,5,2.48,1,0,225,69,70.6,74
dinner,0,7.41,0,0,175,170,165.5,162
dinner,1,7.59,0,0,175,175,165.6,169
breakfast,2,4.95,0,0,200,144,160.0,160
lunch,2,1.72,0,0,150,145,121.0,135
breakfast,6,6.6,0,0,200,124,131.9,123
lunch,2,1.47,0,0,225,193,181.1,199
dinner,1,4.44,0,0,200,171,174.4,189
lunch,2,4.54,0,0,200,177,192.5,173
lunch,0,9.99,0,0,250,237,237.4,243
breakfast,3,3.7,0,0,175,135,142.8,137
lunch,1,8.38,0,0,200,179,176.8,192
breakfast,2,1.48,1,0,150,77,71.3,70
dinner,4,5.77,0,0,175,151,153.3,152
lunch,3,5.83,0,0,225,219,199.4,204
dinner,6,6.66,1,0,200,93,96.5,92
breakfast,5,8.29,0,0,225,157,166.0,155
breakfast,1,7.86,0,0,200,158,174.0,167
lunch,4,7.85,0,0,225,193,180.7,207
breakfast,5,4.89,0,0,200,136,113.8,131
lunch,4,7.55,0,0,200,179,164.8,182
dinner,2,5.42,0,0,200,168,192.2,186
dinner,1,1.6,0,0,200,185,182.3,180
lunch,6,9.01,1,0,250,115,130.0,124
lunch,2,9.01,0,0,250,236,241.5,243
breakfast,5,3.91,0,0,250,147,159.6,156
dinner,6,9.23,0,0,150,131,113.9,122
breakfast,0,7.82,0,0,225,182,189.5,184
dinner,4,4.61,0,0,225,199,204.9,192
lunch,0,3.98,1,0,225,136,142.1,144
lunch,5,9.78,0,0,200,168,178.0,168
dinner,2,7.41,0,0,225,203,195.7,213
breakfast,6,4.41,1,0,200,57,60.8,69
lunch,6,6.78,0,0,225,167,174.7,182
lunch,6,6.14,0,0,225,185,171.5,179
breakfast,3,5.72,1,0,225,118,106.1,120
lunch,4,6.8,0,0,225,189,203.6,202
lunch,3,5.84,0,0,175,153,170.3,167
dinner,1,6.89,0,0,250,229,250.6,250
breakfast,4,9.17,0,0,175,138,125.6,135
dinner,0,9.94,0,0,200,191,170.6,198
breakfast,3,7.38,0,1,200,182,161.1,174
breakfast,5,9.35,0,0,225,151,161.3,166
breakfast,1,8.73,0,0,225,197,199.4,193
breakfast,4,3.66,0,0,250,165,172.2,184
breakfast,6,9.4,0,0,175,122,112.1,112
dinner,5,1.64,0,0,200,147,131.4,139
breakfast,1,3.97,0,0,175,152,128.9,142
breakfast,0,6.76,0,1,200,174,154.8,175
breakfast,6,5.74,0,0,175,115,104.4,107
dinner,5,5.88,0,0,225,164,177.7,179
dinner,4,8.15,0,0,250,219,202.9,226
breakfast,1,2.75,0,0,200,141,147.3,159
breakfast,2,9.84,0,0,225,201,187.3,195
breakfast,4,4.94,0,0,200,153,139.0,140
breakfast,4,9.55,0,0,200,153,152.9,162
breakfast,6,4.45,0,0,175,104,106.8,112
lunch,4,6.42,0,1,225,202,220.5,209
breakfast,6,5.05,0,0,175,123,115.3,104
lunch,4,7.08,0,0,175,162,145.1,156
breakfast,2,2.65,0,0,250,196,181.2,188
dinner,5,4.61,0,0,200,155,152.2,151
dinner,5,1.62,0,0,225,156,160.7,165
lunch,5,6.38,0,0,225,187,162.2,187
lunch,0,9.66,0,0,200,189,180.3,192
lunch,2,1.41,0,0,175,142,143.5,150
lunch,2,6.94,0,1,150,142,136.8,144
dinner,1,7.98,0,0,250,241,224.6,235
lunch,3,2.92,0,0,200,175,182.4,177
dinner,5,3.46,0,0,200,163,144.0,147
dinner,3,2.81,0,0,225,182,181.9,197
lunch,1,3.68,0,0,175,167,163.6,163
lunch,2,1.99,0,0,200,187,182.5,175
breakfast,1,4.33,0,0,150,124,108.2,122
breakfast,4,4.32,0,0,200,143,135.8,145
lunch,1,8.27,0,0,200,198,175.1,188
breakfast,1,8.21,0,0,250,215,195.1,213
dinner,6,8.17,0,0,250,194,208.9,196
breakfast,4,6.1,0,1,175,145,126.7,138
lunch,6,3.93,0,0,200,153,159.2,156
lunch,3,4.7,0,0,225,220,197.5,211
dinner,4,3.86,0,1,175,165,157.3,153
lunch,0,6.24,0,0,200,188,182.0,190
dinner,1,9.44,0,0,175,175,166.0,164
lunch,1,3.56,1,0,175,124,108.9,109
lunch,6,5.13,1,0,225,100,102.5,103
breakfast,3,6.9,0,0,200,151,149.6,155
lunch,6,8.6,0,1,175,137,161.0,151
dinner,2,3.28,0,0,200,165,188.2,176
lunch,4,3.52,1,0,200,118,100.2,110
dinner,2,8.97,0,0,225,222,197.0,219
lunch,0,1.72,0,0,225,213,199.0,202
breakfast,4,6.45,0,1,200,167,173.3,163
breakfast,0,8.74,0,0,200,154,170.2,174
breakfast,0,9.3,0,0,225,174,197.3,191
dinner,0,1.11,0,0,250,215,202.7,225
dinner,5,4.33,0,0,175,140,122.9,131
breakfast,4,3.32,0,1,225,180,160.1,173
lunch,4,6.11,0,0,200,168,173.8,183
lunch,5,6.7,0,1,225,196,203.0,183
lunch,3,10.0,0,0,200,179,175.4,191
breakfast,5,5.61,0,0,225,154,146.1,160
breakfast,1,5.96,0,0,200,154,170.8,159
breakfast,2,4.73,0,1,175,137,143.1,153
breakfast,2,2.33,0,0,150,102,108.9,112
breakfast,0,3.73,1,0,200,106,89.2,108
breakfast,4,3.22,1,0,200,68,83.0,79
lunch,4,8.21,0,1,175,175,173.2,162
breakfast,0,5.91,0,0,225,191,194.3,175
dinner,1,3.67,0,0,225,210,216.0,206
breakfast,2,5.4,1,0,225,97,107.7,109
lunch,5,2.97,0,1,250,213,181.9,200
lunch,3,2.67,0,0,200,172,160.9,180
breakfast,6,8.74,0,0,225,137,133.8,154
dinner,1,9.5,0,0,250,241,225.8,227
breakfast,4,1.72,0,0,200,138,136.7,145
dinner,6,7.88,0,0,200,162,162.9,150
dinner,0,5.08,0,0,200,187,163.3,180
lunch,2,4.5,0,0,250,222,213.8,229
lunch,6,7.2,0,0,200,153,156.2,161
lunch,0,3.4,0,0,200,174,191.1,178
lunch,4,1.19,0,0,200,176,149.0,170
lunch,0,2.93,0,0,175,143,146.7,154
breakfast,5,2.66,0,0,225,152,137.4,144
breakfast,6,1.31,0,0,225,123,123.8,130
lunch,6,3.89,0,0,200,151,162.9,152
lunch,2,5.27,0,0,200,184,180.5,191
dinner,0,7.62,1,0,150,99,102.0,95
breakfast,2,3.93,0,0,175,146,145.3,147
dinner,6,2.75,0,1,150,127,107.2,114
breakfast,0,3.08,0,0,225,186,162.6,173
lunch,0,9.02,0,0,175,160,156.8,174
breakfast,2,2.84,0,1,150,124,118.0,125
lunch,5,8.91,1,0,175,107,83.0,97
breakfast,0,5.02,0,0,200,144,164.6,156
lunch,5,9.41,0,0,200,157,152.2,158
dinner,1,4.67,0,0,225,221,220.2,205
lunch,3,2.6,1,0,175,89,102.5,103
lunch,1,5.94,0,0,225,217,208.0,209
dinner,3,6.29,0,0,225,192,207.5,205
dinner,1,6.72,0,0,225,221,227.2,206
lunch,3,4.7,0,0,175,153,150.3,160
breakfast,0,1.44,0,0,175,125,121.4,126
dinner,2,6.64,0,0,150,139,132.6,131
lunch,2,9.4,0,0,200,200,185.7,191
breakfast,4,9.62,0,0,200,171,142.3,159
breakfast,3,6.37,0,0,200,157,161.5,157
dinner,4,1.18,0,1,200,186,169.3,167
breakfast,5,1.95,1,0,225,68,69.2,65
dinner,5,8.51,0,0,200,168,150.6,169
breakfast,4,8.47,0,1,200,170,174.0,169
dinner,3,9.51,0,0,150,137,136.3,139
lunch,2,6.07,0,0,200,183,190.0,185
lunch,3,8.77,0,0,200,200,176.3,185
dinner,5,8.42,0,0,150,123,126.2,120
lunch,0,6.3,0,0,200,184,177.6,195
lunch,4,8.05,0,0,250,237,243.7,231
breakfast,4,2.13,0,0,225,156,153.4,162
breakfast,5,6.75,0,0,225,153,136.4,144
breakfast,3,9.58,0,0,225,189,187.4,184
dinner,4,2.46,0,0,225,174,184.4,187
breakfast,2,7.7,0,0,200,161,158.1,153
breakfast,4,3.89,0,0,200,131,151.4,142
lunch,3,8.35,0,0,200,193,183.2,186
lunch,5,7.27,0,0,225,176,166.0,190
dinner,2,9.34,0,0,225,220,188.7,217
breakfast,2,7.41,0,0,150,117,129.1,124
breakfast,4,4.69,0,0,250,185,179.1,184
dinner,3,1.1,0,0,175,159,147.9,152
breakfast,4,8.14,0,0,200,144,140.0,154
dinner,6,4.68,0,0,200,154,145.7,154
dinner,0,7.04,0,0,175,156,160.8,158
dinner,5,1.95,0,0,200,146,142.1,141
breakfast,6,9.02,0,0,200,131,144.6,135
dinner,0,4.92,0,0,200,166,180.0,182
dinner,2,9.28,0,0,200,191,204.2,196
lunch,4,7.36,0,0,225,202,185.8,200
lunch,0,2.09,0,0,200,189,190.2,179
breakfast,1,6.21,0,0,175,135,142.6,145
breakfast,0,9.19,0,0,225,196,177.5,186
lunch,4,8.2,0,1,200,200,195.5,193
lunch,4,4.76,0,0,150,131,129.9,126
lunch,5,9.6,1,0,200,108,108.5,108
lunch,0,3.42,0,0,200,190,166.4,184
lunch,4,4.38,0,0,225,184,199.1,198
lunch,4,7.75,0,0,175,173,149.3,160
dinner,6,3.1,0,0,200,152,137.9,139
breakfast,5,5.64,0,0,150,104,104.0,103
lunch,6,7.56,0,1,225,190,174.9,191
breakfast,5,6.8,0,0,200,135,141.7,126
lunch,5,2.4,0,0,225,156,166.6,164
dinner,6,6.67,0,0,200,146,141.0,147
dinner,5,6.15,0,0,200,146,162.6,150
breakfast,1,6.02,0,0,225,176,186.9,184
dinner,2,8.43,0,0,200,198,180.4,178
breakfast,4,2.66,0,0,200,154,133.5,146
lunch,3,7.76,0,1,200,190,183.2,196
breakfast,5,7.85,0,0,225,142,138.8,158
dinner,2,7.5,1,0,200,132,132.3,121
lunch,5,5.55,0,0,200,161,148.8,162
lunch,2,4.56,0,0,175,165,168.3,166
dinner,3,4.55,0,0,225,196,206.3,211
breakfast,0,7.6,0,0,200,150,175.2,157
breakfast,1,5.48,0,0,200,154,146.7,167
dinner,4,4.05,0,0,175,162,140.6,146
breakfast,0,6.63,0,0,225,196,182.9,184
breakfast,6,8.53,0,0,250,167,176.7,165
lunch,3,1.55,0,1,200,196,168.6,187
lunch,1,9.75,0,1,200,183,199.9,200
breakfast,1,1.87,0,0,225,184,154.6,169
breakfast,1,5.61,0,0,225,169,178.4,177
breakfast,3,6.04,0,0,250,186,177.6,195
lunch,5,2.24,0,0,175,143,120.1,135
dinner,5,9.24,0,0,200,163,169.7,167
dinner,6,5.24,0,0,200,142,132.6,141
lunch,5,2.29,0,0,200,160,149.7,150
breakfast,0,7.4,1,0,250,117,116.1,132
dinner,4,6.97,0,1,175,155,169.9,164
lunch,1,9.67,0,1,225,204,221.9,214
breakfast,6,4.97,0,0,200,122,127.6,132
dinner,6,3.41,1,0,200,75,88.7,85
dinner,1,1.54,0,0,200,181,176.7,179
dinner,0,7.6,0,0,200,194,183.7,183
dinner,5,6.56,1,0,225,115,104.9,116
breakfast,1,9.75,0,0,200,175,175.1,167
breakfast,1,7.41,0,0,225,191,179.8,185
dinner,3,9.4,0,1,200,185,167.3,190
breakfast,2,9.92,0,0,175,138,133.2,146
lunch,6,4.86,0,0,200,141,154.6,155
dinner,0,2.35,0,0,225,184,187.7,190
dinner,0,2.76,0,0,225,211,213.4,189
lunch,5,3.87,0,0,225,178,165.4,169
dinner,0,5.58,0,0,200,173,165.0,189
dinner,5,2.1,0,0,200,146,139.0,137
lunch,3,3.72,0,1,200,177,193.3,192
breakfast,3,3.77,0,1,225,184,180.4,188
breakfast,4,1.04,0,0,200,152,138.3,139
breakfast,5,4.19,0,0,225,150,129.9,139
breakfast,6,2.05,0,0,150,75,93.0,85
breakfast,3,4.87,0,0,200,164,164.4,160
breakfast,5,2.77,0,0,225,140,127.3,140
lunch,6,8.4,0,0,200,168,162.8,163
dinner,6,1.72,0,0,200,143,131.5,141
breakfast,0,8.79,0,0,225,182,171.4,188
dinner,4,6.22,0,0,150,119,120.6,132
dinner,2,5.13,0,0,200,187,179.1,187
breakfast,1,5.95,0,0,225,180,194.5,181
dinner,1,4.38,0,0,250,222,240.1,225
lunch,4,2.15,0,0,225,177,172.6,190
lunch,5,7.89,0,0,175,139,141.4,143
dinner,5,9.35,0,0,225,181,167.5,184
breakfast,5,9.55,0,1,200,159,145.1,160
dinner,2,7.04,0,0,225,203,208.4,207
breakfast,6,4.69,0,0,175,108,113.6,113
dinner,1,5.31,1,0,200,122,132.6,124
lunch,4,6.91,0,0,250,219,199.2,228
lunch,5,8.41,0,0,250,218,210.7,208
breakfast,3,4.37,0,0,175,140,129.9,137
dinner,0,9.25,0,0,150,130,139.0,145
dinner,2,3.92,1,0,250,140,137.7,146
lunch,5,5.78,0,0,200,172,141.0,147
lunch,1,9.65,0,0,175,159,173.8,171
lunch,0,9.44,0,0,200,180,176.0,178
dinner,4,7.26,0,0,175,146,163.7,152
lunch,5,3.92,0,1,150,125,110.8,119
dinner,1,2.97,0,0,250,214,217.3,230
dinner,0,1.72,0,1,175,147,165.6,169
lunch,3,7.38,1,0,175,114,105.2,113
breakfast,2,5.53,0,0,200,172,170.7,157
lunch,4,6.15,0,0,200,189,179.3,174
dinner,1,5.25,0,0,200,177,171.8,188
breakfast,6,5.35,0,0,250,153,164.1,151
lunch,3,6.14,0,0,150,150,150.8,131
dinner,2,9.23,0,0,250,241,220.4,233
lunch,2,1.26,0,0,200,179,184.9,175
lunch,6,8.21,0,0,200,166,173.1,150
breakfast,3,4.51,0,1,175,135,133.1,152
breakfast,1,7.7,0,0,200,170,155.7,165
dinner,2,9.54,0,0,150,149,145.3,137
breakfast,4,3.76,0,0,200,148,155.2,149
breakfast,0,1.81,0,0,200,148,152.9,143
dinner,4,3.09,0,0,200,159,163.8,165
lunch,5,3.0,0,0,225,163,155.0,173
dinner,2,7.68,0,0,200,173,200.2,183
dinner,0,1.56,0,1,150,146,122.5,136
breakfast,3,1.46,0,1,150,108,108.8,120
breakfast,0,7.24,0,1,225,207,189.2,192
dinner,0,6.01,0,1,175,175,162.7,175
lunch,6,4.76,0,0,200,141,136.3,152
breakfast,0,6.18,0,0,175,140,125.5,140
dinner,2,7.62,1,0,200,127,115.8,127
breakfast,6,1.93,1,0,200,64,51.5,58
dinner,6,5.98,0,0,200,154,163.5,149
breakfast,5,8.42,0,0,200,140,128.0,144
breakfast,5,4.26,0,0,200,120,135.2,135
breakfast,6,7.87,0,0,225,143,154.5,152
dinner,6,8.61,0,0,225,167,181.8,178
dinner,1,8.39,1,0,200,125,135.6,132
dinner,5,6.85,0,0,175,139,135.2,136
lunch,2,7.46,0,0,175,156,164.8,175
lunch,1,8.09,1,0,225,149,163.0,152
breakfast,3,7.6,0,0,175,152,146.0,132
lunch,3,5.07,0,0,200,178,170.4,192
lunch,3,2.43,0,0,175,146,139.6,148
lunch,3,3.79,0,0,175,168,148.3,153
breakfast,3,2.87,0,0,175,123,119.7,132
dinner,4,4.25,0,0,150,121,136.0,127
breakfast,6,5.4,0,1,175,116,113.8,119
dinner,2,9.63,0,0,200,177,173.8,191
breakfast,1,9.64,0,1,225,218,206.9,203
lunch,3,7.93,0,1,150,150,136.3,134
lunch,4,9.82,0,0,200,199,172.7,185
lunch,5,9.98,1,0,200,102,97.2,103
lunch,4,8.97,0,0,175,151,145.6,166
lunch,4,1.72,0,0,150,135,125.1,123
lunch,2,4.83,0,0,200,185,190.6,184
dinner,3,5.81,0,1,225,225,226.9,220
dinner,4,2.12,0,0,200,160,164.5,166
dinner,6,8.28,0,1,225,195,190.0,184
breakfast,4,2.34,0,0,200,148,130.9,139
lunch,3,4.45,0,0,225,214,191.6,205
lunch,2,1.62,0,0,175,157,149.3,158
lunch,4,5.72,1,0,225,142,139.1,132
lunch,1,6.37,0,0,200,189,183.7,186
breakfast,0,7.62,0,0,225,173,170.7,190
breakfast,5,4.06,0,1,175,112,127.7,114
breakfast,0,6.31,0,1,200,163,164.6,174
breakfast,0,7.61,0,0,225,187,164.8,185
dinner,2,7.86,0,0,200,177,185.9,188
lunch,4,3.71,1,0,200,124,112.6,107
dinner,0,1.61,0,0,225,183,208.9,182
dinner,0,1.34,1,0,175,103,103.1,91
breakfast,5,7.91,0,0,200,138,122.4,138
dinner,3,4.47,0,0,225,207,197.5,203
dinner,6,2.21,0,1,225,168,166.3,180
lunch,6,2.66,0,0,175,114,123.7,129
lunch,4,7.9,0,0,225,197,186.1,205
dinner,4,6.39,0,0,150,143,125.1,127
lunch,5,5.51,0,1,225,200,185.1,188
dinner,3,6.61,0,0,175,153,147.8,160
breakfast,4,2.24,0,0,200,152,140.3,149
breakfast,6,3.87,0,0,150,97,85.0,94
lunch,6,4.37,0,0,225,168,154.6,169
lunch,1,3.83,0,0,200,193,201.4,184
dinner,5,8.78,0,0,225,168,186.2,172
dinner,2,6.23,0,0,200,174,183.8,177
lunch,3,7.56,0,1,225,198,201.4,211
breakfast,5,3.13,0,1,200,133,124.4,135
dinner,0,3.38,0,0,225,189,181.3,196
lunch,4,3.03,0,0,225,189,171.4,198
breakfast,1,7.19,0,0,175,155,148.9,150
lunch,6,4.14,0,0,200,140,141.2,153
dinner,1,4.65,0,1,225,212,201.0,219
dinner,2,7.38,0,0,225,225,192.5,217
lunch,5,9.75,0,0,200,156,152.7,166
breakfast,1,2.46,0,0,200,167,151.7,153
dinner,5,1.56,0,0,200,159,148.7,144
lunch,4,2.75,0,0,225,179,205.9,189
lunch,4,7.61,0,0,150,123,128.9,128
breakfast,6,2.75,0,0,150,94,91.1,92
dinner,1,6.26,0,0,225,208,191.5,212
breakfast,4,6.31,0,1,200,173,159.6,167
breakfast,5,3.65,0,1,200,146,133.8,129
lunch,6,1.62,0,0,225,162,145.4,168
breakfast,4,4.59,0,0,225,155,161.1,175
lunch,6,2.68,0,0,225,169,162.5,162
breakfast,0,2.66,0,0,200,166,145.1,149
lunch,5,5.7,0,0,175,128,138.3,140
breakfast,6,7.06,0,0,200,137,115.6,132
breakfast,3,1.68,0,0,250,186,194.0,174
breakfast,4,6.2,0,0,200,153,147.6,154
dinner,4,3.22,0,1,200,188,156.9,168
dinner,5,7.06,0,0,225,184,191.7,182
breakfast,2,8.29,0,0,150,134,118.6,115
dinner,3,8.26,0,0,225,213,227.3,207
lunch,6,4.33,0,0,175,141,121.8,138
dinner,3,6.11,0,0,175,166,140.9,156
lunch,6,8.14,0,0,200,157,164.7,166
dinner,3,1.55,0,0,175,152,160.4,150
breakfast,1,6.45,0,0,200,154,147.8,166
lunch,0,8.53,1,0,250,165,172.6,166
dinner,0,4.35,0,0,200,168,160.9,175
lunch,2,5.1,0,1,250,239,246.2,246
breakfast,3,7.29,0,0,250,205,200.2,202
breakfast,3,1.61,0,0,175,122,133.7,121
dinner,4,4.47,0,0,200,180,162.2,173
lunch,6,3.66,0,0,250,174,199.5,181
lunch,5,1.15,0,0,175,140,122.3,129
dinner,1,2.76,0,0,200,174,168.6,173
breakfast,1,4.56,0,0,200,157,171.5,155
breakfast,2,2.78,0,0,225,161,154.7,172
dinner,0,6.42,0,0,175,166,161.8,163
breakfast,3,5.04,0,0,175,128,135.3,130
breakfast,5,1.36,0,0,175,103,98.3,107
lunch,2,3.48,0,0,175,147,150.0,150
dinner,6,1.18,1,0,175,79,65.6,76
breakfast,1,4.22,1,0,200,110,104.9,100
dinner,1,3.33,0,0,225,207,195.4,204
dinner,1,7.19,0,1,200,181,180.8,186
breakfast,3,3.77,0,0,200,152,154.1,149
dinner,3,4.38,0,0,225,189,195.8,204
lunch,3,7.53,0,1,200,200,183.4,192
lunch,4,5.33,0,0,200,187,179.9,181
dinner,0,6.01,0,0,200,185,177.1,180
dinner,6,8.57,0,1,225,192,174.7,188
breakfast,1,2.86,0,1,175,155,150.1,148
lunch,1,9.9,0,0,250,250,211.8,236
lunch,4,9.1,0,1,225,222,230.0,215
lunch,1,3.58,0,0,200,191,185.9,183
lunch,6,9.04,0,0,200,177,150.5,157
breakfast,1,7.79,1,0,225,111,112.2,124
dinner,3,9.38,0,1,200,185,177.6,183
lunch,3,7.22,0,0,200,177,199.6,199
breakfast,0,7.07,1,0,225,113,120.2,113
dinner,6,1.03,0,1,200,138,136.3,148
dinner,6,5.27,0,1,200,148,160.0,161
lunch,1,2.8,0,0,150,124,146.6,140
breakfast,2,3.92,0,0,175,126,138.6,133
lunch,1,9.81,0,0,200,193,189.5,191
breakfast,1,1.77,0,0,150,100,106.0,112
breakfast,0,7.5,0,1,200,170,186.0,180
dinner,2,2.56,0,0,200,187,186.3,180
breakfast,1,1.07,0,0,175,143,125.6,130
breakfast,5,5.51,0,0,150,101,96.0,96
breakfast,5,2.45,0,0,150,101,82.5,89
breakfast,6,9.69,0,0,200,133,137.9,137
breakfast,6,2.83,0,1,175,107,101.6,116
dinner,2,2.73,0,1,200,196,197.4,189
breakfast,5,1.29,0,0,200,112,127.8,122
breakfast,3,3.97,1,0,150,55,65.5,71
breakfast,3,1.22,0,0,150,100,113.1,110
dinner,2,5.49,1,0,250,147,148.1,158
lunch,1,5.55,0,1,175,151,174.1,164
lunch,6,1.48,0,0,225,165,145.4,173
dinner,2,3.16,0,0,175,142,152.1,162
lunch,5,8.49,0,1,200,171,168.9,175
lunch,2,5.16,0,0,150,150,129.6,139
breakfast,5,4.91,0,0,200,127,118.9,114
lunch,6,7.29,0,0,200,149,161.4,153
breakfast,3,7.43,0,0,225,177,167.5,180
dinner,2,7.86,0,1,250,228,238.5,235
breakfast,6,8.47,1,0,200,66,70.9,77
lunch,6,3.09,0,0,250,195,172.7,190
breakfast,4,1.6,0,0,175,129,126.5,114
breakfast,5,4.42,0,0,200,134,122.0,122
lunch,4,8.7,0,0,225,196,182.8,200
dinner,3,1.7,0,0,200,182,180.6,165
lunch,6,6.18,0,0,200,158,147.1,156
lunch,6,7.31,0,0,200,158,166.1,164
breakfast,1,5.33,1,0,150,85,76.2,83
breakfast,5,3.3,0,0,150,99,99.3,100
breakfast,1,3.94,0,0,150,129,114.7,110
breakfast,3,1.64,1,0,175,78,69.5,74
breakfast,1,3.63,0,0,150,106,105.1,120
breakfast,6,1.4,0,1,175,105,115.0,115
dinner,5,7.54,0,0,200,170,165.7,147
breakfast,0,9.08,0,0,175,158,134.2,142
lunch,5,6.7,0,0,200,161,173.5,169
lunch,5,6.91,0,0,150,128,129.4,121
lunch,4,5.25,0,0,175,164,146.8,161
lunch,0,2.4,0,1,250,229,215.6,240
breakfast,0,1.07,0,0,150,116,104.0,108
breakfast,0,4.1,0,0,225,185,186.5,178
dinner,5,7.76,0,0,225,172,180.3,185
dinner,3,9.64,0,0,250,250,251.9,235
breakfast,0,4.88,1,0,225,107,96.4,105
breakfast,2,4.29,0,0,225,169,188.7,170
dinner,1,5.01,0,0,175,159,162.9,166
lunch,3,4.85,0,0,225,200,188.9,210
lunch,2,6.63,0,0,200,179,185.5,185
lunch,5,7.61,0,0,200,166,171.2,158
breakfast,5,8.06,0,1,175,128,116.3,125
lunch,2,6.85,0,0,150,150,142.2,141
lunch,4,4.94,0,0,200,189,178.3,179
breakfast,4,9.55,0,0,225,190,171.3,186
lunch,2,7.4,0,0,200,192,187.8,187
dinner,4,4.84,0,0,175,158,157.1,158
lunch,1,5.02,0,0,175,170,177.7,161
breakfast,1,8.36,0,0,175,156,146.6,151
lunch,5,4.96,0,0,150,127,120.4,124
dinner,4,5.65,0,0,200,163,163.4,168
dinner,0,3.62,0,0,200,171,168.5,172
lunch,2,8.55,0,0,200,190,201.0,191
breakfast,1,5.7,0,0,175,133,128.7,148
dinner,6,5.97,0,1,225,177,167.6,181
dinner,4,8.93,0,0,175,172,147.6,162
breakfast,6,9.28,0,0,200,123,122.2,139
lunch,4,8.42,0,0,175,153,163.2,154
lunch,1,1.59,1,0,200,106,128.4,121
lunch,1,4.99,0,0,175,172,147.0,171
breakfast,0,4.09,0,0,200,154,144.2,150
lunch,4,2.92,0,0,200,170,182.0,167
dinner,4,9.18,0,0,200,185,177.1,188
dinner,3,9.01,0,0,175,175,174.4,164
dinner,5,5.19,0,0,200,148,164.6,156
dinner,0,2.21,0,0,225,200,212.4,188
breakfast,1,1.12,0,0,175,126,127.6,136
lunch,6,4.95,0,1,225,175,174.5,180
lunch,1,1.36,0,1,175,175,170.9,158
dinner,2,6.49,0,0,200,183,184.8,184
breakfast,5,6.48,0,0,200,119,134.6,137
dinner,1,9.09,0,0,200,196,187.4,195
lunch,4,2.71,0,0,200,182,167.1,170
dinner,1,4.34,0,0,250,227,216.9,228
breakfast,4,8.74,0,0,250,200,195.8,188
breakfast,4,5.27,0,0,250,195,172.7,188
dinner,0,1.54,0,1,200,194,174.1,182
breakfast,1,2.0,0,0,200,161,154.9,153
dinner,0,8.32,0,1,175,154,167.2,164
breakfast,6,7.69,0,0,200,123,131.4,136
lunch,6,8.88,0,0,200,169,165.4,166
lunch,5,2.07,1,0,250,105,108.7,118
lunch,4,7.84,0,1,200,197,189.8,194
dinner,6,6.9,0,1,200,164,147.4,162
lunch,5,3.09,0,0,200,162,149.4,150
breakfast,1,9.77,0,0,150,134,129.6,129
breakfast,5,6.13,0,0,175,109,111.9,116
lunch,5,9.16,0,0,200,172,147.5,171
lunch,1,8.73,0,1,175,175,169.4,166
dinner,0,4.0,1,0,225,129,130.1,133
lunch,0,5.82,0,0,150,149,127.6,142
lunch,4,4.88,0,0,200,173,188.0,177
lunch,4,7.38,0,0,200,192,193.4,177
breakfast,1,6.29,0,0,225,173,168.7,183
lunch,1,8.06,0,0,225,216,217.6,208
dinner,3,1.11,0,0,200,169,167.2,167
dinner,3,7.19,0,0,225,206,195.1,214
breakfast,2,3.87,1,0,150,78,72.2,75
lunch,6,3.02,0,0,225,167,161.9,170
dinner,4,8.21,0,0,225,206,214.1,206
lunch,5,1.8,0,0,225,174,172.5,157
breakfast,6,3.06,0,0,175,93,104.0,105
breakfast,2,2.83,0,0,150,104,110.6,115
lunch,6,4.78,0,1,200,176,144.5,159
dinner,2,3.9,0,0,175,144,142.3,148
dinner,0,7.48,0,0,200,172,166.2,186
breakfast,5,7.29,0,0,200,137,120.5,138
breakfast,0,3.93,0,0,175,128,121.5,141
dinner,3,4.93,0,0,225,202,178.3,195
dinner,2,2.87,0,0,225,202,205.6,200
lunch,6,7.04,0,0,225,190,173.7,171
lunch,3,4.57,0,1,175,166,171.0,168
breakfast,5,2.2,0,0,200,122,112.4,119
dinner,5,2.15,0,0,175,138,134.2,131
dinner,4,3.9,0,0,200,155,151.9,170
breakfast,1,7.73,0,0,225,202,178.5,197
dinner,0,1.23,0,0,200,168,164.1,172
breakfast,4,3.32,0,0,200,131,132.6,145
breakfast,6,2.46,0,0,225,141,121.6,137
breakfast,4,9.61,0,0,175,134,139.8,137
breakfast,6,7.35,1,0,175,48,54.7,67
lunch,0,3.1,0,0,200,171,187.9,193
lunch,0,2.87,0,0,200,181,159.9,179
lunch,5,8.72,0,0,250,220,223.1,204
lunch,5,2.71,0,0,225,174,180.2,159
breakfast,2,9.97,0,0,175,141,142.5,159
breakfast,3,3.54,0,0,175,122,120.8,138
lunch,5,1.76,1,0,200,88,94.9,91
lunch,4,7.22,0,0,250,226,228.0,230
breakfast,2,6.49,0,0,175,152,138.3,135
dinner,6,10.0,0,0,250,210,190.7,208
dinner,2,8.22,0,0,175,151,164.7,167
dinner,4,4.86,0,0,225,197,185.9,192
lunch,5,7.09,1,0,225,102,111.9,116
breakfast,6,8.36,0,0,225,144,157.4,146
dinner,4,5.62,0,0,225,204,208.7,191
breakfast,1,3.46,0,0,175,137,148.0,132
lunch,5,2.89,0,0,225,179,182.6,173
breakfast,3,3.66,0,0,200,164,158.1,153
dinner,6,8.63,0,0,225,165,172.8,169
breakfast,4,4.42,1,0,200,100,77.2,78
dinner,5,3.58,0,0,200,135,150.9,155
dinner,0,8.25,1,0,225,143,140.2,149
lunch,1,1.29,0,0,175,157,160.8,156
dinner,6,6.35,1,0,225,109,96.1,108
lunch,6,8.86,0,1,175,145,156.0,143
dinner,3,4.69,0,0,150,121,122.5,139
lunch,5,3.42,0,0,200,165,160.4,141
dinner,0,5.43,1,0,225,140,146.6,137
lunch,5,7.46,0,1,200,176,183.4,178
dinner,0,5.65,0,0,250,234,217.4,231
lunch,3,1.07,0,0,175,141,145.6,158
lunch,1,1.7,0,0,200,176,190.7,181
dinner,6,7.49,0,0,200,163,157.9,155
dinner,0,4.6,0,0,150,135,133.0,141
lunch,2,8.06,0,1,150,146,152.2,147
breakfast,3,6.85,0,0,150,122,118.0,118
lunch,3,6.23,0,1,200,182,176.5,192
dinner,4,9.11,0,0,225,201,207.3,201
dinner,1,1.19,0,0,225,190,194.5,204
dinner,2,2.4,0,0,200,185,161.1,175
breakfast,2,6.62,0,1,175,147,136.6,152
lunch,4,1.59,0,0,150,133,118.9,124
lunch,0,6.8,1,0,175,110,122.5,98
dinner,0,9.86,0,0,200,187,172.7,185
breakfast,2,8.91,0,0,200,181,162.7,159
dinner,1,6.32,0,0,175,175,156.0,166
lunch,0,9.05,0,1,250,238,253.3,225
breakfast,3,2.05,0,1,200,157,151.0,159
breakfast,5,5.09,0,0,175,125,104.6,108
breakfast,4,4.86,0,1,200,150,153.2,159
lunch,1,4.03,0,0,175,168,149.4,164
breakfast,0,1.0,0,0,200,136,141.5,147
breakfast,5,9.02,0,0,175,130,125.2,127
dinner,2,8.0,0,0,150,137,141.0,146
breakfast,4,6.88,0,1,200,170,142.9,169
breakfast,0,2.16,0,0,200,157,147.9,147
lunch,2,4.4,0,0,175,149,167.9,155
lunch,0,9.32,0,0,225,210,211.4,218
dinner,4,6.55,0,0,175,140,149.0,149
lunch,3,6.43,0,0,225,199,202.2,203
dinner,6,9.22,0,0,175,137,138.2,134
lunch,3,6.04,0,0,175,161,145.9,164
breakfast,6,6.38,0,0,175,105,117.5,112
breakfast,5,4.11,0,0,175,118,116.7,116
lunch,2,4.34,1,0,250,150,154.8,148
lunch,6,7.17,0,0,175,131,149.5,132
dinner,3,3.88,0,0,200,191,175.4,176
lunch,4,6.03,0,0,225,196,177.1,190
lunch,2,3.51,0,0,200,177,177.0,180
breakfast,0,2.5,0,1,150,122,116.2,125
breakfast,6,5.09,0,0,225,152,129.6,152
lunch,6,2.96,0,0,175,127,128.3,128
lunch,1,9.09,0,0,225,201,206.8,211
lunch,6,3.73,0,0,200,147,137.1,151
breakfast,6,6.38,0,1,200,132,136.4,142
lunch,0,3.37,0,1,250,243,248.1,242
dinner,4,3.32,1,0,225,119,118.8,118
breakfast,5,4.16,0,0,225,139,132.1,148
lunch,2,9.24,0,0,200,200,193.3,187
dinner,0,4.52,0,1,175,174,175.0,174
lunch,2,8.39,0,0,225,225,202.1,218
lunch,3,2.78,0,0,150,131,119.8,130
breakfast,1,1.43,0,1,225,175,194.5,184
lunch,4,8.04,1,0,225,127,140.3,136
breakfast,0,5.88,0,0,225,175,194.1,183
dinner,1,5.53,0,0,200,195,190.5,186
dinner,6,3.45,0,1,150,121,105.9,113
dinner,4,1.65,0,0,225,174,177.9,187
dinner,4,5.35,0,0,250,207,191.9,218
lunch,5,8.81,0,0,225,194,178.3,182
lunch,3,2.08,0,1,225,216,217.8,217
dinner,5,9.36,0,0,200,172,162.5,169
dinner,5,3.47,0,0,175,145,127.3,135
lunch,2,5.79,0,0,225,210,221.5,210
dinner,2,1.6,1,0,175,88,90.6,93
lunch,6,4.83,0,0,175,142,132.4,140
lunch,1,2.13,0,0,225,199,208.0,203
lunch,3,1.43,0,0,225,209,209.8,193
breakfast,4,9.7,0,1,150,130,115.0,127
breakfast,6,7.57,0,0,175,118,117.5,106
breakfast,3,7.47,0,0,225,171,161.8,183
lunch,3,1.81,0,0,250,217,218.6,216
lunch,1,9.36,0,0,175,175,167.5,165
lunch,2,5.23,0,0,225,219,219.0,213
dinner,3,8.67,0,0,200,184,177.6,194
lunch,3,1.11,0,0,200,163,177.4,180
lunch,3,3.68,0,0,225,217,182.4,210
breakfast,0,9.96,0,0,200,160,156.2,169
breakfast,3,4.85,0,1,200,152,170.7,153
dinner,3,9.0,0,0,200,186,200.1,188
lunch,4,3.95,0,1,200,178,161.6,186
dinner,5,5.73,0,0,200,149,141.6,152
breakfast,0,8.69,0,0,200,180,153.1,164
lunch,3,6.45,0,0,225,203,206.6,204
breakfast,5,7.53,0,1,200,160,133.0,150
breakfast,3,3.06,0,0,225,183,182.8,167
breakfast,1,2.4,0,0,175,126,130.2,135
breakfast,1,3.07,0,0,150,116,107.2,121
breakfast,5,5.44,0,1,250,170,182.1,176
breakfast,0,8.21,0,1,200,184,173.7,183
dinner,4,4.19,0,0,200,171,180.7,168
breakfast,0,6.08,0,0,225,166,192.1,171
breakfast,0,8.24,0,0,225,196,195.5,189
breakfast,1,3.15,0,1,175,132,145.0,146
lunch,1,8.95,0,0,200,200,175.7,194
breakfast,4,9.58,0,0,225,186,171.9,176
dinner,6,1.35,0,0,175,111,120.1,125
dinner,6,1.53,0,0,175,114,132.2,122
breakfast,6,1.82,0,1,200,132,119.1,120
lunch,3,7.99,0,0,200,178,183.7,193
breakfast,4,2.7,0,0,225,152,158.8,163
lunch,3,7.53,0,1,200,188,182.1,195
lunch,5,4.97,0,1,200,178,151.0,155
breakfast,5,8.53,0,0,175,131,128.0,121
breakfast,2,8.28,0,0,175,149,150.8,143
lunch,6,9.64,1,0,200,92,97.8,110
lunch,1,3.26,0,0,225,204,202.6,210
breakfast,2,3.06,0,0,225,182,176.7,170
dinner,2,1.28,0,0,225,203,208.5,202
lunch,1,4.69,0,1,200,177,173.6,200
dinner,2,5.13,0,1,175,155,167.3,174
breakfast,6,9.68,0,0,150,102,106.4,104
dinner,0,8.48,0,0,250,232,209.8,235
dinner,3,2.5,0,0,200,159,181.3,184
breakfast,6,8.19,0,1,225,154,167.1,168
dinner,4,2.6,0,0,225,193,199.1,191
lunch,1,1.7,0,0,225,193,183.0,202
dinner,0,8.53,0,0,175,170,150.2,160
breakfast,5,9.78,0,0,200,149,138.7,135
lunch,4,1.79,1,0,225,116,127.6,121
lunch,4,8.33,1,0,200,109,129.8,126
dinner,4,8.73,0,0,225,217,207.1,193
breakfast,2,2.07,0,0,250,182,182.3,193
dinner,2,3.55,0,0,150,122,123.2,125
dinner,2,7.6,0,0,200,196,183.3,187
breakfast,6,8.27,0,0,225,151,138.5,156
dinner,2,4.19,0,0,225,198,209.0,213
dinner,0,2.44,0,0,200,162,168.8,176
breakfast,2,6.84,1,0,225,106,113.6,114
lunch,1,7.32,0,0,200,185,193.1,190
lunch,4,5.53,0,0,200,172,174.4,176
breakfast,0,2.3,0,0,175,142,136.1,136
breakfast,5,8.6,0,1,200,144,153.5,145
breakfast,2,6.81,0,0,250,191,187.6,199
breakfast,5,8.82,0,0,250,167,162.6,170
lunch,4,9.4,0,1,200,199,169.5,195
breakfast,0,8.25,0,0,225,182,167.0,188
dinner,4,9.63,0,0,175,158,167.3,162
dinner,5,9.59,0,0,175,129,132.9,153
breakfast,6,6.57,0,0,225,156,151.8,148
lunch,0,7.55,0,0,200,188,204.7,200
lunch,3,7.29,0,0,200,180,175.5,196
dinner,6,6.59,0,0,225,167,168.2,168
breakfast,0,1.17,0,1,200,154,156.0,163
breakfast,2,4.2,0,0,200,146,166.7,163
dinner,5,1.9,0,0,175,128,117.2,122
dinner,4,3.7,0,0,250,205,221.0,214
dinner,4,1.62,0,0,250,208,218.6,197
dinner,4,9.28,0,0,175,170,157.6,160
breakfast,1,5.06,1,0,225,110,103.8,120
lunch,1,2.7,0,0,225,218,196.0,203
breakfast,2,6.26,0,0,175,134,150.1,144
breakfast,3,2.77,0,0,150,106,102.3,105
dinner,1,8.24,0,0,150,148,138.8,144
breakfast,0,3.75,0,0,150,126,106.5,118
lunch,6,3.83,0,0,200,146,160.2,152
dinner,5,8.83,0,0,200,156,162.7,160
breakfast,2,6.03,0,0,250,193,212.9,204
dinner,6,8.99,0,0,175,135,148.6,143
dinner,3,4.72,0,0,225,187,196.5,210
lunch,6,4.1,0,0,200,149,161.2,164
breakfast,0,5.56,0,1,150,120,111.8,122
breakfast,4,1.55,1,0,225,102,81.7,86
lunch,1,2.39,0,0,200,185,187.9,181
breakfast,0,2.98,0,1,250,209,200.0,203
breakfast,3,8.35,1,0,250,143,140.2,129
dinner,2,7.6,0,0,225,218,218.8,213
breakfast,6,2.74,0,1,150,111,98.2,93
dinner,0,3.49,0,1,250,244,249.7,233
breakfast,2,9.5,0,0,175,158,139.3,135
lunch,4,1.77,0,0,250,207,191.8,211
dinner,3,5.93,0,0,200,188,180.1,178
breakfast,3,5.7,0,0,200,157,145.6,155
breakfast,6,7.53,0,0,225,145,137.1,153
lunch,1,3.35,0,0,200,178,175.1,183
dinner,5,9.41,0,0,225,195,187.8,187
dinner,3,4.7,0,0,200,175,158.4,186
breakfast,0,3.57,1,0,200,97,98.7,97
breakfast,0,4.03,0,0,200,149,155.4,162
dinner,0,4.14,0,0,200,185,168.4,188
dinner,4,2.79,0,0,200,152,149.8,166
lunch,3,9.35,0,0,175,165,172.3,167
dinner,3,2.57,0,0,200,175,168.3,177
lunch,0,8.95,0,0,200,200,183.7,183
lunch,6,4.64,0,0,200,143,149.0,156
breakfast,1,3.42,0,0,200,170,152.1,162
lunch,6,2.79,0,0,225,154,164.1,159
lunch,1,5.54,0,0,225,208,214.3,209
breakfast,3,7.02,0,0,250,213,194.2,195
lunch,6,9.08,0,0,175,132,153.7,146
dinner,3,6.87,0,0,150,144,132.4,135
dinner,2,5.35,0,0,200,179,168.0,189
lunch,3,1.3,0,0,225,197,212.0,201
dinner,6,9.24,0,0,200,170,150.3,168
breakfast,0,9.12,0,0,200,173,167.7,165
lunch,5,4.41,0,0,225,188,184.0,187
dinner,4,1.26,0,0,225,177,161.2,172
lunch,3,7.6,0,0,225,210,199.5,215
breakfast,3,8.13,1,0,200,110,101.6,105
breakfast,0,5.88,0,1,200,177,165.1,175
dinner,2,4.63,0,0,200,176,161.9,179
lunch,5,8.66,0,0,200,166,160.9,171
dinner,3,2.73,1,0,175,90,90.1,95
lunch,1,4.96,0,0,175,175,154.4,164
dinner,1,1.22,0,0,200,161,181.2,176
dinner,1,2.48,0,1,225,205,195.0,216
lunch,4,9.47,0,0,200,196,188.4,179
lunch,4,6.2,0,0,250,237,239.6,225
lunch,5,8.25,0,1,225,201,183.1,190
dinner,3,5.38,0,0,225,204,189.2,198
lunch,3,8.51,0,0,175,160,177.7,173
lunch,3,5.85,0,0,175,175,164.1,167
breakfast,4,1.04,0,0,175,107,125.1,128
dinner,5,9.1,0,0,200,166,169.2,158
breakfast,3,2.34,0,0,200,139,152.9,145
lunch,0,5.05,0,0,175,148,174.2,158
lunch,2,5.29,0,0,225,212,196.3,211
lunch,6,1.43,0,0,200,143,142.6,152
dinner,1,1.48,0,1,225,200,212.7,210
breakfast,1,7.86,0,0,250,207,215.5,202
lunch,0,3.7,0,0,250,232,209.4,228
dinner,3,4.69,1,0,200,124,125.6,119
dinner,5,6.08,0,0,175,148,142.9,143
breakfast,5,4.36,0,1,200,130,128.7,140
dinner,4,7.98,0,0,150,121,132.5,136
lunch,3,8.96,0,0,150,131,133.3,143
dinner,5,1.54,0,0,250,183,173.5,177
lunch,3,6.72,0,0,250,245,231.9,235
lunch,1,3.86,0,0,200,191,184.7,189
dinner,6,6.25,0,0,225,186,169.7,173
dinner,6,5.36,0,0,175,146,130.5,123
lunch,6,4.0,0,0,200,140,152.1,156
breakfast,1,1.85,0,0,225,171,152.8,174
lunch,4,6.03,0,1,200,200,170.7,194
lunch,6,2.02,0,0,225,169,160.7,164
breakfast,1,2.41,0,0,250,206,198.2,196
breakfast,3,9.84,0,0,150,123,122.7,117
dinner,6,3.85,0,0,250,177,185.1,183
breakfast,0,6.26,0,0,200,153,172.9,168
dinner,4,3.45,0,0,200,163,172.4,172
breakfast,0,8.79,0,0,150,137,133.5,122
lunch,3,3.55,0,0,225,216,179.4,200
breakfast,4,4.3,0,0,225,166,159.0,168
breakfast,0,6.48,0,0,225,174,172.1,174
dinner,4,8.83,0,1,175,152,169.5,169
dinner,3,8.35,0,1,175,172,176.9,174
breakfast,5,3.37,0,0,200,112,111.9,120
lunch,6,8.47,0,0,200,152,144.4,164
lunch,4,7.31,0,0,200,171,183.6,183
dinner,6,9.91,0,0,175,136,133.8,144
dinner,6,9.42,0,0,175,147,128.9,141
lunch,5,5.8,0,1,175,142,158.5,154
dinner,3,7.75,0,0,200,183,164.2,182
dinner,4,6.13,0,0,200,179,162.7,171
breakfast,4,6.35,0,0,225,182,160.9,162
lunch,5,1.91,0,0,225,172,175.2,168
dinner,1,1.02,0,0,225,210,196.5,203
dinner,5,1.43,1,0,225,82,90.8,97
lunch,5,9.7,0,1,175,169,142.6,161
lunch,5,2.14,0,1,200,165,148.7,160
lunch,3,1.4,0,0,175,166,135.8,144
lunch,2,3.79,0,0,175,158,167.6,160
lunch,5,6.29,0,0,225,193,163.5,177
lunch,4,9.54,0,0,225,195,219.4,208
dinner,0,7.3,0,0,175,175,148.9,157
dinner,1,3.49,0,0,175,155,168.7,163
breakfast,5,9.45,0,0,200,142,142.2,144
lunch,5,1.32,0,0,175,138,123.6,132
lunch,1,9.81,0,0,225,213,204.2,208
dinner,5,1.53,0,0,225,152,152.7,161
breakfast,4,7.78,1,0,200,99,86.7,88
lunch,2,1.41,0,0,250,224,234.7,213
dinner,5,9.38,0,1,150,128,119.2,131
lunch,1,1.98,0,0,175,154,145.5,163
dinner,5,1.45,0,0,225,164,155.2,165
dinner,3,9.0,0,0,250,243,255.2,232
breakfast,4,1.86,0,0,250,174,170.3,180
breakfast,4,8.18,0,0,150,116,110.3,124
dinner,2,7.72,0,0,200,186,203.0,189
dinner,3,6.39,0,0,150,149,140.8,143
breakfast,3,4.4,0,0,225,174,184.9,170
breakfast,2,9.24,0,1,225,188,186.0,195
breakfast,6,8.84,0,0,225,150,156.7,139
dinner,6,4.84,0,0,200,137,157.7,151
breakfast,0,3.09,0,0,225,183,169.6,174
lunch,6,3.45,0,0,250,174,180.4,185
dinner,5,2.98,0,1,200,147,149.3,159
breakfast,3,5.87,0,0,200,172,157.0,150
lunch,0,8.82,0,0,200,196,174.5,189
breakfast,0,7.96,0,0,200,155,159.5,164
dinner,4,8.16,0,0,225,216,205.3,199
breakfast,5,5.03,0,1,150,116,106.1,106
dinner,4,3.9,0,0,200,175,172.4,169
dinner,1,7.82,0,0,200,196,189.5,192
breakfast,6,8.14,0,0,175,104,102.1,116
breakfast,4,7.26,1,0,200,104,82.3,88
lunch,3,1.29,0,0,200,166,174.3,179
breakfast,3,6.31,0,0,225,170,192.1,175
dinner,5,4.12,0,0,200,153,138.8,159
dinner,0,2.77,0,0,250,216,225.2,223
lunch,3,7.25,0,0,200,189,182.7,200
lunch,6,3.42,0,0,200,140,136.2,146
lunch,4,9.22,0,1,175,155,147.2,165
dinner,6,3.68,0,0,200,140,149.3,145
lunch,4,6.0,0,0,200,179,161.8,177
breakfast,5,8.45,0,0,200,152,129.7,137
breakfast,6,4.62,0,0,200,112,120.0,127
lunch,4,8.46,0,0,200,177,187.9,188
lunch,6,7.51,0,0,200,173,153.2,164
lunch,2,9.29,0,0,175,175,158.9,172
breakfast,5,3.93,0,0,175,120,115.3,101
dinner,5,1.95,0,0,250,177,161.3,190
breakfast,3,4.87,0,1,200,174,170.1,163
breakfast,5,8.07,0,0,200,148,134.9,142
lunch,1,5.05,0,0,200,184,187.8,190
breakfast,3,3.36,1,0,225,108,97.8,111
lunch,3,1.25,0,0,200,165,157.2,183
lunch,6,3.82,0,0,200,160,135.6,156
lunch,2,7.42,0,0,225,201,202.0,221
lunch,3,2.33,0,0,225,194,203.8,194
breakfast,0,4.07,0,0,175,140,143.9,147
breakfast,4,1.18,0,1,200,160,154.3,147
dinner,4,7.5,0,0,225,193,207.9,196
lunch,5,8.93,0,0,150,121,110.1,118
lunch,6,6.12,0,0,200,163,143.3,154
breakfast,2,1.23,0,0,225,173,178.5,155
lunch,4,2.96,0,1,250,220,238.2,225
lunch,0,4.95,1,0,200,115,113.2,125
lunch,2,6.29,0,1,200,187,191.4,193
dinner,1,5.47,0,1,200,179,183.7,187
breakfast,4,9.24,0,0,150,130,104.0,113
breakfast,3,9.45,0,0,200,177,172.6,167
dinner,0,1.96,0,0,225,184,209.5,200
dinner,6,2.25,0,0,150,94,113.9,108
breakfast,6,4.22,0,0,200,138,118.7,114
lunch,0,4.79,0,0,200,192,191.9,189
breakfast,4,6.27,0,0,175,121,129.3,139
breakfast,5,7.96,0,1,200,149,158.2,152
breakfast,1,2.22,0,0,200,142,166.3,161
breakfast,3,8.22,1,0,200,92,106.6,108
dinner,1,6.49,0,0,200,182,184.1,189
lunch,1,9.83,0,0,225,225,225.9,212
breakfast,4,6.86,0,0,200,142,140.6,155
breakfast,3,7.44,0,0,225,181,168.0,183
dinner,4,2.76,0,0,150,135,123.0,127
breakfast,4,7.92,0,0,175,137,140.9,132
lunch,5,1.71,1,0,200,82,80.3,90
lunch,0,6.91,0,0,200,186,197.0,192
lunch,6,1.5,0,0,200,159,155.1,146
breakfast,5,2.04,0,0,200,128,120.7,113
breakfast,6,1.97,0,1,200,118,118.1,136
breakfast,5,1.47,0,0,200,134,121.8,130
breakfast,4,3.89,0,0,225,177,149.9,161
lunch,5,9.95,0,0,175,140,141.8,145
lunch,6,4.13,0,0,225,177,173.4,167
breakfast,5,7.85,0,0,225,152,146.3,152
breakfast,2,2.19,0,0,175,132,128.9,132
lunch,3,5.09,0,0,200,197,182.0,181
lunch,0,2.67,0,0,175,146,148.8,167
dinner,6,2.73,0,1,250,188,172.8,194
lunch,3,1.9,0,0,200,190,172.9,180
lunch,0,4.89,1,0,175,119,107.5,115
lunch,2,1.68,0,0,200,179,171.8,184
dinner,4,9.19,0,0,225,201,187.0,207
dinner,6,5.03,0,0,200,154,133.6,149
breakfast,0,8.55,0,0,175,155,151.6,145
breakfast,0,9.82,0,0,225,202,187.4,194
breakfast,0,7.1,0,0,250,214,218.4,209
lunch,2,9.11,0,0,250,246,254.9,230
dinner,3,2.22,0,0,200,173,172.3,180
lunch,2,8.47,0,0,225,215,208.3,225
breakfast,0,3.44,0,0,250,189,176.1,190
dinner,5,5.25,0,0,150,128,109.9,115
dinner,0,6.82,0,0,200,173,192.9,191
breakfast,5,9.13,0,0,175,109,130.9,116
lunch,4,9.2,0,0,200,176,186.0,188
lunch,2,1.83,0,0,250,221,222.7,224
dinner,5,4.28,0,0,250,193,203.0,182
dinner,2,8.14,0,0,250,223,213.7,229
lunch,1,7.33,0,0,175,171,166.4,175
dinner,3,1.24,0,0,225,205,191.4,194
dinner,1,5.05,0,0,225,196,192.5,210
lunch,5,8.46,0,0,200,171,171.8,174
breakfast,1,7.64,0,0,225,176,170.8,197
dinner,6,4.71,0,0,250,188,166.0,180
breakfast,3,7.62,0,0,250,194,197.4,200
lunch,5,5.96,0,0,150,120,112.8,119
dinner,4,9.21,0,0,175,146,153.8,162
dinner,4,6.28,0,0,250,224,196.7,214
lunch,3,4.61,0,0,200,178,177.6,194
breakfast,3,8.77,0,0,175,144,139.4,134
lunch,5,1.45,1,0,200,75,95.5,81
breakfast,2,9.1,0,0,200,152,171.1,165
breakfast,6,7.27,0,0,200,123,139.4,132
dinner,5,9.47,0,1,225,192,203.1,208
breakfast,2,3.25,0,1,200,166,169.1,165
lunch,2,7.25,0,0,200,192,200.1,192
lunch,2,8.29,0,0,250,239,220.7,241
dinner,5,7.32,0,1,225,195,183.4,190
lunch,0,2.89,0,0,225,209,214.2,202
breakfast,0,3.48,0,0,200,149,137.6,151
breakfast,4,6.1,0,0,225,183,150.6,169
lunch,0,5.02,1,0,200,128,127.2,133
lunch,0,7.62,0,0,200,180,201.8,189
lunch,2,4.41,0,0,225,192,215.0,206
lunch,2,8.74,1,0,200,127,139.3,132
breakfast,3,4.89,0,0,200,159,147.6,155
lunch,2,1.36,0,0,225,199,198.7,201
lunch,5,1.16,0,0,200,161,153.1,143
breakfast,3,6.82,1,0,200,114,103.9,104
breakfast,6,5.86,0,0,150,109,95.6,97
breakfast,3,5.88,0,0,200,147,164.3,161
breakfast,0,8.11,0,0,200,168,146.1,169
lunch,2,4.38,0,0,200,190,196.6,180
breakfast,0,9.96,0,0,175,149,156.0,146
breakfast,2,9.51,0,0,175,154,130.9,141
breakfast,0,1.12,0,0,175,122,125.3,127
dinner,6,9.06,1,0,225,115,119.2,110
dinner,0,7.12,0,0,200,189,183.7,196
breakfast,0,5.52,0,0,200,155,142.8,163
breakfast,5,6.24,0,1,200,142,152.4,136
breakfast,6,8.58,0,0,200,132,127.5,128
lunch,4,9.56,1,0,225,130,139.6,154
breakfast,6,6.04,1,0,225,69,77.5,79
dinner,0,2.63,0,0,175,165,161.2,146
lunch,1,6.76,0,0,200,198,200.4,186
dinner,1,1.69,0,0,200,192,179.9,170
breakfast,1,6.72,0,0,200,162,177.6,165
dinner,5,8.28,0,0,150,116,111.8,122
dinner,3,4.18,0,0,200,175,188.9,185
breakfast,0,1.64,0,0,200,141,136.8,143
lunch,6,7.23,0,0,200,161,168.4,156
breakfast,1,4.05,0,0,225,176,165.2,181
breakfast,5,3.24,0,0,200,113,128.0,129
breakfast,3,7.2,0,0,200,171,168.0,167
lunch,1,9.73,0,0,200,175,182.0,181
lunch,2,7.71,0,0,200,200,171.5,191
dinner,4,5.42,0,0,200,180,164.8,175
breakfast,0,6.4,0,0,200,155,143.7,165
dinner,4,2.28,0,0,225,176,188.2,186
breakfast,4,8.32,0,1,250,202,211.0,209
dinner,2,6.44,0,0,150,130,129.8,146
lunch,2,9.69,0,0,150,136,143.5,141
breakfast,2,9.82,0,0,200,165,150.7,170
dinner,3,4.19,0,0,200,183,157.8,178
breakfast,1,9.9,0,0,200,179,166.4,171
lunch,6,9.61,0,1,200,187,171.0,168
lunch,0,6.76,0,0,225,203,188.2,211
lunch,2,4.0,0,0,200,173,182.6,187
lunch,5,7.78,0,0,200,173,171.6,167
dinner,0,3.44,0,0,200,192,171.3,178
breakfast,6,6.67,0,0,225,134,150.3,146
lunch,0,1.22,0,0,175,140,140.2,145
dinner,0,6.66,0,0,150,148,137.0,145
breakfast,2,9.56,0,0,200,178,174.4,158
breakfast,2,3.12,0,0,250,182,194.1,184
dinner,1,8.0,0,0,225,218,220.7,213
lunch,6,3.64,0,0,200,156,153.6,153
lunch,2,7.37,0,0,175,175,150.1,173
breakfast,2,7.3,0,0,200,154,146.8,168
lunch,0,2.66,0,0,225,207,217.2,206
breakfast,1,6.37,0,1,225,202,192.4,199
lunch,4,8.73,1,0,200,130,127.3,110
dinner,2,4.44,1,0,225,143,137.2,137
breakfast,5,7.39,0,0,250,182,150.2,174
lunch,2,7.07,0,0,200,176,186.1,182
dinner,4,3.32,0,1,200,188,174.2,178
dinner,0,9.27,0,0,200,184,197.9,182
dinner,6,6.07,0,0,200,161,163.0,156
lunch,1,4.2,0,0,200,186,176.3,183
dinner,0,2.48,0,0,175,163,136.4,165
breakfast,6,5.26,0,0,200,115,122.9,130
breakfast,3,7.57,0,0,150,125,107.2,122
breakfast,2,6.61,0,0,250,194,193.3,202
lunch,6,7.54,0,1,150,131,118.7,131
dinner,5,8.13,0,0,250,203,186.6,204
lunch,6,4.97,0,0,250,197,169.0,194
lunch,3,5.68,0,0,200,174,172.1,179
dinner,2,9.88,1,0,200,121,125.5,137
lunch,3,9.71,0,1,175,169,176.3,163
lunch,4,4.73,0,0,175,148,137.3,145
lunch,2,7.17,0,0,175,155,171.5,165
lunch,5,3.41,0,0,200,154,157.8,152
breakfast,2,2.37,1,0,225,96,97.4,104
dinner,3,7.92,0,0,200,196,198.5,186
breakfast,1,4.93,0,0,225,191,184.0,179
breakfast,3,2.59,0,1,200,150,143.9,163
dinner,2,7.83,0,0,150,133,129.8,144
breakfast,2,9.24,0,0,175,132,141.2,139
lunch,6,9.4,0,1,200,159,186.8,173
breakfast,1,6.37,0,1,175,160,142.7,154
lunch,0,5.32,0,0,200,198,179.6,182
breakfast,1,2.28,0,0,200,144,153.8,157
lunch,0,8.14,0,0,200,192,180.7,190
lunch,5,9.51,0,1,175,144,159.2,155
dinner,2,9.01,0,0,225,213,215.6,210
lunch,6,7.77,1,0,200,104,89.2,98
dinner,4,1.04,0,0,225,188,175.8,187
breakfast,4,4.67,0,1,150,125,121.2,124
lunch,3,4.7,0,0,200,196,184.5,179
lunch,1,9.05,0,0,175,169,161.4,165
dinner,1,1.59,0,0,200,189,181.6,172
breakfast,4,5.78,0,0,250,199,189.6,187
lunch,0,2.23,0,0,175,170,163.4,157
dinner,1,6.96,0,0,150,133,126.4,142
breakfast,0,8.13,0,0,150,123,122.4,111
dinner,0,6.78,0,0,175,164,164.0,168
breakfast,0,8.15,0,1,150,124,133.0,129
dinner,0,6.47,0,1,200,200,202.3,184
dinner,6,2.71,0,0,175,117,121.3,122
lunch,3,4.44,0,0,175,144,165.2,164
lunch,3,9.61,0,0,200,187,197.1,194
breakfast,6,3.59,0,0,200,110,113.9,122
dinner,4,1.57,0,0,150,108,113.9,122
lunch,3,4.46,0,0,250,222,243.6,222
breakfast,5,4.3,0,0,200,117,120.9,133
dinner,6,5.23,0,0,200,159,144.4,155
lunch,1,6.04,0,0,225,200,213.2,219
breakfast,5,9.93,0,0,250,166,167.0,178
breakfast,6,7.81,0,0,150,94,100.2,105
breakfast,3,1.32,0,0,150,120,103.2,106
lunch,1,7.41,0,0,225,215,209.9,213
lunch,1,8.42,0,0,200,194,188.5,195
lunch,0,9.06,0,0,175,152,172.7,170
dinner,4,4.82,0,0,200,179,179.9,179
dinner,0,3.82,0,0,200,186,181.9,176
lunch,6,8.55,0,0,225,182,170.0,186
breakfast,0,8.0,0,0,200,172,160.5,159
dinner,5,5.82,0,0,225,182,173.7,166
lunch,3,2.06,0,0,175,163,144.7,156
lunch,5,6.87,0,0,200,164,173.0,171
lunch,3,1.59,0,0,175,143,138.0,160
lunch,5,1.9,0,0,250,187,196.8,184
dinner,1,3.98,0,0,225,202,198.8,206
breakfast,3,4.34,1,0,225,119,113.3,100
dinner,3,5.16,0,1,175,175,163.8,167
breakfast,5,4.05,1,0,200,55,68.7,70
dinner,2,1.3,0,1,225,219,211.5,204
breakfast,1,2.42,0,0,225,171,178.4,176
breakfast,6,2.04,0,0,225,143,118.4,130
lunch,1,4.88,0,0,200,184,189.8,186
lunch,6,2.91,1,0,225,106,105.9,95
breakfast,2,3.64,0,0,200,147,161.5,150
lunch,5,5.24,0,0,200,169,168.0,167
lunch,5,3.12,0,0,250,176,185.1,194
breakfast,1,3.21,0,1,175,148,141.8,137
breakfast,5,8.5,0,1,225,156,172.9,168
dinner,4,5.93,0,0,200,170,163.7,176
dinner,4,8.71,0,0,200,192,185.9,189
dinner,6,5.63,0,0,200,158,148.1,145
dinner,2,9.18,1,0,200,145,123.1,135
breakfast,3,3.29,0,1,225,169,183.6,182
breakfast,4,6.55,0,1,175,126,132.4,142
breakfast,6,5.53,0,0,225,134,145.1,146
dinner,5,9.27,0,0,200,176,163.0,153
dinner,2,4.77,0,0,250,228,231.5,229
lunch,6,8.69,0,1,200,168,172.0,175
breakfast,6,6.08,0,1,150,116,106.3,104
breakfast,4,7.38,0,0,250,198,207.2,187
breakfast,0,8.98,0,0,250,213,203.5,208
lunch,2,9.97,1,0,175,120,120.0,127
breakfast,1,7.58,0,0,250,220,189.1,210
dinner,6,3.83,0,0,200,151,157.3,151
lunch,4,3.69,0,0,250,225,215.8,219
dinner,1,3.78,0,0,200,174,164.8,189
dinner,2,1.88,1,0,150,86,81.6,93
dinner,4,1.48,0,1,225,183,174.8,185
lunch,1,6.23,1,0,225,143,145.9,146
lunch,3,8.3,1,0,175,105,107.6,115
lunch,6,1.33,0,0,200,131,137.5,156
lunch,3,6.1,0,0,225,197,186.8,214
lunch,0,4.35,0,0,200,186,190.0,187
dinner,5,9.03,0,0,225,169,192.9,187
dinner,2,2.31,0,0,200,160,158.9,170
dinner,5,6.07,1,0,225,108,111.3,111
dinner,5,9.74,0,0,250,215,186.6,198
breakfast,1,4.11,0,0,200,156,142.6,160
breakfast,0,7.68,0,0,225,182,166.1,186
lunch,2,8.94,0,0,225,208,188.8,218
lunch,3,2.68,0,0,200,187,170.0,171
dinner,5,9.93,0,0,200,169,176.6,163
lunch,1,8.28,0,0,225,225,225.7,207
lunch,5,2.24,0,1,175,154,133.4,148
lunch,4,3.8,0,0,200,165,179.7,182
breakfast,3,6.62,0,0,250,211,207.9,204
lunch,5,8.96,0,0,175,140,132.9,140
dinner,4,2.75,0,0,225,187,173.1,187
breakfast,4,7.58,1,0,200,105,95.7,97
lunch,1,3.44,0,0,200,177,173.5,187
lunch,1,8.25,0,0,200,179,202.8,193
breakfast,4,7.15,0,0,175,128,124.1,135
breakfast,0,5.71,0,0,200,161,165.3,160
dinner,5,6.85,0,0,250,207,204.3,193
lunch,4,8.89,0,1,225,204,208.9,217
breakfast,4,4.48,0,0,250,171,170.7,174
breakfast,1,7.92,0,0,200,163,149.9,174
lunch,5,2.43,0,0,150,127,118.2,101
lunch,2,7.31,0,0,200,192,181.6,196
lunch,3,7.76,0,1,200,192,180.1,190
breakfast,1,4.99,1,0,175,76,79.1,87
dinner,5,8.14,1,0,225,111,103.8,120
lunch,5,6.01,0,0,225,178,171.6,184
breakfast,6,9.43,0,0,200,142,138.5,134
lunch,0,2.01,0,0,175,154,143.7,164
lunch,3,2.18,0,0,175,140,141.5,155
dinner,1,8.58,0,0,250,226,221.0,237
dinner,1,8.58,0,0,225,207,199.5,215
breakfast,2,5.24,0,0,200,156,152.0,160
dinner,6,9.68,0,1,250,217,203.8,215
dinner,6,7.11,0,1,175,151,128.8,148
dinner,0,9.85,0,0,225,204,213.8,212
breakfast,6,5.79,0,0,200,137,115.1,132
lunch,0,2.81,0,1,250,236,249.7,232
breakfast,5,5.0,0,0,200,141,135.7,130
dinner,5,9.82,0,0,225,191,166.4,188
breakfast,1,4.33,0,0,175,133,134.8,137
lunch,2,9.61,1,0,200,148,133.6,136
lunch,1,8.17,0,1,200,200,205.0,193
breakfast,6,4.98,0,0,200,119,116.3,121
lunch,4,5.88,0,0,200,170,179.3,182
dinner,5,6.47,0,0,225,170,171.9,180
lunch,4,6.99,1,0,175,100,108.5,105
dinner,6,1.69,1,0,225,98,85.5,90
breakfast,2,9.4,0,0,225,181,192.1,185
lunch,1,6.37,0,0,200,200,172.1,199
lunch,5,9.38,1,0,175,96,83.0,92
breakfast,2,6.69,0,0,200,151,143.2,155
lunch,1,4.88,1,0,200,121,126.2,123
lunch,1,6.1,0,0,200,176,196.5,191
lunch,4,8.47,0,0,225,209,206.1,204
dinner,3,3.94,0,0,200,180,157.0,170
lunch,6,9.61,0,0,150,125,121.8,118
breakfast,0,5.19,0,1,225,193,170.6,194
breakfast,5,9.61,0,0,200,141,151.3,146
lunch,0,8.93,0,0,175,154,157.8,159
breakfast,2,7.91,0,0,225,186,181.4,174
breakfast,0,5.21,0,0,225,168,168.7,186
lunch,4,6.28,0,0,225,197,195.7,194
lunch,3,8.54,0,0,200,181,203.6,187
breakfast,5,5.9,0,0,175,122,107.2,115
dinner,6,7.64,0,0,225,173,179.1,167
lunch,1,8.12,0,0,150,138,146.4,144
lunch,1,5.62,0,0,200,195,174.4,183
dinner,6,5.83,0,0,225,174,174.4,167
lunch,4,2.78,0,0,200,156,171.6,180
lunch,5,3.2,0,1,225,189,172.6,182
lunch,0,9.14,0,0,200,178,187.1,190
breakfast,6,8.56,0,0,175,109,116.8,110
dinner,1,1.09,0,0,200,170,184.3,164
lunch,0,8.82,0,0,225,214,192.8,218
dinner,4,1.23,0,0,175,133,152.6,147
dinner,1,5.12,0,0,250,237,239.8,234
lunch,2,1.61,0,1,175,158,161.9,164
breakfast,3,9.72,0,0,150,130,129.4,126
breakfast,0,9.75,0,0,225,191,195.1,198
lunch,6,6.5,1,0,250,121,117.6,125
lunch,5,4.53,0,0,175,146,129.8,141
breakfast,0,5.61,0,0,175,136,149.8,140
lunch,0,7.86,0,0,175,173,175.4,160
breakfast,0,3.01,0,0,200,155,163.7,150
dinner,6,4.98,0,0,200,160,132.6,133
breakfast,4,7.64,0,0,200,143,160.6,152
dinner,4,4.56,0,0,150,120,135.5,122
dinner,5,1.29,0,0,175,140,122.9,136
lunch,4,5.57,0,0,175,166,164.0,156
dinner,6,7.64,0,0,200,147,140.4,165
lunch,5,9.79,1,0,200,123,97.2,104
lunch,5,1.33,0,0,200,151,139.8,155
lunch,4,5.86,0,0,200,185,157.6,180
breakfast,1,5.05,0,1,225,183,196.2,198
lunch,4,3.18,1,0,250,151,148.1,138
lunch,1,6.74,1,0,200,131,125.8,133
lunch,2,2.47,0,0,225,210,204.4,205
breakfast,4,3.55,0,0,200,137,140.2,145
lunch,2,8.04,0,1,225,225,198.3,211
breakfast,4,5.14,0,1,250,204,209.6,190
breakfast,2,9.94,0,0,200,183,181.1,177
breakfast,3,4.48,0,1,175,136,130.6,135
breakfast,2,5.17,0,0,225,174,183.9,180
breakfast,1,3.7,0,1,200,162,154.2,168
dinner,0,3.13,0,0,250,212,216.1,208
breakfast,5,9.3,0,0,175,113,116.2,123
lunch,2,7.74,0,1,250,238,220.1,237
breakfast,0,4.0,0,0,200,144,157.4,155
dinner,6,7.3,0,0,250,188,203.9,197
lunch,3,9.69,0,0,225,218,220.7,206
breakfast,3,1.67,0,1,225,181,181.3,181
lunch,6,3.38,0,0,200,149,134.0,146
lunch,6,2.81,0,0,175,127,116.9,128
lunch,6,8.83,0,0,200,161,158.6,163
breakfast,1,2.61,0,0,200,157,154.6,162
dinner,6,3.77,0,0,250,174,187.5,182
lunch,1,5.89,0,0,200,198,180.7,185
lunch,2,6.59,0,0,175,171,146.8,172
dinner,4,8.27,0,0,200,167,158.8,174
lunch,6,4.67,0,0,200,165,160.8,150
dinner,6,5.81,0,0,150,106,102.3,120
lunch,3,9.69,0,0,175,169,177.2,169
dinner,0,3.68,0,0,150,132,126.8,131
breakfast,4,3.23,0,0,200,130,142.5,138
dinner,3,7.4,0,0,175,175,148.0,165
dinner,2,7.94,0,0,175,153,160.2,158
breakfast,6,4.73,0,0,225,148,148.8,148
breakfast,3,2.92,0,1,150,106,129.2,121
breakfast,1,8.01,0,0,200,161,174.6,165
dinner,0,7.03,0,0,200,172,192.1,189
breakfast,0,8.89,0,1,225,187,210.4,210
lunch,1,8.6,0,1,175,152,154.2,169
breakfast,6,2.85,0,0,225,149,138.7,134
lunch,6,8.49,0,0,200,171,160.7,165
lunch,4,2.58,0,0,150,140,118.4,136
dinner,1,8.77,0,0,200,178,169.3,196
lunch,6,7.93,0,0,225,186,166.5,181
dinner,0,6.13,0,0,200,177,185.8,184
lunch,6,6.78,0,0,200,144,157.0,161
breakfast,2,1.94,0,0,200,154,134.1,150
breakfast,6,1.36,0,0,150,93,86.3,84
lunch,4,3.98,0,1,225,207,197.4,211
dinner,5,8.39,0,1,250,200,189.8,217
dinner,3,5.19,1,0,200,127,127.4,126
breakfast,5,3.01,0,0,175,99,101.6,103
breakfast,2,8.51,0,0,200,179,164.5,165
breakfast,5,3.06,0,0,250,156,155.7,154
dinner,6,8.34,0,0,200,146,154.8,155
dinner,4,5.08,0,0,175,139,139.2,149
dinner,0,5.17,0,0,200,171,175.0,177
lunch,0,3.45,0,0,200,175,170.7,189
lunch,2,9.1,0,0,150,131,137.3,140
lunch,5,1.8,1,0,250,98,100.4,110
breakfast,4,2.3,0,0,225,150,145.2,159
lunch,3,6.72,0,0,250,234,213.3,241
breakfast,6,8.65,0,0,200,144,133.9,125
breakfast,5,1.86,0,0,200,131,123.4,125
dinner,5,7.6,0,0,200,167,170.0,156
dinner,3,7.68,0,0,175,155,152.0,157
lunch,1,6.23,0,1,200,200,182.2,187
lunch,6,5.38,0,0,175,145,135.6,131
lunch,2,3.89,0,0,200,170,196.6,185
dinner,6,4.16,0,0,200,142,140.9,135
dinner,4,7.07,0,0,175,167,144.4,149
dinner,2,1.59,0,0,250,226,207.8,222
dinner,3,6.26,0,1,200,197,179.0,196
breakfast,4,3.51,0,0,175,120,113.0,123
lunch,0,5.2,0,0,175,151,154.7,157
lunch,0,6.03,0,0,175,160,163.5,161
lunch,6,8.97,0,0,250,214,187.0,205
dinner,4,6.21,0,0,175,150,160.2,156
breakfast,2,3.04,0,0,175,125,137.6,134
breakfast,2,1.72,0,0,175,134,129.9,133
lunch,0,6.64,0,0,200,200,194.2,191
dinner,0,5.91,0,0,200,184,173.6,184
breakfast,3,7.05,0,1,150,122,117.8,130
lunch,4,5.13,0,1,175,175,170.9,175
lunch,2,8.43,0,0,250,228,247.4,234
breakfast,3,9.28,0,1,200,163,180.8,169
lunch,2,1.36,0,0,175,141,144.3,164
dinner,0,7.7,0,0,200,173,178.4,197
lunch,4,1.32,0,0,175,157,139.6,155
dinner,1,5.01,0,0,250,238,212.7,230
breakfast,4,5.15,0,0,200,148,152.7,152
breakfast,5,7.27,1,0,175,63,60.5,69
dinner,1,4.17,0,0,200,198,170.1,175
lunch,6,8.39,0,0,175,128,125.4,139
lunch,6,4.09,0,0,200,161,152.9,148
dinner,3,4.08,0,0,225,212,213.2,198
breakfast,1,3.0,0,0,200,168,153.4,161
dinner,1,7.15,0,0,200,188,201.3,186
breakfast,3,1.69,0,0,175,131,135.2,128
breakfast,4,4.27,0,0,200,141,151.7,150
breakfast,3,3.4,0,1,175,144,128.8,136
dinner,5,3.06,0,0,200,157,142.4,144
breakfast,0,1.55,0,0,225,155,170.1,165
dinner,6,2.71,0,0,175,130,119.6,126
dinner,0,5.02,0,0,225,190,208.5,208
lunch,6,5.53,0,0,200,163,145.3,156
lunch,1,3.43,0,0,175,152,155.3,149
lunch,3,6.85,0,1,175,175,170.4,165
breakfast,3,4.02,0,0,200,167,138.2,153
lunch,3,4.31,0,1,225,221,221.0,210
lunch,5,8.04,0,0,200,178,168.7,164
dinner,5,5.97,0,0,225,163,169.7,169
dinner,4,9.58,0,0,200,195,176.1,177
dinner,2,4.23,0,0,150,132,143.3,131
dinner,6,8.45,0,0,200,150,161.7,156
lunch,2,7.65,0,0,200,189,190.8,186
lunch,2,9.01,0,0,200,175,200.0,194
dinner,6,9.61,0,0,175,151,132.5,143
lunch,4,1.07,0,0,175,154,135.9,150
dinner,3,1.79,1,0,225,126,116.2,126
lunch,2,7.07,0,0,225,218,209.6,210
lunch,3,4.51,0,0,250,232,245.7,227
dinner,1,8.37,0,0,200,179,202.5,189
dinner,2,1.11,0,0,150,126,125.3,132
breakfast,1,8.26,0,0,200,170,152.5,167
dinner,4,2.22,1,0,200,91,110.8,104
lunch,0,3.61,1,0,150,88,96.9,89
breakfast,5,9.72,0,0,200,127,128.9,144
dinner,6,1.46,0,0,175,118,130.0,134
lunch,4,4.14,1,0,175,112,96.0,103
lunch,4,1.76,0,0,200,167,148.2,167
breakfast,4,8.68,0,0,175,130,146.4,140
lunch,2,7.33,0,0,200,196,168.8,180
lunch,1,8.2,0,1,150,145,125.9,142
lunch,5,5.75,0,0,200,147,170.6,158
breakfast,2,4.22,0,0,225,188,161.5,175
dinner,0,1.02,0,0,200,173,170.5,176
lunch,6,3.5,0,0,225,168,180.6,164
dinner,6,5.63,0,0,225,161,181.6,176
lunch,5,6.98,0,0,225,190,167.4,187
lunch,6,3.06,0,0,225,165,165.1,172
lunch,6,2.25,0,0,150,102,97.0,110
lunch,4,2.81,0,0,200,155,152.7,169
lunch,3,4.19,0,0,250,220,242.8,227
lunch,0,2.34,1,0,175,106,100.2,103
lunch,1,2.41,0,0,200,196,166.5,183
breakfast,0,1.39,0,0,225,169,169.1,170
lunch,2,8.71,0,0,250,238,216.8,243
breakfast,6,2.98,0,0,225,128,146.3,133
breakfast,3,8.4,0,1,200,161,176.5,175
dinner,2,4.94,0,0,225,217,194.6,198
lunch,5,6.69,0,0,200,168,154.9,164
lunch,4,1.68,0,1,175,161,164.8,147
lunch,6,6.25,0,0,250,191,207.6,192
dinner,4,3.61,0,0,250,196,224.7,208
lunch,0,1.86,0,0,200,164,172.8,170
dinner,4,9.17,0,0,200,182,191.1,178
lunch,4,6.43,0,0,200,180,174.9,183
dinner,5,3.18,0,0,200,142,150.0,138
dinner,1,4.78,0,0,225,193,204.1,209
dinner,1,4.21,0,0,200,197,184.3,188
breakfast,2,7.31,0,0,225,196,179.7,193
breakfast,6,6.47,0,1,200,145,126.6,134
breakfast,2,1.18,0,1,250,194,178.5,198
breakfast,1,2.78,0,0,200,165,166.6,163
dinner,0,5.3,0,0,200,172,178.7,178
breakfast,1,5.01,0,1,250,210,229.7,217
breakfast,2,5.65,0,0,175,129,141.4,145
breakfast,3,7.43,0,0,250,206,181.4,208
breakfast,6,7.14,1,0,150,42,48.8,53
breakfast,4,4.36,0,0,200,143,150.9,145
dinner,5,8.9,0,0,150,107,111.7,120
lunch,3,1.57,0,0,175,153,134.9,153
breakfast,3,6.26,0,0,200,162,143.5,168
lunch,4,9.55,0,0,175,158,159.0,165
lunch,1,5.94,0,1,250,243,216.3,227
breakfast,6,5.1,0,0,225,128,126.2,141
dinner,0,2.21,0,0,225,182,202.7,208
dinner,3,8.29,0,0,250,231,251.4,236
dinner,0,4.36,0,0,200,181,193.6,178
dinner,5,7.31,0,0,175,137,147.3,129
breakfast,5,2.78,0,0,225,141,123.7,147
dinner,5,1.38,0,0,200,155,134.6,158
dinner,2,3.75,0,0,175,150,141.6,161
dinner,3,3.53,0,0,200,188,177.4,176
breakfast,5,8.86,0,0,200,140,145.9,136
dinner,2,8.78,0,0,200,187,188.9,190
dinner,5,5.81,1,0,175,73,78.8,82
dinner,1,1.17,0,0,200,190,187.0,180
breakfast,3,3.05,0,0,175,142,129.5,136
dinner,2,6.75,0,0,225,197,191.2,210
dinner,5,1.91,0,0,200,134,144.1,148
dinner,6,7.31,0,0,200,153,137.0,151
lunch,2,1.11,0,1,250,221,206.8,241
dinner,5,7.14,1,0,200,107,99.5,94
lunch,1,8.6,0,0,200,197,194.7,187
lunch,0,5.22,0,0,200,175,168.8,190
lunch,5,8.46,0,0,175,143,143.1,143
dinner,0,8.03,0,0,200,188,195.5,189
breakfast,3,7.04,0,0,150,127,126.8,119
lunch,1,5.01,0,0,175,158,161.8,169
dinner,6,3.45,1,0,225,107,87.7,92
dinner,3,8.75,0,0,200,197,168.9,192
lunch,6,6.84,0,0,150,113,124.1,112
dinner,0,8.18,0,1,225,204,190.7,224
dinner,1,5.97,0,0,225,218,220.2,207
breakfast,4,2.55,0,0,200,139,137.4,141
lunch,1,9.81,0,1,250,235,229.2,231
breakfast,1,2.64,0,1,225,180,184.0,183
breakfast,6,9.2,0,0,200,147,123.4,126
lunch,4,2.87,0,0,225,191,197.5,188
dinner,2,4.36,0,0,200,185,169.2,178
dinner,2,4.96,0,0,200,173,180.9,187
breakfast,2,9.29,0,0,250,196,185.0,216
breakfast,0,8.99,0,0,225,184,176.0,191
lunch,1,8.41,0,0,200,190,168.7,182
lunch,5,4.39,0,0,250,208,183.8,195
breakfast,4,1.04,0,1,225,159,151.2,170
dinner,5,7.13,0,0,150,104,106.4,113
dinner,0,4.7,0,0,225,212,213.1,197
lunch,4,7.81,0,0,250,229,217.3,228
dinner,5,8.15,0,0,200,175,168.3,167
lunch,6,4.96,0,0,175,142,141.8,138
dinner,0,7.73,0,0,200,191,184.5,181
lunch,0,8.56,0,0,175,175,164.9,168
breakfast,0,9.36,1,0,200,112,109.0,111
dinner,4,6.24,0,0,175,166,154.4,152
lunch,5,8.01,0,0,200,176,162.7,162
dinner,5,5.45,0,0,225,171,173.8,172
lunch,3,1.37,0,0,225,207,190.7,203
breakfast,0,2.4,0,1,175,148,149.9,141
breakfast,2,2.15,0,0,225,169,174.1,174
lunch,1,2.55,0,0,200,194,173.5,183
dinner,6,1.09,0,0,250,172,165.7,178
lunch,6,8.73,0,0,175,129,137.9,154
dinner,3,6.04,0,0,200,182,161.3,173
dinner,3,4.45,1,0,200,111,127.2,116
dinner,4,4.69,0,0,200,174,166.5,174
lunch,3,5.17,0,0,175,153,166.6,154
dinner,5,1.66,0,0,250,174,165.9,186
lunch,4,3.47,1,0,200,110,112.2,118
lunch,4,8.66,0,0,250,233,220.0,222
breakfast,6,7.69,0,0,200,129,139.7,138
breakfast,6,6.07,0,0,175,99,119.4,108
breakfast,2,5.33,0,0,150,129,119.6,127
lunch,0,3.33,0,0,200,170,161.5,182
breakfast,3,5.24,0,0,250,187,189.8,198
breakfast,0,6.38,0,0,225,171,159.9,175
dinner,0,7.41,1,0,225,132,140.7,138
breakfast,0,2.5,0,0,200,157,149.0,145
breakfast,4,8.32,0,0,150,127,111.8,115
breakfast,0,4.11,0,0,150,112,109.9,115
dinner,3,5.53,0,0,225,193,202.1,210
breakfast,4,6.47,0,0,175,124,120.8,129
lunch,3,5.39,0,0,150,144,122.2,136
lunch,4,6.15,0,0,225,208,208.5,203
dinner,1,2.0,0,1,150,150,146.2,145
lunch,1,4.89,0,0,225,204,212.1,211
dinner,1,3.52,0,1,175,164,173.6,172
breakfast,1,1.77,0,0,200,147,151.3,152
breakfast,4,2.72,0,0,175,134,109.3,120
breakfast,0,6.42,0,0,225,194,164.6,184
breakfast,2,2.77,0,0,200,153,147.7,141
breakfast,6,2.63,0,1,175,117,120.0,117
breakfast,5,5.98,0,1,150,96,98.1,108
lunch,2,9.14,0,0,250,240,210.2,239
lunch,1,8.1,0,0,225,224,205.0,214
lunch,0,9.15,0,0,200,200,169.7,197
dinner,3,6.25,0,0,200,184,180.2,185
lunch,0,4.69,0,1,200,195,169.3,194
breakfast,3,7.57,0,1,225,178,170.5,201
lunch,2,3.35,0,0,225,193,218.0,205
breakfast,0,1.7,0,0,150,109,113.5,118
breakfast,0,4.1,0,0,225,170,158.2,172
lunch,5,3.69,0,0,225,182,172.5,179
dinner,2,7.08,1,0,200,119,117.4,128
dinner,0,5.96,0,0,200,178,189.9,183
breakfast,3,2.24,0,0,225,181,175.2,172
dinner,6,9.18,0,0,225,186,176.7,175
dinner,0,6.34,0,1,175,170,159.7,161
lunch,3,5.12,0,0,200,187,173.6,182
dinner,1,9.43,0,0,250,245,210.1,236
lunch,0,1.88,0,0,225,212,198.4,200
breakfast,3,8.11,0,0,250,190,200.3,209
lunch,6,4.28,0,0,225,163,157.8,169
lunch,2,7.26,0,0,200,197,187.4,196
lunch,1,9.38,0,0,200,192,185.0,192
lunch,0,5.66,0,0,225,213,196.7,211
dinner,5,1.2,0,0,225,148,166.6,157
dinner,3,1.26,0,0,225,191,178.4,183
dinner,6,3.98,0,0,250,185,178.5,185
dinner,5,8.03,0,0,200,168,158.9,152
dinner,0,3.59,0,0,225,208,208.5,208
breakfast,3,4.01,0,1,200,170,157.1,168
breakfast,0,8.06,0,0,225,185,171.4,184
lunch,1,2.05,0,0,200,186,160.7,177
dinner,6,8.62,1,0,250,134,114.4,117
lunch,6,3.39,0,0,200,149,154.5,147
dinner,1,1.46,0,0,150,145,138.9,132
breakfast,0,2.06,0,1,200,169,160.0,151
breakfast,0,9.57,0,0,225,187,203.2,187
dinner,4,5.06,0,1,200,184,179.2,180
breakfast,0,3.31,0,1,225,189,179.6,189
lunch,6,5.69,0,0,150,115,121.4,117
breakfast,0,7.14,0,0,250,205,185.4,200
lunch,5,3.87,0,0,175,138,119.2,132
dinner,5,7.53,0,0,200,162,169.0,154
lunch,1,3.27,0,0,200,193,182.6,190
lunch,5,2.01,0,1,250,200,206.8,201
breakfast,0,5.95,0,1,225,185,192.1,191
dinner,2,2.36,0,0,200,189,177.2,172
lunch,0,9.46,0,0,175,175,165.6,161
lunch,6,1.0,0,0,200,150,147.6,147
dinner,4,7.8,0,0,200,183,160.7,183
breakfast,3,3.52,1,0,175,85,74.4,77
dinner,6,8.61,0,0,200,158,154.2,150
lunch,1,1.54,0,0,175,151,161.7,159
lunch,5,9.58,1,0,225,108,114.9,115
breakfast,2,1.91,0,0,225,166,176.0,174
dinner,6,8.09,0,0,200,142,140.2,152
dinner,3,5.66,0,0,200,187,187.9,185
breakfast,2,4.87,0,1,150,133,127.5,124
lunch,1,3.52,0,1,200,182,169.7,195
dinner,5,8.57,0,0,225,172,161.3,176
dinner,4,2.8,0,0,225,190,196.0,179
dinner,6,7.49,0,0,200,158,140.9,156
lunch,6,5.01,0,0,175,120,124.7,140
dinner,6,9.99,0,0,150,134,128.2,123
lunch,1,6.5,0,0,150,144,134.7,141
breakfast,2,1.94,0,1,175,142,138.1,142
lunch,2,4.78,0,0,175,169,143.6,154
dinner,1,1.6,0,0,175,154,154.0,157
breakfast,6,3.57,1,0,200,72,63.4,62
lunch,0,4.09,0,0,175,169,158.9,157
dinner,1,8.68,1,0,200,144,139.6,126
lunch,5,8.54,0,0,200,180,171.9,169
dinner,5,1.1,0,0,225,162,158.1,158
dinner,4,5.79,0,0,175,163,153.4,147
breakfast,1,3.01,0,0,150,114,109.4,127
dinner,3,3.88,0,0,150,139,125.6,133
dinner,5,1.19,0,0,250,193,181.8,176
dinner,5,7.75,0,0,200,168,161.9,165
lunch,5,9.56,0,0,200,180,150.7,168
dinner,0,2.97,0,0,250,233,230.7,227
breakfast,3,4.08,0,0,225,162,174.3,165
lunch,6,2.86,0,0,175,132,122.9,131
dinner,6,9.37,1,0,200,114,92.5,97
breakfast,1,1.08,0,0,225,179,171.1,170
breakfast,0,6.25,0,0,200,150,164.1,169
dinner,5,8.84,0,0,175,142,151.3,144
dinner,6,2.68,0,0,225,175,148.6,152
breakfast,3,6.31,0,0,200,173,155.9,161
dinner,6,1.46,0,0,225,168,170.3,152
dinner,3,8.33,0,0,200,177,198.6,184
lunch,0,3.47,0,1,200,200,185.4,187
dinner,6,9.9,0,0,225,172,179.3,182
lunch,5,9.3,0,0,225,174,201.0,189
breakfast,0,7.59,0,1,200,166,154.2,171
breakfast,2,5.47,0,0,150,110,128.0,118
lunch,5,7.9,0,0,200,171,176.4,172
lunch,0,2.18,0,0,150,125,143.2,134
dinner,1,3.79,0,1,200,181,203.9,181
dinner,6,1.24,0,0,200,151,131.7,134
lunch,5,6.81,0,1,200,157,152.6,167
dinner,4,8.25,0,0,175,153,147.1,168
breakfast,5,9.52,0,0,150,114,99.7,100
breakfast,2,7.18,0,0,175,149,135.0,137
dinner,0,7.59,0,0,200,195,191.0,189
breakfast,4,9.06,0,0,175,133,145.3,145
breakfast,2,9.43,0,0,200,181,155.3,166
dinner,1,5.42,0,1,200,190,184.2,187
lunch,5,1.99,1,0,225,114,97.5,109
dinner,6,5.2,0,1,175,125,144.6,140
breakfast,4,6.0,0,0,200,140,141.5,151
breakfast,6,6.68,0,0,200,140,115.9,134
breakfast,0,9.9,0,0,200,177,160.0,170
lunch,0,9.26,0,0,200,200,180.7,194
lunch,1,4.57,0,0,200,177,196.4,186
lunch,2,2.02,0,0,200,174,176.1,175
dinner,4,2.93,0,0,200,179,164.4,169
dinner,1,2.56,0,0,200,181,180.0,185
breakfast,2,4.2,0,1,250,204,205.4,206
lunch,3,8.89,0,0,225,202,216.5,210
lunch,3,4.94,0,0,175,159,169.7,169
dinner,2,6.11,0,0,200,170,194.2,187
dinner,0,2.61,0,0,175,140,150.8,155
breakfast,0,5.44,0,0,200,163,166.8,152
dinner,3,8.86,0,0,225,225,223.2,214
lunch,0,7.96,0,0,150,142,147.4,136
breakfast,6,1.73,0,0,175,99,91.5,107
breakfast,0,8.76,0,0,150,136,126.6,133
lunch,2,3.46,0,0,200,170,171.6,188
lunch,5,6.99,0,0,225,193,193.0,190
breakfast,2,2.32,0,1,200,168,150.8,157
dinner,0,7.07,0,0,200,179,197.9,191
breakfast,2,1.32,0,0,200,160,149.5,147
lunch,4,6.41,0,0,150,130,135.2,140
breakfast,3,6.81,0,0,175,126,148.1,141
breakfast,5,3.2,0,1,250,161,182.0,168
lunch,4,9.43,0,0,200,184,175.2,185
breakfast,4,1.41,0,0,200,147,124.8,141
lunch,0,9.03,0,0,225,208,218.3,210
breakfast,0,4.44,0,0,150,109,104.6,109
lunch,4,7.43,0,0,225,197,201.3,209
breakfast,4,6.86,1,0,200,101,87.3,90
dinner,1,2.51,0,0,175,171,150.4,164
dinner,1,3.87,1,0,150,102,85.3,97
breakfast,6,5.77,0,0,150,86,96.9,97
lunch,3,8.62,0,0,175,171,165.1,174
breakfast,4,9.59,0,1,200,176,180.9,167
lunch,2,1.19,0,0,175,152,146.5,158
breakfast,5,4.17,0,0,175,103,107.4,113
lunch,1,7.01,0,0,200,200,173.5,181
lunch,0,5.75,0,1,175,160,166.4,164
dinner,4,9.49,0,0,175,150,142.9,155
lunch,2,1.15,0,1,200,194,199.7,183
lunch,5,4.94,0,0,225,176,188.0,173
lunch,2,7.02,0,0,250,239,241.7,227
dinner,6,2.96,0,0,200,142,136.8,147
dinner,2,7.53,0,0,175,152,156.0,161
breakfast,0,1.73,1,0,200,86,80.8,89
dinner,1,5.06,0,0,250,241,215.6,235
lunch,2,7.09,0,1,225,217,202.5,212
dinner,5,3.4,0,0,225,170,162.9,172
dinner,1,1.66,0,0,225,191,194.6,202
breakfast,6,9.61,0,1,225,171,174.4,163
dinner,6,9.22,0,0,150,108,116.4,121
breakfast,3,9.34,0,0,200,179,177.9,170
breakfast,0,9.81,0,0,200,177,151.6,168
breakfast,1,2.66,0,0,150,123,107.9,120
dinner,6,2.42,0,0,250,171,171.4,183
breakfast,6,1.31,0,1,175,115,117.4,109
breakfast,1,9.03,0,0,150,130,115.8,131
dinner,2,7.77,0,0,175,175,156.9,163
breakfast,5,6.7,0,0,200,124,120.9,138
breakfast,2,9.35,0,0,200,161,173.8,163
breakfast,5,6.18,0,1,150,103,100.2,108
lunch,6,2.17,1,0,225,91,94.8,99
lunch,6,2.59,0,1,175,137,144.0,141
breakfast,0,2.19,0,1,200,172,147.1,161
dinner,1,3.77,0,0,200,180,195.7,182
dinner,4,4.42,1,0,250,147,132.3,132
breakfast,6,8.17,0,0,225,164,141.9,149
breakfast,5,2.72,0,0,175,95,99.2,105
lunch,5,7.53,1,0,200,91,101.2,109
lunch,2,5.42,0,1,250,247,255.0,240
breakfast,2,10.0,0,0,200,173,166.3,161
breakfast,6,7.99,0,0,150,104,96.1,108
dinner,6,9.72,0,0,225,186,159.6,184
breakfast,3,4.08,0,0,200,150,143.4,152
lunch,5,2.11,0,0,250,193,174.0,191
dinner,0,5.55,0,0,200,191,162.5,178
lunch,1,2.12,0,0,200,193,177.4,179
lunch,1,5.43,0,0,250,233,215.0,230
dinner,1,3.43,0,0,200,190,178.5,182
breakfast,5,5.42,0,0,200,145,127.2,136
dinner,2,9.55,0,0,225,221,196.9,215
lunch,0,3.6,0,0,200,196,189.2,183
dinner,1,9.94,0,0,175,175,176.9,167
dinner,5,3.06,0,0,200,159,135.1,159
dinner,4,2.87,0,0,200,156,149.3,172
dinner,6,5.9,0,0,250,192,180.3,186
lunch,3,8.58,0,0,150,135,142.3,136
lunch,3,7.75,1,0,225,152,146.9,146
lunch,1,7.51,0,0,150,143,142.7,140
dinner,2,3.54,0,0,200,190,177.1,183
dinner,3,1.2,0,1,200,176,172.3,177
breakfast,3,2.46,0,0,250,192,193.8,193
dinner,3,4.15,0,1,200,194,200.2,189
dinner,3,9.75,1,0,225,161,146.7,143
dinner,1,9.28,0,0,200,200,175.5,184
dinner,5,2.81,0,0,200,160,146.9,149
breakfast,0,7.53,0,0,200,165,169.1,161
breakfast,0,6.21,0,0,175,139,146.4,144
breakfast,2,1.45,0,1,150,126,121.8,118
breakfast,5,4.35,0,0,150,107,101.6,81
lunch,6,5.37,1,0,175,88,88.8,83
dinner,4,7.01,0,0,200,181,172.2,168
dinner,0,3.65,0,0,250,209,220.4,219
lunch,4,9.4,1,0,225,154,134.5,135
breakfast,0,5.07,0,0,150,106,119.4,117
breakfast,0,3.24,0,0,200,146,152.9,145
breakfast,2,3.85,1,0,200,91,87.0,89
lunch,3,7.77,0,0,200,176,193.6,196
lunch,2,6.76,0,0,200,199,197.8,191
breakfast,0,7.68,0,0,175,151,131.0,141
lunch,5,3.63,0,0,250,206,176.2,189
breakfast,3,3.94,0,0,200,141,154.2,148
lunch,5,4.57,0,0,225,172,159.0,185
lunch,5,2.7,1,0,200,78,95.9,90
lunch,5,7.22,0,0,175,132,143.2,132
lunch,3,3.96,0,1,200,181,168.4,185
dinner,5,3.94,0,0,250,191,195.4,194
breakfast,3,3.42,0,1,200,170,159.1,169
lunch,4,5.08,0,0,175,163,150.8,145
dinner,6,7.95,0,0,200,146,148.0,153
lunch,0,8.52,1,0,200,140,125.5,127
dinner,1,8.24,0,0,200,196,186.2,181
lunch,5,6.59,1,0,250,121,111.8,130
lunch,2,3.52,0,0,225,207,213.0,206
breakfast,4,7.61,1,0,200,107,97.5,93
lunch,2,1.35,0,0,200,172,181.8,175
breakfast,1,8.18,0,0,175,149,148.1,151
breakfast,3,8.02,0,0,200,177,153.1,165
lunch,1,7.03,0,0,200,185,192.2,191
lunch,2,1.88,0,0,150,122,120.5,134
breakfast,1,9.98,0,0,200,163,161.4,185
dinner,0,7.81,0,0,200,186,167.1,181
lunch,1,7.61,0,1,200,190,199.9,184
breakfast,5,1.58,0,0,225,149,143.3,141
lunch,0,4.59,0,0,150,136,133.9,143
dinner,5,1.78,0,0,175,112,122.9,142
lunch,6,4.25,0,0,175,141,141.7,129
lunch,6,6.13,0,1,200,155,168.5,170
breakfast,1,8.91,0,0,200,160,174.7,170
lunch,0,3.55,0,1,150,134,135.2,146
dinner,0,6.61,0,0,225,207,196.1,198
dinner,6,2.48,0,0,200,135,129.1,143
breakfast,1,4.19,0,0,225,173,161.0,179
lunch,4,9.53,0,0,175,174,173.0,158
dinner,3,7.73,0,0,200,190,197.4,188
breakfast,3,5.91,0,0,200,145,146.2,153
dinner,3,3.27,0,0,150,125,116.3,131
dinner,0,4.42,0,0,250,225,213.6,223
breakfast,6,2.41,0,0,225,129,143.4,131
dinner,3,4.18,0,0,175,141,145.9,156
lunch,6,2.36,0,0,200,132,154.8,149
dinner,0,8.16,0,0,175,175,172.1,162
lunch,6,1.73,0,1,225,169,187.1,171
lunch,4,2.7,0,0,150,132,124.4,126
lunch,1,7.22,0,0,250,227,252.3,239
dinner,6,9.12,0,0,225,171,184.1,182
breakfast,6,9.68,0,1,200,161,154.9,144
lunch,1,8.52,0,0,200,180,195.1,185
breakfast,0,2.9,0,0,175,119,129.3,131
lunch,0,3.57,0,0,200,174,193.6,182
lunch,6,8.84,0,0,175,147,147.7,131
lunch,4,9.0,0,0,200,198,186.5,184
lunch,3,6.77,0,0,200,175,183.6,182
breakfast,4,3.82,0,1,200,169,139.3,153
breakfast,1,3.02,0,0,200,163,163.8,155
breakfast,1,8.67,0,0,225,188,184.9,189
lunch,5,2.85,0,0,200,142,144.7,150
dinner,3,6.96,0,0,225,210,191.7,213
breakfast,6,9.71,0,1,225,156,163.1,163
dinner,1,7.35,0,0,175,173,173.6,175
dinner,5,3.32,0,0,225,175,157.6,165
lunch,0,3.54,0,1,200,198,202.2,184
lunch,1,1.84,0,0,200,193,174.6,187
dinner,2,7.18,0,0,150,147,150.3,135
breakfast,3,5.67,0,0,200,154,159.4,154
lunch,5,2.86,0,0,175,121,126.8,122
dinner,3,3.05,0,0,225,202,212.1,196
lunch,3,1.08,0,0,250,216,217.8,229
dinner,2,9.81,0,0,200,178,196.4,192
breakfast,4,8.45,0,0,200,158,151.4,155
dinner,0,4.55,0,0,200,171,162.7,177
lunch,3,9.51,1,0,150,98,108.4,94
lunch,1,7.09,0,0,175,153,156.8,175
lunch,0,7.76,0,0,250,250,252.1,227
lunch,1,7.12,0,0,200,191,201.7,194
dinner,0,7.81,0,1,200,175,170.8,190
lunch,6,2.54,0,1,200,167,142.7,159
dinner,0,6.06,0,0,225,202,207.5,215
lunch,5,8.64,0,0,175,148,128.6,139
breakfast,1,1.18,0,0,225,162,164.9,173
breakfast,1,2.11,0,0,200,164,152.8,148
breakfast,6,3.21,0,0,250,150,139.7,163
lunch,0,3.65,0,0,200,173,188.2,181
lunch,3,2.64,0,1,175,175,158.5,157
dinner,1,6.62,0,1,150,150,137.0,141
dinner,6,3.65,0,0,250,189,169.6,185
breakfast,2,2.42,0,0,175,127,139.6,141
breakfast,2,9.15,0,0,200,170,147.3,165
breakfast,0,7.26,0,0,200,163,143.7,159
lunch,4,3.21,0,0,200,172,184.5,176
breakfast,0,4.25,0,0,200,166,137.9,156
breakfast,6,7.67,1,0,200,70,65.6,72
dinner,0,8.12,0,0,150,150,150.0,143
dinner,3,2.59,0,0,225,201,195.6,185
breakfast,3,9.43,0,1,200,175,176.9,175
lunch,5,8.07,0,0,175,146,140.4,141
lunch,6,8.71,0,0,200,158,147.4,158
dinner,4,2.29,0,0,200,162,157.3,166
lunch,6,2.29,0,0,225,175,168.9,152
breakfast,6,3.75,0,0,175,115,104.5,101
dinner,4,1.58,0,0,200,151,167.2,163
lunch,6,1.82,0,0,200,140,128.7,148
breakfast,4,2.29,0,0,225,152,160.8,158
lunch,4,7.41,0,0,250,223,226.7,220
lunch,4,1.27,0,1,200,186,190.3,175
lunch,6,1.75,0,0,200,155,155.0,151
breakfast,6,9.5,0,0,225,141,153.0,158
lunch,0,1.75,0,0,200,168,177.2,175
breakfast,6,5.84,1,0,150,49,45.8,45
dinner,0,6.78,0,0,225,197,223.3,218
breakfast,5,9.63,0,0,200,151,144.0,154
breakfast,2,9.1,0,0,175,140,143.1,148
lunch,2,4.97,0,1,175,155,174.5,166
dinner,5,9.48,1,0,175,82,93.4,85
dinner,5,4.89,0,0,225,163,170.7,173
lunch,1,7.03,0,0,200,184,187.7,190
breakfast,0,3.34,0,0,150,121,122.5,111
dinner,4,6.73,0,0,225,210,205.9,194
dinner,1,5.84,0,0,200,198,180.6,184
breakfast,3,6.46,0,0,225,183,180.0,185
dinner,0,7.14,1,0,250,155,145.2,160
breakfast,6,2.56,0,0,175,117,112.0,111
dinner,5,3.71,0,0,200,163,152.9,149
dinner,2,7.63,0,0,225,210,226.2,212
dinner,0,2.47,0,0,200,180,164.2,174
dinner,5,4.1,0,0,200,140,142.4,144
dinner,0,7.0,0,0,250,242,243.8,235
breakfast,6,9.44,0,0,175,133,111.0,115
lunch,0,1.68,0,0,200,178,169.4,180
breakfast,6,5.65,0,0,250,170,168.0,151
lunch,0,1.74,0,1,175,154,161.3,168
dinner,3,4.41,0,0,200,166,167.3,180
lunch,2,2.58,0,0,250,215,216.4,220
lunch,0,6.84,0,0,150,149,145.2,143
lunch,5,7.82,0,0,200,171,149.5,164
dinner,3,3.23,0,0,200,185,187.7,185
breakfast,1,7.42,0,0,225,188,184.0,186
lunch,0,5.02,0,0,200,189,192.1,187
breakfast,6,3.55,0,0,200,112,124.5,116
dinner,3,5.71,0,0,200,176,183.9,182
breakfast,4,4.42,0,0,200,144,140.7,151
lunch,1,3.07,0,0,175,169,143.9,167
breakfast,2,7.81,0,0,200,163,168.6,165
breakfast,0,8.18,0,0,250,192,221.6,208
dinner,0,8.2,0,0,200,177,185.4,191
breakfast,3,4.44,0,0,225,164,185.2,175
lunch,2,2.53,0,0,175,169,155.0,158
breakfast,4,8.56,0,0,200,150,142.5,147
lunch,1,3.96,0,0,225,195,194.9,214
lunch,5,7.73,0,0,175,141,150.6,143
breakfast,2,8.36,0,0,200,174,166.7,165
breakfast,0,7.91,0,0,150,113,118.4,116
lunch,3,4.51,0,1,250,235,246.5,241
dinner,4,9.44,0,0,200,188,183.5,192
dinner,3,6.94,1,0,150,96,98.1,99
lunch,1,6.18,0,0,200,180,204.1,187
lunch,6,7.28,0,0,225,183,180.8,170
breakfast,6,1.4,0,1,225,152,153.6,136
breakfast,2,4.51,0,1,175,158,141.2,145
breakfast,3,8.93,0,0,200,169,172.9,167
breakfast,5,2.45,0,1,225,140,159.2,155
breakfast,5,4.73,0,0,225,140,128.9,146
lunch,6,4.65,0,0,150,127,120.0,110
lunch,6,4.2,0,1,175,154,135.6,141
dinner,3,6.06,0,0,225,219,196.7,202
breakfast,0,9.97,0,0,175,161,153.4,150
lunch,3,3.3,0,0,200,185,166.3,184
dinner,4,7.34,0,0,200,172,156.9,175
lunch,2,7.82,0,0,250,238,221.4,238
breakfast,1,6.26,0,0,200,169,166.6,164
breakfast,5,1.88,0,1,200,125,141.3,130
breakfast,3,6.15,0,0,200,156,151.5,155
breakfast,4,9.58,0,0,175,150,144.5,142
dinner,6,4.08,0,1,200,167,144.5,162
breakfast,5,6.76,1,0,200,64,77.7,76
breakfast,5,9.63,0,0,150,117,108.5,107
dinner,1,8.18,0,0,150,130,137.7,143
dinner,5,7.19,0,0,175,130,147.2,134
lunch,4,9.74,0,0,200,200,166.0,194
dinner,5,2.54,0,0,250,179,191.9,185
lunch,5,7.95,0,0,250,197,182.7,205
breakfast,3,4.66,0,0,200,144,163.2,159
lunch,3,4.24,0,0,225,192,186.7,204
lunch,6,5.69,0,0,250,193,172.2,194
dinner,2,1.3,0,0,225,182,182.7,189
breakfast,0,3.81,0,0,200,154,141.9,151
lunch,4,2.5,0,0,225,182,193.0,190
breakfast,0,2.25,0,0,150,103,110.1,119
lunch,0,4.04,0,0,200,171,165.8,177
breakfast,5,8.22,0,0,200,140,145.7,131
breakfast,6,2.81,0,0,200,106,114.4,116
dinner,1,5.78,0,0,200,186,175.1,190
lunch,1,7.74,0,0,150,146,144.8,141
lunch,5,3.17,0,0,225,179,164.9,168
breakfast,6,9.32,0,0,175,133,108.2,122
breakfast,4,8.8,0,1,150,111,124.6,120
lunch,0,3.26,0,1,200,187,168.4,190
dinner,2,9.91,0,0,150,150,142.8,135
dinner,6,7.02,0,0,250,202,203.3,200
lunch,0,3.57,0,0,175,157,148.3,165
lunch,1,7.13,0,0,175,159,174.4,166
dinner,0,7.0,0,0,175,163,151.4,171
lunch,3,6.46,0,1,175,172,152.8,163
lunch,3,7.41,1,0,150,90,99.2,91
breakfast,2,3.41,0,0,200,155,137.5,162
dinner,4,9.81,0,0,150,143,121.7,132
lunch,0,8.72,0,0,225,200,206.9,213
dinner,3,7.71,0,0,225,215,185.3,221
dinner,4,1.24,0,0,200,151,158.7,158
breakfast,6,6.31,0,0,250,157,162.6,161
dinner,6,7.36,0,0,225,164,162.0,180
dinner,3,8.69,0,0,175,163,174.9,168
lunch,4,9.52,0,0,250,234,214.4,227
breakfast,4,9.24,0,0,225,191,164.2,182
breakfast,3,4.65,0,0,225,163,184.9,172
lunch,5,9.07,0,0,200,164,169.9,171
lunch,1,1.01,0,0,200,191,177.4,173
lunch,4,4.16,0,1,250,235,216.6,239
breakfast,6,2.02,0,0,200,117,122.0,116
dinner,5,8.95,0,0,175,144,142.7,146
breakfast,0,9.35,0,0,175,141,139.4,142
breakfast,5,3.3,0,0,200,125,130.6,116
lunch,3,4.31,1,0,200,135,126.7,120
lunch,5,9.85,0,0,150,141,135.7,131
breakfast,1,6.09,0,1,150,137,140.3,135
breakfast,3,5.47,0,0,150,130,103.2,114
breakfast,2,5.5,1,0,200,99,93.5,107
dinner,0,7.27,0,0,200,188,171.8,182
dinner,6,9.59,0,0,150,111,110.7,118
lunch,2,4.3,0,1,200,185,200.1,192
dinner,5,2.55,0,0,175,127,138.7,123
dinner,4,2.67,0,0,200,162,177.3,151
breakfast,5,1.18,0,0,200,113,122.3,124
dinner,6,6.0,0,0,225,162,169.5,172
dinner,6,9.36,0,0,225,178,181.4,180
breakfast,4,7.42,0,0,175,134,140.9,129
breakfast,2,9.94,0,0,175,160,130.4,148
breakfast,2,9.19,0,0,225,183,182.5,186
breakfast,4,5.43,0,0,200,161,146.2,145
dinner,1,5.38,0,0,200,175,198.0,191
lunch,0,6.66,0,0,150,145,129.8,137
dinner,3,2.0,0,0,200,163,177.0,172
dinner,2,6.47,0,0,175,168,172.5,162
lunch,0,5.18,0,0,150,147,143.6,135
dinner,3,6.78,0,0,200,198,162.3,182
breakfast,5,6.09,1,0,200,64,72.9,75
breakfast,3,3.79,0,1,175,136,130.9,148
lunch,2,6.47,0,0,200,200,189.2,189
breakfast,1,4.29,0,1,175,155,148.1,151
breakfast,1,2.75,0,0,150,124,125.4,114
dinner,0,7.08,0,0,175,150,149.6,160
dinner,5,3.76,1,0,200,89,81.0,87
breakfast,0,9.0,0,0,200,171,167.4,169
dinner,4,2.79,1,0,225,127,113.9,116
dinner,1,6.4,0,0,150,148,146.3,139
breakfast,0,6.14,0,1,250,200,229.8,211
breakfast,4,2.78,0,0,200,141,136.4,135
dinner,5,4.96,0,0,175,128,122.0,130
lunch,6,7.08,0,1,200,159,166.5,169
breakfast,3,3.87,0,0,150,117,108.2,111
lunch,0,2.02,0,1,175,159,171.4,175
dinner,4,6.54,1,0,225,143,128.3,135
breakfast,1,3.02,0,0,175,135,145.4,142
breakfast,3,7.13,0,0,150,112,125.7,114
breakfast,0,8.56,0,0,200,179,176.4,163
dinner,1,2.11,0,0,200,186,168.2,177
breakfast,6,4.94,0,0,200,129,132.6,124
lunch,3,5.0,1,0,175,93,113.8,117
dinner,2,6.69,0,0,150,129,139.8,131
breakfast,1,4.01,0,0,225,178,190.1,178
dinner,2,4.77,0,0,200,170,161.2,178
dinner,5,1.11,0,0,175,124,130.7,126
dinner,0,2.1,0,1,175,154,146.4,161
breakfast,6,6.13,0,0,175,122,106.2,109
lunch,4,2.94,0,0,200,161,175.4,171
dinner,0,2.3,0,0,225,182,181.6,197
dinner,1,3.92,0,0,200,186,169.5,178
breakfast,2,2.47,1,0,200,90,83.9,102
dinner,2,1.54,0,0,200,159,168.0,172
lunch,3,3.55,0,0,225,206,181.9,212
breakfast,0,2.48,0,0,200,152,159.7,155
lunch,0,8.19,0,0,200,185,194.9,190
dinner,1,1.56,0,0,200,179,173.9,175
lunch,2,7.73,0,0,200,198,170.4,191
lunch,1,4.45,0,0,200,186,170.1,178
dinner,1,7.08,0,0,200,193,170.9,182
lunch,5,1.47,0,0,200,142,131.6,145
lunch,2,9.29,0,0,200,185,192.5,183
lunch,1,7.91,0,0,200,185,186.6,190
lunch,2,2.26,0,0,200,167,171.2,179
dinner,1,2.97,0,0,225,205,192.7,212
dinner,4,6.8,0,0,175,150,149.7,156
lunch,1,9.29,0,0,225,220,207.7,214
dinner,1,5.01,0,0,225,202,189.7,210
breakfast,6,5.37,0,0,175,100,109.5,112
breakfast,4,3.14,0,0,150,92,95.2,105
lunch,0,4.45,0,0,150,147,147.3,137
breakfast,2,3.57,0,0,225,166,177.0,169
breakfast,6,4.16,0,0,225,130,122.6,130
lunch,3,1.19,0,0,200,159,163.2,172
breakfast,4,1.37,0,0,150,108,112.0,105
breakfast,6,7.13,0,1,225,159,140.6,163
lunch,0,7.14,0,0,175,153,151.0,164
lunch,1,3.97,0,0,250,241,228.2,229
dinner,5,8.97,0,0,200,148,155.0,163
lunch,0,3.4,0,0,225,212,219.7,200
lunch,4,4.56,0,0,200,171,171.9,167
dinner,5,7.58,0,0,150,130,128.2,114
dinner,1,7.69,0,0,150,146,135.7,143
breakfast,0,8.75,0,0,250,212,194.4,209
breakfast,3,1.26,0,0,200,159,137.8,150
dinner,2,2.65,0,0,175,150,155.1,155
lunch,2,6.77,0,0,225,214,213.2,219
dinner,4,4.04,1,0,225,128,121.9,131
dinner,6,1.39,0,0,175,115,112.9,126
lunch,1,6.28,0,0,200,198,177.2,187
dinner,1,4.54,1,0,175,123,102.2,111
lunch,2,4.28,0,0,225,214,218.0,205
breakfast,0,3.38,0,0,150,122,120.0,116
dinner,1,1.05,0,0,200,184,162.1,176
breakfast,3,2.64,0,0,200,158,136.4,150
dinner,3,5.27,0,0,200,179,162.1,181
dinner,1,3.48,0,0,175,160,142.1,168
dinner,1,8.87,0,1,200,176,204.6,193
lunch,2,2.29,0,0,200,173,186.6,180
lunch,4,8.88,0,0,225,216,183.7,208
lunch,2,4.64,0,0,200,170,163.0,192
lunch,4,3.48,0,0,175,159,152.7,146
lunch,3,3.74,0,0,175,167,148.9,161
dinner,4,3.97,0,0,250,208,189.9,224
dinner,2,5.56,1,0,250,150,149.8,156
breakfast,1,4.18,0,0,175,139,123.7,137
lunch,4,6.82,0,0,225,196,194.9,197
dinner,2,4.83,0,0,175,144,146.5,157
lunch,3,7.04,0,0,225,224,197.8,217
lunch,5,6.44,0,1,150,134,120.0,132
dinner,4,3.2,0,0,200,166,157.2,166
lunch,3,8.31,0,0,200,194,168.0,194
lunch,3,8.19,0,0,225,207,211.7,218
dinner,0,9.9,0,0,225,220,210.8,213
breakfast,5,2.58,0,0,175,94,109.1,105
dinner,4,8.63,0,0,250,222,205.2,236
breakfast,2,8.85,0,1,200,171,191.0,170
breakfast,4,6.78,0,0,200,153,137.9,153
dinner,4,5.56,0,0,225,195,203.3,193
breakfast,5,9.62,0,0,200,140,130.3,144
dinner,6,9.75,1,0,200,110,97.7,103
dinner,3,6.78,0,0,250,226,217.3,226
dinner,3,4.24,0,1,150,150,132.8,137
dinner,3,8.35,1,0,225,137,140.7,144
breakfast,3,1.8,0,0,225,162,154.0,171
dinner,5,3.62,0,0,175,140,129.6,128
breakfast,2,9.87,0,1,225,207,187.9,200
lunch,1,8.33,0,1,200,186,204.2,192
dinner,0,9.46,0,0,200,193,176.3,197
lunch,6,6.35,0,0,200,163,162.2,158
lunch,6,4.67,0,0,175,144,130.5,124
lunch,3,9.82,0,1,225,214,189.1,206
lunch,3,3.78,0,0,200,181,164.8,176
dinner,0,7.82,1,0,200,142,136.4,122
breakfast,3,6.02,0,0,225,172,185.8,185
lunch,1,3.06,0,0,200,193,168.1,186
dinner,6,1.16,0,0,200,134,124.6,145
lunch,4,4.45,0,0,225,200,178.5,195
breakfast,0,5.93,0,0,200,146,159.5,159
lunch,6,2.65,0,1,225,189,179.2,175
lunch,2,4.73,1,0,200,129,119.5,124
breakfast,6,6.54,0,1,175,136,114.2,121
dinner,0,7.43,0,0,150,125,129.0,142
lunch,1,1.47,0,0,225,204,197.4,203
dinner,5,6.98,0,0,175,132,122.1,139
dinner,2,1.51,0,1,225,205,181.6,208
dinner,4,1.25,0,0,175,152,147.6,142
breakfast,3,2.37,0,0,200,162,146.9,159
lunch,0,6.88,0,0,150,150,147.1,139
breakfast,2,1.48,1,0,225,99,90.3,98
dinner,0,1.19,0,0,225,184,202.4,189
breakfast,4,2.06,0,0,250,177,187.4,177
breakfast,0,9.55,0,0,200,165,165.8,172
lunch,6,9.17,0,0,175,128,128.9,143
breakfast,6,1.78,0,0,225,135,120.3,144
breakfast,2,3.74,0,0,200,161,141.5,152
lunch,1,9.53,0,0,225,199,195.3,206
breakfast,5,1.88,0,0,250,140,163.6,152
breakfast,2,1.85,0,0,175,143,136.2,123
lunch,0,1.77,0,0,150,128,125.5,135
dinner,4,9.79,0,0,225,215,214.9,199
lunch,6,7.69,0,0,225,165,186.2,178
lunch,3,2.93,0,0,200,188,170.2,175
lunch,3,1.41,0,0,225,187,174.5,196
lunch,4,9.69,0,0,250,234,206.3,229
dinner,0,4.83,0,0,200,180,171.1,177
breakfast,5,6.39,0,0,200,126,118.2,134
dinner,4,3.51,0,0,200,164,151.9,171
dinner,0,7.83,0,0,175,159,153.6,158
dinner,2,2.77,0,0,200,187,161.2,182
breakfast,5,8.08,0,1,200,155,133.6,145
breakfast,1,3.08,0,0,200,148,146.4,157
dinner,0,1.88,0,0,175,146,156.2,153
breakfast,3,5.31,0,0,250,186,188.9,193
dinner,3,8.32,0,0,225,201,213.7,218
dinner,6,4.46,1,0,150,63,70.3,65
dinner,5,1.26,1,0,200,80,74.8,79
breakfast,1,5.98,0,0,250,219,219.4,214
dinner,0,7.12,0,0,200,195,175.0,197
dinner,1,7.67,0,0,200,199,178.1,186
dinner,6,4.62,0,0,175,122,130.8,134
breakfast,2,1.87,0,0,200,159,142.8,160
breakfast,1,6.26,1,0,225,107,105.7,119
lunch,2,3.97,0,1,200,177,194.2,192
breakfast,3,9.52,0,0,225,175,171.4,193
lunch,2,5.52,0,0,150,128,149.2,147
dinner,0,5.25,0,0,200,191,196.1,185
lunch,5,3.78,1,0,175,76,76.0,76
dinner,5,4.05,0,1,225,166,186.6,175
breakfast,0,5.61,0,0,250,213,214.6,198
breakfast,0,3.76,0,1,200,164,176.7,172
breakfast,0,9.03,0,0,175,143,145.0,140
breakfast,4,4.95,0,1,200,146,148.0,156
dinner,6,3.63,0,1,200,158,137.6,161
breakfast,2,2.4,0,0,225,159,180.1,166
lunch,0,7.05,1,0,200,125,115.3,127
lunch,5,1.23,0,0,200,153,147.3,140
dinner,1,5.05,0,0,200,173,170.6,182
breakfast,1,5.95,0,0,200,152,152.3,159
breakfast,4,4.06,0,0,225,154,144.2,162
breakfast,2,7.75,0,0,250,215,181.9,200
lunch,2,7.08,0,0,225,225,202.4,219
breakfast,6,9.74,0,1,200,135,155.2,142
dinner,2,5.58,0,0,200,170,181.7,181
lunch,5,5.84,0,0,225,174,177.8,176
lunch,5,3.21,0,1,200,167,163.7,161
lunch,6,4.47,0,0,225,166,168.8,185
breakfast,4,1.24,0,0,200,140,129.8,134
lunch,2,7.2,0,1,175,151,175.3,169
dinner,2,3.8,0,0,225,206,196.0,195
dinner,0,5.86,0,0,200,177,189.6,190
dinner,2,3.29,0,0,150,142,141.3,134
dinner,5,6.59,0,1,200,168,147.1,168
breakfast,0,5.03,0,0,200,154,154.1,161
breakfast,0,5.34,0,0,200,143,158.1,165
breakfast,2,9.48,1,0,200,116,105.9,116
breakfast,1,7.36,1,0,175,101,99.7,101
breakfast,3,3.36,0,0,150,105,121.8,109
lunch,5,5.54,0,0,225,177,162.3,183
dinner,1,5.2,0,1,250,230,222.9,236
dinner,2,8.16,0,0,250,232,220.1,243
dinner,2,8.5,0,0,200,195,186.1,180
dinner,1,3.55,0,1,200,182,181.7,191
breakfast,2,8.39,0,0,250,198,197.0,200
breakfast,5,2.62,0,0,200,122,122.4,127
lunch,6,7.86,1,0,175,74,86.1,85
breakfast,0,3.24,0,0,200,139,148.9,148
breakfast,4,3.68,0,0,200,157,130.0,135
lunch,2,8.67,0,0,225,217,210.4,210
breakfast,2,4.78,0,0,225,178,157.8,178
lunch,1,9.92,0,0,250,231,237.8,239
lunch,0,2.37,0,1,175,170,165.8,164
lunch,1,5.17,0,0,200,179,177.1,188
dinner,6,7.59,0,0,225,160,158.7,178
lunch,5,1.05,0,0,200,137,153.9,161
breakfast,1,2.37,0,0,200,143,160.3,157
breakfast,2,1.18,0,0,225,163,178.6,162
lunch,0,9.94,0,0,200,188,184.2,183
dinner,5,7.85,0,1,200,180,160.3,169
dinner,2,4.36,0,0,175,152,147.7,160
lunch,5,2.41,0,0,225,175,155.7,166
breakfast,2,1.81,0,0,225,157,160.5,165
lunch,2,5.79,0,0,225,220,191.1,206
lunch,2,9.78,0,0,200,183,200.3,185
lunch,4,7.07,0,0,200,167,170.9,183
lunch,3,4.29,0,1,175,153,164.2,164
lunch,0,5.51,0,0,200,174,167.1,190
lunch,6,9.99,0,1,200,166,163.8,173
dinner,4,5.67,0,0,150,115,120.2,122
breakfast,3,9.68,0,0,175,143,154.4,157
dinner,5,1.15,1,0,225,83,87.0,93
breakfast,3,7.49,0,0,250,211,209.9,206
breakfast,3,6.64,0,0,200,155,148.9,158
dinner,4,7.17,1,0,175,94,94.1,110
dinner,0,6.14,0,0,250,233,202.8,236
breakfast,1,1.4,0,0,250,199,179.2,200
lunch,3,2.35,0,0,200,167,158.2,178
breakfast,1,9.3,0,0,200,166,163.8,169
lunch,1,3.1,0,0,175,159,144.3,159
dinner,2,9.94,0,0,250,250,211.6,241
dinner,1,7.12,0,0,250,248,225.4,230
lunch,5,5.0,0,0,225,164,171.6,175
lunch,5,9.28,0,1,250,234,210.1,219
lunch,2,8.15,0,0,175,159,146.9,161
breakfast,0,4.86,0,1,175,140,133.7,145
dinner,6,1.62,1,0,175,68,75.8,79
dinner,0,8.81,0,0,175,166,165.1,168
lunch,5,7.89,0,0,225,192,194.4,186
breakfast,6,8.12,1,0,250,83,81.0,87
breakfast,2,7.7,0,0,175,153,126.1,150
breakfast,0,3.48,0,0,200,149,159.6,145
dinner,6,8.73,0,0,200,144,151.2,158
lunch,6,1.02,0,0,175,139,120.2,127
breakfast,3,3.14,1,0,225,105,94.6,99
lunch,0,1.42,0,0,200,190,161.4,182
dinner,2,2.0,0,0,200,181,182.0,176
breakfast,6,5.79,0,0,175,97,99.0,110
dinner,5,1.34,0,0,200,135,142.1,146
dinner,3,2.63,0,0,225,196,186.6,194
dinner,1,3.09,0,0,200,181,169.3,188
lunch,1,6.9,0,0,175,157,171.3,168
breakfast,1,5.22,0,0,200,157,171.0,165
